Command: vcs -full64 -sverilog -R -debug_access+all -ntb_opts uvm-1.2 axi4_lite_top.sv \
-l debug.log -kdb -cm line+tgl+assert+cond+fsm+branch
                         Chronologic VCS (TM)
         Version W-2024.09_Full64 -- Thu Jun  4 15:15:09 2026

                    Copyright (c) 1991 - 2024 Synopsys, Inc.
   This software and the associated documentation are proprietary to Synopsys,
 Inc. This software may only be used in accordance with the terms and conditions
 of a written license agreement with Synopsys, Inc. All other use, reproduction,
   or distribution of this software is strictly prohibited.  Licensed Products
     communicate with Synopsys servers for the purpose of providing software
    updates, detecting software piracy and verifying that customers are using
    Licensed Products in conformity with the applicable License Key for such
  Licensed Products. Synopsys will use information gathered in connection with
    this process to deliver software updates and pursue software pirates and
                                   infringers.

 Inclusivity & Diversity - Visit SolvNetPlus to read the "Synopsys Statement on
            Inclusivity and Diversity" (Refer to article 000036315 at
                        https://solvnetplus.synopsys.com)

Parsing design file '/app/synopsys/installers/vcs/W-2024.09//etc/uvm-1.2/uvm_pkg.sv'
Parsing included file '/app/synopsys/installers/vcs/W-2024.09//etc/uvm-1.2/uvm_macros.svh'.
Parsing included file '/app/synopsys/installers/vcs/W-2024.09//etc/uvm-1.2/macros/uvm_version_defines.svh'.
Back to file '/app/synopsys/installers/vcs/W-2024.09//etc/uvm-1.2/uvm_macros.svh'.
Parsing included file '/app/synopsys/installers/vcs/W-2024.09//etc/uvm-1.2/macros/uvm_global_defines.svh'.
Back to file '/app/synopsys/installers/vcs/W-2024.09//etc/uvm-1.2/uvm_macros.svh'.
Parsing included file '/app/synopsys/installers/vcs/W-2024.09//etc/uvm-1.2/macros/snps_macros.svp'.
Back to file '/app/synopsys/installers/vcs/W-2024.09//etc/uvm-1.2/uvm_macros.svh'.
Parsing included file '/app/synopsys/installers/vcs/W-2024.09//etc/uvm-1.2/macros/uvm_message_defines.svh'.
Back to file '/app/synopsys/installers/vcs/W-2024.09//etc/uvm-1.2/uvm_macros.svh'.
Parsing included file '/app/synopsys/installers/vcs/W-2024.09//etc/uvm-1.2/macros/uvm_phase_defines.svh'.
Back to file '/app/synopsys/installers/vcs/W-2024.09//etc/uvm-1.2/uvm_macros.svh'.
Parsing included file '/app/synopsys/installers/vcs/W-2024.09//etc/uvm-1.2/macros/uvm_object_defines.svh'.
Back to file '/app/synopsys/installers/vcs/W-2024.09//etc/uvm-1.2/uvm_macros.svh'.
Parsing included file '/app/synopsys/installers/vcs/W-2024.09//etc/uvm-1.2/macros/uvm_printer_defines.svh'.
Back to file '/app/synopsys/installers/vcs/W-2024.09//etc/uvm-1.2/uvm_macros.svh'.
Parsing included file '/app/synopsys/installers/vcs/W-2024.09//etc/uvm-1.2/macros/uvm_tlm_defines.svh'.
Parsing included file '/app/synopsys/installers/vcs/W-2024.09//etc/uvm-1.2/tlm1/uvm_tlm_imps.svh'.
Back to file '/app/synopsys/installers/vcs/W-2024.09//etc/uvm-1.2/macros/uvm_tlm_defines.svh'.
Back to file '/app/synopsys/installers/vcs/W-2024.09//etc/uvm-1.2/uvm_macros.svh'.
Parsing included file '/app/synopsys/installers/vcs/W-2024.09//etc/uvm-1.2/macros/uvm_sequence_defines.svh'.
Back to file '/app/synopsys/installers/vcs/W-2024.09//etc/uvm-1.2/uvm_macros.svh'.
Parsing included file '/app/synopsys/installers/vcs/W-2024.09//etc/uvm-1.2/macros/uvm_callback_defines.svh'.
Back to file '/app/synopsys/installers/vcs/W-2024.09//etc/uvm-1.2/uvm_macros.svh'.
Parsing included file '/app/synopsys/installers/vcs/W-2024.09//etc/uvm-1.2/macros/uvm_reg_defines.svh'.
Back to file '/app/synopsys/installers/vcs/W-2024.09//etc/uvm-1.2/uvm_macros.svh'.
Parsing included file '/app/synopsys/installers/vcs/W-2024.09//etc/uvm-1.2/macros/uvm_deprecated_defines.svh'.
Back to file '/app/synopsys/installers/vcs/W-2024.09//etc/uvm-1.2/uvm_macros.svh'.
Back to file '/app/synopsys/installers/vcs/W-2024.09//etc/uvm-1.2/uvm_pkg.sv'.
Parsing included file '/app/synopsys/installers/vcs/W-2024.09//etc/uvm-1.2/dpi/uvm_dpi.svh'.
Parsing included file '/app/synopsys/installers/vcs/W-2024.09//etc/uvm-1.2/dpi/uvm_hdl.svh'.
Back to file '/app/synopsys/installers/vcs/W-2024.09//etc/uvm-1.2/dpi/uvm_dpi.svh'.
Parsing included file '/app/synopsys/installers/vcs/W-2024.09//etc/uvm-1.2/dpi/uvm_svcmd_dpi.svh'.
Back to file '/app/synopsys/installers/vcs/W-2024.09//etc/uvm-1.2/dpi/uvm_dpi.svh'.
Parsing included file '/app/synopsys/installers/vcs/W-2024.09//etc/uvm-1.2/dpi/uvm_regex.svh'.
Back to file '/app/synopsys/installers/vcs/W-2024.09//etc/uvm-1.2/dpi/uvm_dpi.svh'.
Back to file '/app/synopsys/installers/vcs/W-2024.09//etc/uvm-1.2/uvm_pkg.sv'.
Parsing included file '/app/synopsys/installers/vcs/W-2024.09//etc/uvm-1.2/base/uvm_base.svh'.
Parsing included file '/app/synopsys/installers/vcs/W-2024.09//etc/uvm-1.2/base/uvm_coreservice.svh'.
Back to file '/app/synopsys/installers/vcs/W-2024.09//etc/uvm-1.2/base/uvm_base.svh'.
Parsing included file '/app/synopsys/installers/vcs/W-2024.09//etc/uvm-1.2/base/uvm_version.svh'.
Back to file '/app/synopsys/installers/vcs/W-2024.09//etc/uvm-1.2/base/uvm_base.svh'.
Parsing included file '/app/synopsys/installers/vcs/W-2024.09//etc/uvm-1.2/base/uvm_object_globals.svh'.
Back to file '/app/synopsys/installers/vcs/W-2024.09//etc/uvm-1.2/base/uvm_base.svh'.
Parsing included file '/app/synopsys/installers/vcs/W-2024.09//etc/uvm-1.2/base/uvm_misc.svh'.
Back to file '/app/synopsys/installers/vcs/W-2024.09//etc/uvm-1.2/base/uvm_base.svh'.
Parsing included file '/app/synopsys/installers/vcs/W-2024.09//etc/uvm-1.2/base/uvm_object.svh'.
Back to file '/app/synopsys/installers/vcs/W-2024.09//etc/uvm-1.2/base/uvm_base.svh'.
Parsing included file '/app/synopsys/installers/vcs/W-2024.09//etc/uvm-1.2/base/uvm_pool.svh'.
Back to file '/app/synopsys/installers/vcs/W-2024.09//etc/uvm-1.2/base/uvm_base.svh'.
Parsing included file '/app/synopsys/installers/vcs/W-2024.09//etc/uvm-1.2/base/uvm_queue.svh'.
Back to file '/app/synopsys/installers/vcs/W-2024.09//etc/uvm-1.2/base/uvm_base.svh'.
Parsing included file '/app/synopsys/installers/vcs/W-2024.09//etc/uvm-1.2/base/uvm_factory.svh'.
Back to file '/app/synopsys/installers/vcs/W-2024.09//etc/uvm-1.2/base/uvm_base.svh'.
Parsing included file '/app/synopsys/installers/vcs/W-2024.09//etc/uvm-1.2/base/uvm_registry.svh'.
Back to file '/app/synopsys/installers/vcs/W-2024.09//etc/uvm-1.2/base/uvm_base.svh'.
Parsing included file '/app/synopsys/installers/vcs/W-2024.09//etc/uvm-1.2/base/uvm_spell_chkr.svh'.
Back to file '/app/synopsys/installers/vcs/W-2024.09//etc/uvm-1.2/base/uvm_base.svh'.
Parsing included file '/app/synopsys/installers/vcs/W-2024.09//etc/uvm-1.2/base/uvm_resource.svh'.
Back to file '/app/synopsys/installers/vcs/W-2024.09//etc/uvm-1.2/base/uvm_base.svh'.
Parsing included file '/app/synopsys/installers/vcs/W-2024.09//etc/uvm-1.2/base/uvm_resource_specializations.svh'.
Back to file '/app/synopsys/installers/vcs/W-2024.09//etc/uvm-1.2/base/uvm_base.svh'.
Parsing included file '/app/synopsys/installers/vcs/W-2024.09//etc/uvm-1.2/base/uvm_resource_db.svh'.
Back to file '/app/synopsys/installers/vcs/W-2024.09//etc/uvm-1.2/base/uvm_base.svh'.
Parsing included file '/app/synopsys/installers/vcs/W-2024.09//etc/uvm-1.2/base/uvm_config_db.svh'.
Back to file '/app/synopsys/installers/vcs/W-2024.09//etc/uvm-1.2/base/uvm_base.svh'.
Parsing included file '/app/synopsys/installers/vcs/W-2024.09//etc/uvm-1.2/base/uvm_printer.svh'.
Back to file '/app/synopsys/installers/vcs/W-2024.09//etc/uvm-1.2/base/uvm_base.svh'.
Parsing included file '/app/synopsys/installers/vcs/W-2024.09//etc/uvm-1.2/base/uvm_comparer.svh'.
Back to file '/app/synopsys/installers/vcs/W-2024.09//etc/uvm-1.2/base/uvm_base.svh'.
Parsing included file '/app/synopsys/installers/vcs/W-2024.09//etc/uvm-1.2/base/uvm_packer.svh'.
Back to file '/app/synopsys/installers/vcs/W-2024.09//etc/uvm-1.2/base/uvm_base.svh'.
Parsing included file '/app/synopsys/installers/vcs/W-2024.09//etc/uvm-1.2/base/uvm_links.svh'.
Back to file '/app/synopsys/installers/vcs/W-2024.09//etc/uvm-1.2/base/uvm_base.svh'.
Parsing included file '/app/synopsys/installers/vcs/W-2024.09//etc/uvm-1.2/base/uvm_tr_database.svh'.
Back to file '/app/synopsys/installers/vcs/W-2024.09//etc/uvm-1.2/base/uvm_base.svh'.
Parsing included file '/app/synopsys/installers/vcs/W-2024.09//etc/uvm-1.2/base/uvm_tr_stream.svh'.
Back to file '/app/synopsys/installers/vcs/W-2024.09//etc/uvm-1.2/base/uvm_base.svh'.
Parsing included file '/app/synopsys/installers/vcs/W-2024.09//etc/uvm-1.2/base/uvm_recorder.svh'.
Back to file '/app/synopsys/installers/vcs/W-2024.09//etc/uvm-1.2/base/uvm_base.svh'.
Parsing included file '/app/synopsys/installers/vcs/W-2024.09//etc/uvm-1.2/base/uvm_event_callback.svh'.
Back to file '/app/synopsys/installers/vcs/W-2024.09//etc/uvm-1.2/base/uvm_base.svh'.
Parsing included file '/app/synopsys/installers/vcs/W-2024.09//etc/uvm-1.2/base/uvm_event.svh'.
Back to file '/app/synopsys/installers/vcs/W-2024.09//etc/uvm-1.2/base/uvm_base.svh'.
Parsing included file '/app/synopsys/installers/vcs/W-2024.09//etc/uvm-1.2/base/uvm_barrier.svh'.
Back to file '/app/synopsys/installers/vcs/W-2024.09//etc/uvm-1.2/base/uvm_base.svh'.
Parsing included file '/app/synopsys/installers/vcs/W-2024.09//etc/uvm-1.2/base/uvm_callback.svh'.
Parsing included file '/app/synopsys/installers/vcs/W-2024.09//etc/uvm-1.2/uvm_macros.svh'.
Back to file '/app/synopsys/installers/vcs/W-2024.09//etc/uvm-1.2/base/uvm_callback.svh'.
Back to file '/app/synopsys/installers/vcs/W-2024.09//etc/uvm-1.2/base/uvm_base.svh'.
Parsing included file '/app/synopsys/installers/vcs/W-2024.09//etc/uvm-1.2/base/uvm_report_message.svh'.
Back to file '/app/synopsys/installers/vcs/W-2024.09//etc/uvm-1.2/base/uvm_base.svh'.
Parsing included file '/app/synopsys/installers/vcs/W-2024.09//etc/uvm-1.2/base/uvm_report_catcher.svh'.
Back to file '/app/synopsys/installers/vcs/W-2024.09//etc/uvm-1.2/base/uvm_base.svh'.
Parsing included file '/app/synopsys/installers/vcs/W-2024.09//etc/uvm-1.2/base/uvm_report_server.svh'.
Back to file '/app/synopsys/installers/vcs/W-2024.09//etc/uvm-1.2/base/uvm_base.svh'.
Parsing included file '/app/synopsys/installers/vcs/W-2024.09//etc/uvm-1.2/base/uvm_report_handler.svh'.
Back to file '/app/synopsys/installers/vcs/W-2024.09//etc/uvm-1.2/base/uvm_base.svh'.
Parsing included file '/app/synopsys/installers/vcs/W-2024.09//etc/uvm-1.2/base/uvm_report_object.svh'.
Back to file '/app/synopsys/installers/vcs/W-2024.09//etc/uvm-1.2/base/uvm_base.svh'.
Parsing included file '/app/synopsys/installers/vcs/W-2024.09//etc/uvm-1.2/base/uvm_transaction.svh'.
Back to file '/app/synopsys/installers/vcs/W-2024.09//etc/uvm-1.2/base/uvm_base.svh'.
Parsing included file '/app/synopsys/installers/vcs/W-2024.09//etc/uvm-1.2/base/uvm_phase.svh'.
Back to file '/app/synopsys/installers/vcs/W-2024.09//etc/uvm-1.2/base/uvm_base.svh'.
Parsing included file '/app/synopsys/installers/vcs/W-2024.09//etc/uvm-1.2/base/uvm_domain.svh'.
Back to file '/app/synopsys/installers/vcs/W-2024.09//etc/uvm-1.2/base/uvm_base.svh'.
Parsing included file '/app/synopsys/installers/vcs/W-2024.09//etc/uvm-1.2/base/uvm_bottomup_phase.svh'.
Back to file '/app/synopsys/installers/vcs/W-2024.09//etc/uvm-1.2/base/uvm_base.svh'.
Parsing included file '/app/synopsys/installers/vcs/W-2024.09//etc/uvm-1.2/base/uvm_topdown_phase.svh'.
Back to file '/app/synopsys/installers/vcs/W-2024.09//etc/uvm-1.2/base/uvm_base.svh'.
Parsing included file '/app/synopsys/installers/vcs/W-2024.09//etc/uvm-1.2/base/uvm_task_phase.svh'.
Back to file '/app/synopsys/installers/vcs/W-2024.09//etc/uvm-1.2/base/uvm_base.svh'.
Parsing included file '/app/synopsys/installers/vcs/W-2024.09//etc/uvm-1.2/base/uvm_common_phases.svh'.
Back to file '/app/synopsys/installers/vcs/W-2024.09//etc/uvm-1.2/base/uvm_base.svh'.
Parsing included file '/app/synopsys/installers/vcs/W-2024.09//etc/uvm-1.2/base/uvm_runtime_phases.svh'.
Back to file '/app/synopsys/installers/vcs/W-2024.09//etc/uvm-1.2/base/uvm_base.svh'.
Parsing included file '/app/synopsys/installers/vcs/W-2024.09//etc/uvm-1.2/base/uvm_component.svh'.
Parsing included file '/app/synopsys/installers/vcs/W-2024.09//etc/uvm-1.2/base/uvm_root.svh'.
Back to file '/app/synopsys/installers/vcs/W-2024.09//etc/uvm-1.2/base/uvm_component.svh'.
Back to file '/app/synopsys/installers/vcs/W-2024.09//etc/uvm-1.2/base/uvm_base.svh'.
Parsing included file '/app/synopsys/installers/vcs/W-2024.09//etc/uvm-1.2/base/uvm_objection.svh'.
Back to file '/app/synopsys/installers/vcs/W-2024.09//etc/uvm-1.2/base/uvm_base.svh'.
Parsing included file '/app/synopsys/installers/vcs/W-2024.09//etc/uvm-1.2/base/uvm_heartbeat.svh'.
Back to file '/app/synopsys/installers/vcs/W-2024.09//etc/uvm-1.2/base/uvm_base.svh'.
Parsing included file '/app/synopsys/installers/vcs/W-2024.09//etc/uvm-1.2/base/uvm_globals.svh'.
Back to file '/app/synopsys/installers/vcs/W-2024.09//etc/uvm-1.2/base/uvm_base.svh'.
Parsing included file '/app/synopsys/installers/vcs/W-2024.09//etc/uvm-1.2/base/uvm_cmdline_processor.svh'.
Back to file '/app/synopsys/installers/vcs/W-2024.09//etc/uvm-1.2/base/uvm_base.svh'.
Parsing included file '/app/synopsys/installers/vcs/W-2024.09//etc/uvm-1.2/base/uvm_traversal.svh'.
Back to file '/app/synopsys/installers/vcs/W-2024.09//etc/uvm-1.2/base/uvm_base.svh'.
Back to file '/app/synopsys/installers/vcs/W-2024.09//etc/uvm-1.2/uvm_pkg.sv'.
Parsing included file '/app/synopsys/installers/vcs/W-2024.09//etc/uvm-1.2/dap/uvm_dap.svh'.
Parsing included file '/app/synopsys/installers/vcs/W-2024.09//etc/uvm-1.2/dap/uvm_set_get_dap_base.svh'.
Back to file '/app/synopsys/installers/vcs/W-2024.09//etc/uvm-1.2/dap/uvm_dap.svh'.
Parsing included file '/app/synopsys/installers/vcs/W-2024.09//etc/uvm-1.2/dap/uvm_simple_lock_dap.svh'.
Back to file '/app/synopsys/installers/vcs/W-2024.09//etc/uvm-1.2/dap/uvm_dap.svh'.
Parsing included file '/app/synopsys/installers/vcs/W-2024.09//etc/uvm-1.2/dap/uvm_get_to_lock_dap.svh'.
Back to file '/app/synopsys/installers/vcs/W-2024.09//etc/uvm-1.2/dap/uvm_dap.svh'.
Parsing included file '/app/synopsys/installers/vcs/W-2024.09//etc/uvm-1.2/dap/uvm_set_before_get_dap.svh'.
Back to file '/app/synopsys/installers/vcs/W-2024.09//etc/uvm-1.2/dap/uvm_dap.svh'.
Back to file '/app/synopsys/installers/vcs/W-2024.09//etc/uvm-1.2/uvm_pkg.sv'.
Parsing included file '/app/synopsys/installers/vcs/W-2024.09//etc/uvm-1.2/tlm1/uvm_tlm.svh'.
Parsing included file '/app/synopsys/installers/vcs/W-2024.09//etc/uvm-1.2/tlm1/uvm_tlm_ifs.svh'.
Back to file '/app/synopsys/installers/vcs/W-2024.09//etc/uvm-1.2/tlm1/uvm_tlm.svh'.
Parsing included file '/app/synopsys/installers/vcs/W-2024.09//etc/uvm-1.2/tlm1/uvm_sqr_ifs.svh'.
Back to file '/app/synopsys/installers/vcs/W-2024.09//etc/uvm-1.2/tlm1/uvm_tlm.svh'.
Parsing included file '/app/synopsys/installers/vcs/W-2024.09//etc/uvm-1.2/base/uvm_port_base.svh'.
Back to file '/app/synopsys/installers/vcs/W-2024.09//etc/uvm-1.2/tlm1/uvm_tlm.svh'.
Parsing included file '/app/synopsys/installers/vcs/W-2024.09//etc/uvm-1.2/tlm1/uvm_tlm_imps.svh'.
Back to file '/app/synopsys/installers/vcs/W-2024.09//etc/uvm-1.2/tlm1/uvm_tlm.svh'.
Parsing included file '/app/synopsys/installers/vcs/W-2024.09//etc/uvm-1.2/tlm1/uvm_imps.svh'.
Back to file '/app/synopsys/installers/vcs/W-2024.09//etc/uvm-1.2/tlm1/uvm_tlm.svh'.
Parsing included file '/app/synopsys/installers/vcs/W-2024.09//etc/uvm-1.2/tlm1/uvm_ports.svh'.
Back to file '/app/synopsys/installers/vcs/W-2024.09//etc/uvm-1.2/tlm1/uvm_tlm.svh'.
Parsing included file '/app/synopsys/installers/vcs/W-2024.09//etc/uvm-1.2/tlm1/uvm_exports.svh'.
Back to file '/app/synopsys/installers/vcs/W-2024.09//etc/uvm-1.2/tlm1/uvm_tlm.svh'.
Parsing included file '/app/synopsys/installers/vcs/W-2024.09//etc/uvm-1.2/tlm1/uvm_analysis_port.svh'.
Back to file '/app/synopsys/installers/vcs/W-2024.09//etc/uvm-1.2/tlm1/uvm_tlm.svh'.
Parsing included file '/app/synopsys/installers/vcs/W-2024.09//etc/uvm-1.2/tlm1/uvm_tlm_fifo_base.svh'.
Back to file '/app/synopsys/installers/vcs/W-2024.09//etc/uvm-1.2/tlm1/uvm_tlm.svh'.
Parsing included file '/app/synopsys/installers/vcs/W-2024.09//etc/uvm-1.2/tlm1/uvm_tlm_fifos.svh'.
Back to file '/app/synopsys/installers/vcs/W-2024.09//etc/uvm-1.2/tlm1/uvm_tlm.svh'.
Parsing included file '/app/synopsys/installers/vcs/W-2024.09//etc/uvm-1.2/tlm1/uvm_tlm_req_rsp.svh'.
Back to file '/app/synopsys/installers/vcs/W-2024.09//etc/uvm-1.2/tlm1/uvm_tlm.svh'.
Parsing included file '/app/synopsys/installers/vcs/W-2024.09//etc/uvm-1.2/tlm1/uvm_sqr_connections.svh'.
Back to file '/app/synopsys/installers/vcs/W-2024.09//etc/uvm-1.2/tlm1/uvm_tlm.svh'.
Back to file '/app/synopsys/installers/vcs/W-2024.09//etc/uvm-1.2/uvm_pkg.sv'.
Parsing included file '/app/synopsys/installers/vcs/W-2024.09//etc/uvm-1.2/comps/uvm_comps.svh'.
Parsing included file '/app/synopsys/installers/vcs/W-2024.09//etc/uvm-1.2/comps/uvm_pair.svh'.
Back to file '/app/synopsys/installers/vcs/W-2024.09//etc/uvm-1.2/comps/uvm_comps.svh'.
Parsing included file '/app/synopsys/installers/vcs/W-2024.09//etc/uvm-1.2/comps/uvm_policies.svh'.
Back to file '/app/synopsys/installers/vcs/W-2024.09//etc/uvm-1.2/comps/uvm_comps.svh'.
Parsing included file '/app/synopsys/installers/vcs/W-2024.09//etc/uvm-1.2/comps/uvm_in_order_comparator.svh'.
Back to file '/app/synopsys/installers/vcs/W-2024.09//etc/uvm-1.2/comps/uvm_comps.svh'.
Parsing included file '/app/synopsys/installers/vcs/W-2024.09//etc/uvm-1.2/comps/uvm_algorithmic_comparator.svh'.
Back to file '/app/synopsys/installers/vcs/W-2024.09//etc/uvm-1.2/comps/uvm_comps.svh'.
Parsing included file '/app/synopsys/installers/vcs/W-2024.09//etc/uvm-1.2/comps/uvm_random_stimulus.svh'.
Back to file '/app/synopsys/installers/vcs/W-2024.09//etc/uvm-1.2/comps/uvm_comps.svh'.
Parsing included file '/app/synopsys/installers/vcs/W-2024.09//etc/uvm-1.2/comps/uvm_subscriber.svh'.
Back to file '/app/synopsys/installers/vcs/W-2024.09//etc/uvm-1.2/comps/uvm_comps.svh'.
Parsing included file '/app/synopsys/installers/vcs/W-2024.09//etc/uvm-1.2/comps/uvm_monitor.svh'.
Back to file '/app/synopsys/installers/vcs/W-2024.09//etc/uvm-1.2/comps/uvm_comps.svh'.
Parsing included file '/app/synopsys/installers/vcs/W-2024.09//etc/uvm-1.2/comps/uvm_driver.svh'.
Back to file '/app/synopsys/installers/vcs/W-2024.09//etc/uvm-1.2/comps/uvm_comps.svh'.
Parsing included file '/app/synopsys/installers/vcs/W-2024.09//etc/uvm-1.2/comps/uvm_push_driver.svh'.
Back to file '/app/synopsys/installers/vcs/W-2024.09//etc/uvm-1.2/comps/uvm_comps.svh'.
Parsing included file '/app/synopsys/installers/vcs/W-2024.09//etc/uvm-1.2/comps/uvm_scoreboard.svh'.
Back to file '/app/synopsys/installers/vcs/W-2024.09//etc/uvm-1.2/comps/uvm_comps.svh'.
Parsing included file '/app/synopsys/installers/vcs/W-2024.09//etc/uvm-1.2/comps/uvm_agent.svh'.
Back to file '/app/synopsys/installers/vcs/W-2024.09//etc/uvm-1.2/comps/uvm_comps.svh'.
Parsing included file '/app/synopsys/installers/vcs/W-2024.09//etc/uvm-1.2/comps/uvm_env.svh'.
Back to file '/app/synopsys/installers/vcs/W-2024.09//etc/uvm-1.2/comps/uvm_comps.svh'.
Parsing included file '/app/synopsys/installers/vcs/W-2024.09//etc/uvm-1.2/comps/uvm_test.svh'.
Back to file '/app/synopsys/installers/vcs/W-2024.09//etc/uvm-1.2/comps/uvm_comps.svh'.
Back to file '/app/synopsys/installers/vcs/W-2024.09//etc/uvm-1.2/uvm_pkg.sv'.
Parsing included file '/app/synopsys/installers/vcs/W-2024.09//etc/uvm-1.2/seq/uvm_seq.svh'.
Parsing included file '/app/synopsys/installers/vcs/W-2024.09//etc/uvm-1.2/seq/uvm_sequence_item.svh'.
Back to file '/app/synopsys/installers/vcs/W-2024.09//etc/uvm-1.2/seq/uvm_seq.svh'.
Parsing included file '/app/synopsys/installers/vcs/W-2024.09//etc/uvm-1.2/seq/uvm_sequencer_base.svh'.
Back to file '/app/synopsys/installers/vcs/W-2024.09//etc/uvm-1.2/seq/uvm_seq.svh'.
Parsing included file '/app/synopsys/installers/vcs/W-2024.09//etc/uvm-1.2/seq/uvm_sequencer_analysis_fifo.svh'.
Back to file '/app/synopsys/installers/vcs/W-2024.09//etc/uvm-1.2/seq/uvm_seq.svh'.
Parsing included file '/app/synopsys/installers/vcs/W-2024.09//etc/uvm-1.2/seq/uvm_sequencer_param_base.svh'.
Back to file '/app/synopsys/installers/vcs/W-2024.09//etc/uvm-1.2/seq/uvm_seq.svh'.
Parsing included file '/app/synopsys/installers/vcs/W-2024.09//etc/uvm-1.2/seq/uvm_sequencer.svh'.
Back to file '/app/synopsys/installers/vcs/W-2024.09//etc/uvm-1.2/seq/uvm_seq.svh'.
Parsing included file '/app/synopsys/installers/vcs/W-2024.09//etc/uvm-1.2/seq/uvm_push_sequencer.svh'.
Back to file '/app/synopsys/installers/vcs/W-2024.09//etc/uvm-1.2/seq/uvm_seq.svh'.
Parsing included file '/app/synopsys/installers/vcs/W-2024.09//etc/uvm-1.2/seq/uvm_sequence_base.svh'.
Back to file '/app/synopsys/installers/vcs/W-2024.09//etc/uvm-1.2/seq/uvm_seq.svh'.
Parsing included file '/app/synopsys/installers/vcs/W-2024.09//etc/uvm-1.2/seq/uvm_sequence.svh'.
Back to file '/app/synopsys/installers/vcs/W-2024.09//etc/uvm-1.2/seq/uvm_seq.svh'.
Parsing included file '/app/synopsys/installers/vcs/W-2024.09//etc/uvm-1.2/seq/uvm_sequence_library.svh'.
Back to file '/app/synopsys/installers/vcs/W-2024.09//etc/uvm-1.2/seq/uvm_seq.svh'.
Parsing included file '/app/synopsys/installers/vcs/W-2024.09//etc/uvm-1.2/seq/uvm_sequence_builtin.svh'.
Back to file '/app/synopsys/installers/vcs/W-2024.09//etc/uvm-1.2/seq/uvm_seq.svh'.
Back to file '/app/synopsys/installers/vcs/W-2024.09//etc/uvm-1.2/uvm_pkg.sv'.
Parsing included file '/app/synopsys/installers/vcs/W-2024.09//etc/uvm-1.2/tlm2/uvm_tlm2.svh'.
Parsing included file '/app/synopsys/installers/vcs/W-2024.09//etc/uvm-1.2/tlm2/uvm_tlm2_defines.svh'.
Back to file '/app/synopsys/installers/vcs/W-2024.09//etc/uvm-1.2/tlm2/uvm_tlm2.svh'.
Parsing included file '/app/synopsys/installers/vcs/W-2024.09//etc/uvm-1.2/tlm2/uvm_tlm2_time.svh'.
Back to file '/app/synopsys/installers/vcs/W-2024.09//etc/uvm-1.2/tlm2/uvm_tlm2.svh'.
Parsing included file '/app/synopsys/installers/vcs/W-2024.09//etc/uvm-1.2/tlm2/uvm_tlm2_generic_payload.svh'.
Back to file '/app/synopsys/installers/vcs/W-2024.09//etc/uvm-1.2/tlm2/uvm_tlm2.svh'.
Parsing included file '/app/synopsys/installers/vcs/W-2024.09//etc/uvm-1.2/tlm2/uvm_tlm2_ifs.svh'.
Back to file '/app/synopsys/installers/vcs/W-2024.09//etc/uvm-1.2/tlm2/uvm_tlm2.svh'.
Parsing included file '/app/synopsys/installers/vcs/W-2024.09//etc/uvm-1.2/tlm2/uvm_tlm2_imps.svh'.
Back to file '/app/synopsys/installers/vcs/W-2024.09//etc/uvm-1.2/tlm2/uvm_tlm2.svh'.
Parsing included file '/app/synopsys/installers/vcs/W-2024.09//etc/uvm-1.2/tlm2/uvm_tlm2_ports.svh'.
Back to file '/app/synopsys/installers/vcs/W-2024.09//etc/uvm-1.2/tlm2/uvm_tlm2.svh'.
Parsing included file '/app/synopsys/installers/vcs/W-2024.09//etc/uvm-1.2/tlm2/uvm_tlm2_exports.svh'.
Back to file '/app/synopsys/installers/vcs/W-2024.09//etc/uvm-1.2/tlm2/uvm_tlm2.svh'.
Parsing included file '/app/synopsys/installers/vcs/W-2024.09//etc/uvm-1.2/tlm2/uvm_tlm2_sockets_base.svh'.
Back to file '/app/synopsys/installers/vcs/W-2024.09//etc/uvm-1.2/tlm2/uvm_tlm2.svh'.
Parsing included file '/app/synopsys/installers/vcs/W-2024.09//etc/uvm-1.2/tlm2/uvm_tlm2_sockets.svh'.
Back to file '/app/synopsys/installers/vcs/W-2024.09//etc/uvm-1.2/tlm2/uvm_tlm2.svh'.
Back to file '/app/synopsys/installers/vcs/W-2024.09//etc/uvm-1.2/uvm_pkg.sv'.
Parsing included file '/app/synopsys/installers/vcs/W-2024.09//etc/uvm-1.2/reg/uvm_reg_model.svh'.
Parsing included file '/app/synopsys/installers/vcs/W-2024.09//etc/uvm-1.2/reg/uvm_reg_item.svh'.
Back to file '/app/synopsys/installers/vcs/W-2024.09//etc/uvm-1.2/reg/uvm_reg_model.svh'.
Parsing included file '/app/synopsys/installers/vcs/W-2024.09//etc/uvm-1.2/reg/uvm_reg_adapter.svh'.
Back to file '/app/synopsys/installers/vcs/W-2024.09//etc/uvm-1.2/reg/uvm_reg_model.svh'.
Parsing included file '/app/synopsys/installers/vcs/W-2024.09//etc/uvm-1.2/reg/uvm_reg_predictor.svh'.
Back to file '/app/synopsys/installers/vcs/W-2024.09//etc/uvm-1.2/reg/uvm_reg_model.svh'.
Parsing included file '/app/synopsys/installers/vcs/W-2024.09//etc/uvm-1.2/reg/uvm_reg_sequence.svh'.
Back to file '/app/synopsys/installers/vcs/W-2024.09//etc/uvm-1.2/reg/uvm_reg_model.svh'.
Parsing included file '/app/synopsys/installers/vcs/W-2024.09//etc/uvm-1.2/reg/uvm_reg_cbs.svh'.
Back to file '/app/synopsys/installers/vcs/W-2024.09//etc/uvm-1.2/reg/uvm_reg_model.svh'.
Parsing included file '/app/synopsys/installers/vcs/W-2024.09//etc/uvm-1.2/reg/uvm_reg_backdoor.svh'.
Back to file '/app/synopsys/installers/vcs/W-2024.09//etc/uvm-1.2/reg/uvm_reg_model.svh'.
Parsing included file '/app/synopsys/installers/vcs/W-2024.09//etc/uvm-1.2/reg/uvm_reg_field.svh'.
Back to file '/app/synopsys/installers/vcs/W-2024.09//etc/uvm-1.2/reg/uvm_reg_model.svh'.
Parsing included file '/app/synopsys/installers/vcs/W-2024.09//etc/uvm-1.2/reg/uvm_vreg_field.svh'.
Back to file '/app/synopsys/installers/vcs/W-2024.09//etc/uvm-1.2/reg/uvm_reg_model.svh'.
Parsing included file '/app/synopsys/installers/vcs/W-2024.09//etc/uvm-1.2/reg/uvm_reg.svh'.
Back to file '/app/synopsys/installers/vcs/W-2024.09//etc/uvm-1.2/reg/uvm_reg_model.svh'.
Parsing included file '/app/synopsys/installers/vcs/W-2024.09//etc/uvm-1.2/reg/uvm_reg_indirect.svh'.
Back to file '/app/synopsys/installers/vcs/W-2024.09//etc/uvm-1.2/reg/uvm_reg_model.svh'.
Parsing included file '/app/synopsys/installers/vcs/W-2024.09//etc/uvm-1.2/reg/uvm_reg_fifo.svh'.
Back to file '/app/synopsys/installers/vcs/W-2024.09//etc/uvm-1.2/reg/uvm_reg_model.svh'.
Parsing included file '/app/synopsys/installers/vcs/W-2024.09//etc/uvm-1.2/reg/uvm_reg_file.svh'.
Back to file '/app/synopsys/installers/vcs/W-2024.09//etc/uvm-1.2/reg/uvm_reg_model.svh'.
Parsing included file '/app/synopsys/installers/vcs/W-2024.09//etc/uvm-1.2/reg/uvm_mem_mam.svh'.
Back to file '/app/synopsys/installers/vcs/W-2024.09//etc/uvm-1.2/reg/uvm_reg_model.svh'.
Parsing included file '/app/synopsys/installers/vcs/W-2024.09//etc/uvm-1.2/reg/uvm_vreg.svh'.
Back to file '/app/synopsys/installers/vcs/W-2024.09//etc/uvm-1.2/reg/uvm_reg_model.svh'.
Parsing included file '/app/synopsys/installers/vcs/W-2024.09//etc/uvm-1.2/reg/uvm_mem.svh'.
Back to file '/app/synopsys/installers/vcs/W-2024.09//etc/uvm-1.2/reg/uvm_reg_model.svh'.
Parsing included file '/app/synopsys/installers/vcs/W-2024.09//etc/uvm-1.2/reg/uvm_reg_map.svh'.
Back to file '/app/synopsys/installers/vcs/W-2024.09//etc/uvm-1.2/reg/uvm_reg_model.svh'.
Parsing included file '/app/synopsys/installers/vcs/W-2024.09//etc/uvm-1.2/reg/uvm_reg_block.svh'.
Back to file '/app/synopsys/installers/vcs/W-2024.09//etc/uvm-1.2/reg/uvm_reg_model.svh'.
Parsing included file '/app/synopsys/installers/vcs/W-2024.09//etc/uvm-1.2/reg/sequences/uvm_reg_hw_reset_seq.svh'.
Back to file '/app/synopsys/installers/vcs/W-2024.09//etc/uvm-1.2/reg/uvm_reg_model.svh'.
Parsing included file '/app/synopsys/installers/vcs/W-2024.09//etc/uvm-1.2/reg/sequences/uvm_reg_bit_bash_seq.svh'.
Back to file '/app/synopsys/installers/vcs/W-2024.09//etc/uvm-1.2/reg/uvm_reg_model.svh'.
Parsing included file '/app/synopsys/installers/vcs/W-2024.09//etc/uvm-1.2/reg/sequences/uvm_mem_walk_seq.svh'.
Back to file '/app/synopsys/installers/vcs/W-2024.09//etc/uvm-1.2/reg/uvm_reg_model.svh'.
Parsing included file '/app/synopsys/installers/vcs/W-2024.09//etc/uvm-1.2/reg/sequences/uvm_mem_access_seq.svh'.
Back to file '/app/synopsys/installers/vcs/W-2024.09//etc/uvm-1.2/reg/uvm_reg_model.svh'.
Parsing included file '/app/synopsys/installers/vcs/W-2024.09//etc/uvm-1.2/reg/sequences/uvm_reg_access_seq.svh'.
Back to file '/app/synopsys/installers/vcs/W-2024.09//etc/uvm-1.2/reg/uvm_reg_model.svh'.
Parsing included file '/app/synopsys/installers/vcs/W-2024.09//etc/uvm-1.2/reg/sequences/uvm_reg_mem_shared_access_seq.svh'.
Back to file '/app/synopsys/installers/vcs/W-2024.09//etc/uvm-1.2/reg/uvm_reg_model.svh'.
Parsing included file '/app/synopsys/installers/vcs/W-2024.09//etc/uvm-1.2/reg/sequences/uvm_reg_mem_built_in_seq.svh'.
Back to file '/app/synopsys/installers/vcs/W-2024.09//etc/uvm-1.2/reg/uvm_reg_model.svh'.
Parsing included file '/app/synopsys/installers/vcs/W-2024.09//etc/uvm-1.2/reg/sequences/uvm_reg_mem_hdl_paths_seq.svh'.
Back to file '/app/synopsys/installers/vcs/W-2024.09//etc/uvm-1.2/reg/uvm_reg_model.svh'.
Parsing included file '/app/synopsys/installers/vcs/W-2024.09//etc/uvm-1.2/reg/snps_uvm_reg_bank.svh'.
Back to file '/app/synopsys/installers/vcs/W-2024.09//etc/uvm-1.2/reg/uvm_reg_model.svh'.
Back to file '/app/synopsys/installers/vcs/W-2024.09//etc/uvm-1.2/uvm_pkg.sv'.
Parsing included file '/app/synopsys/installers/vcs/W-2024.09//etc/uvm-1.2/vcs/vcs_uvm_alt.sv'.
Back to file '/app/synopsys/installers/vcs/W-2024.09//etc/uvm-1.2/uvm_pkg.sv'.
Parsing design file '/app/synopsys/installers/vcs/W-2024.09//etc/uvm-1.2/vcs/uvm_custom_install_vcs_recorder.sv'
Parsing included file '/app/synopsys/installers/vcs/W-2024.09//etc/uvm-1.2/vcs/msglog.svh'.
Back to file '/app/synopsys/installers/vcs/W-2024.09//etc/uvm-1.2/vcs/uvm_custom_install_vcs_recorder.sv'.
Parsing included file '/app/synopsys/installers/vcs/W-2024.09//etc/uvm-1.2/vcs/uvm_msglog_report_server.sv'.
Back to file '/app/synopsys/installers/vcs/W-2024.09//etc/uvm-1.2/vcs/uvm_custom_install_vcs_recorder.sv'.
Parsing included file '/app/synopsys/installers/vcs/W-2024.09//etc/uvm-1.2/vcs/uvm_vcs_recorder.svh'.
Parsing included file '/app/synopsys/installers/vcs/W-2024.09//etc/uvm-1.2/vcs/uvm_vcs_tr_database.svh'.
Parsing included file '/app/synopsys/installers/vcs/W-2024.09//etc/uvm-1.2/vcs/uvm_vcs_tr_stream.svh'.
Back to file '/app/synopsys/installers/vcs/W-2024.09//etc/uvm-1.2/vcs/uvm_vcs_tr_database.svh'.
Back to file '/app/synopsys/installers/vcs/W-2024.09//etc/uvm-1.2/vcs/uvm_vcs_recorder.svh'.
Back to file '/app/synopsys/installers/vcs/W-2024.09//etc/uvm-1.2/vcs/uvm_custom_install_vcs_recorder.sv'.
Parsing included file '/app/synopsys/installers/vcs/W-2024.09//etc/uvm-1.2/vcs/uvm_vcs_record_interface.sv'.
Back to file '/app/synopsys/installers/vcs/W-2024.09//etc/uvm-1.2/vcs/uvm_custom_install_vcs_recorder.sv'.
Parsing design file '/app/synopsys/installers/vcs/W-2024.09//etc/uvm-1.2/verdi/uvm_custom_install_verdi_recorder.sv'
Parsing included file '/app/synopsys/installers/vcs/W-2024.09//etc/uvm-1.2/uvm_macros.svh'.
Back to file '/app/synopsys/installers/vcs/W-2024.09//etc/uvm-1.2/verdi/uvm_custom_install_verdi_recorder.sv'.
Parsing included file '/app/synopsys/installers/vcs/W-2024.09//etc/uvm-1.2/verdi/uvm_verdi_recorder.svh'.
Parsing included file '/app/synopsys/installers/vcs/W-2024.09//etc/uvm-1.2/verdi/uvm_verdi_pli_base.svh'.
Back to file '/app/synopsys/installers/vcs/W-2024.09//etc/uvm-1.2/verdi/uvm_verdi_recorder.svh'.
Parsing included file '/app/synopsys/installers/vcs/W-2024.09//etc/uvm-1.2/verdi/uvm_verdi_tr_database.svh'.
Parsing included file '/app/synopsys/installers/vcs/W-2024.09//etc/uvm-1.2/verdi/uvm_verdi_tr_stream.svh'.
Back to file '/app/synopsys/installers/vcs/W-2024.09//etc/uvm-1.2/verdi/uvm_verdi_tr_database.svh'.
Back to file '/app/synopsys/installers/vcs/W-2024.09//etc/uvm-1.2/verdi/uvm_verdi_recorder.svh'.
Back to file '/app/synopsys/installers/vcs/W-2024.09//etc/uvm-1.2/verdi/uvm_custom_install_verdi_recorder.sv'.
Parsing included file '/app/synopsys/installers/vcs/W-2024.09//etc/uvm-1.2/verdi/uvm_verdi_reg_map_recording.sv'.
Back to file '/app/synopsys/installers/vcs/W-2024.09//etc/uvm-1.2/verdi/uvm_custom_install_verdi_recorder.sv'.
Parsing included file '/app/synopsys/installers/vcs/W-2024.09//etc/uvm-1.2/verdi/uvm_verdi_message_catcher.svh'.
Parsing included file '/app/synopsys/installers/vcs/W-2024.09//etc/uvm-1.2/verdi/uvm_verdi_pli_base.svh'.
Back to file '/app/synopsys/installers/vcs/W-2024.09//etc/uvm-1.2/verdi/uvm_verdi_message_catcher.svh'.
Back to file '/app/synopsys/installers/vcs/W-2024.09//etc/uvm-1.2/verdi/uvm_custom_install_verdi_recorder.sv'.
Parsing included file '/app/synopsys/installers/vcs/W-2024.09//etc/uvm-1.2/verdi/uvm_verdi_factory.svh'.
Back to file '/app/synopsys/installers/vcs/W-2024.09//etc/uvm-1.2/verdi/uvm_custom_install_verdi_recorder.sv'.
Parsing included file '/app/synopsys/installers/vcs/W-2024.09//etc/uvm-1.2/verdi/./dpi/uvm_verdi_dpi.svh'.
Back to file '/app/synopsys/installers/vcs/W-2024.09//etc/uvm-1.2/verdi/uvm_custom_install_verdi_recorder.sv'.
Parsing included file '/app/synopsys/installers/vcs/W-2024.09//etc/uvm-1.2/verdi/uvm_verdi_reg_recording.sv'.
Back to file '/app/synopsys/installers/vcs/W-2024.09//etc/uvm-1.2/verdi/uvm_custom_install_verdi_recorder.sv'.
Parsing included file '/app/synopsys/installers/verdi/X-2025.06/share/PLI/VCS/include/verdi_trans_recorder_dpi.svh'.
Back to file '/app/synopsys/installers/vcs/W-2024.09//etc/uvm-1.2/verdi/uvm_custom_install_verdi_recorder.sv'.
Parsing included file '/app/synopsys/installers/vcs/W-2024.09//etc/uvm-1.2/verdi/uvm_verdi_pli.svh'.
Back to file '/app/synopsys/installers/vcs/W-2024.09//etc/uvm-1.2/verdi/uvm_custom_install_verdi_recorder.sv'.
Parsing design file '/app/synopsys/installers/vcs/W-2024.09//etc/uvm-1.2/verdi/uvm_custom_install_verdi_recorder.sv'
Parsing design file 'axi4_lite_top.sv'
Parsing included file '/app/synopsys/installers/vcs/W-2024.09//etc/uvm-1.2/uvm_macros.svh'.
Back to file 'axi4_lite_top.sv'.
Parsing included file 'axi4_lite_interface.sv'.

Warning-[TMBIN] Too many bits in Based Number
axi4_lite_interface.sv, 140
  The specified width is '32' bits, actually got '36' bits.
  The offending number is : '0000_00001'.

Back to file 'axi4_lite_top.sv'.
Parsing included file 'axi4_lite_seq_item.sv'.
Back to file 'axi4_lite_top.sv'.
Parsing included file 'write_seq.sv'.
Back to file 'axi4_lite_top.sv'.
Parsing included file 'read_seq.sv'.
Back to file 'axi4_lite_top.sv'.
Parsing included file 'wr_rd_seq.sv'.
Back to file 'axi4_lite_top.sv'.
Parsing included file 'slverr_seq.sv'.
Back to file 'axi4_lite_top.sv'.
Parsing included file 'axi4_lite_sequencer.sv'.
Back to file 'axi4_lite_top.sv'.
Parsing included file 'axi4_lite_driver.sv'.
Back to file 'axi4_lite_top.sv'.
Parsing included file 'axi4_lite_act_monitor.sv'.
Back to file 'axi4_lite_top.sv'.
Parsing included file 'axi4_lite_active_agent.sv'.
Back to file 'axi4_lite_top.sv'.
Parsing included file 'axi4_lite_sb.sv'.
Back to file 'axi4_lite_top.sv'.
Parsing included file 'axi4_lite_coverage.sv'.
Back to file 'axi4_lite_top.sv'.
Parsing included file 'axi4_lite_env.sv'.
Back to file 'axi4_lite_top.sv'.
Parsing included file 'axi4_lite_test.sv'.
Back to file 'axi4_lite_top.sv'.
Parsing included file 'design.sv'.
Back to file 'axi4_lite_top.sv'.
Top Level Modules:
       uvm_custom_install_recording
       uvm_custom_install_verdi_recording
       axi4_lite_top
No TimeScale specified
VCS Coverage Metrics Release W-2024.09_Full64 Copyright (c) 1991-2024 by Synopsys Inc.
Starting vcs inline pass...
10 modules and 0 UDP read.
recompiling package vcs_paramclassrepository
recompiling package _vcs_DPI_package
recompiling package uvm_pkg
recompiling package _vcs_msglog
recompiling module uvm_custom_install_recording
recompiling module uvm_custom_install_verdi_recording
recompiling module axi4_lite_interface
recompiling module axi4_lite_slave
recompiling package axi4_lite_pkg
recompiling module axi4_lite_top
All of 10 modules done
make[1]: Entering directory '/home/dvft1103/dvft11/axi4lite_clean/csrc'
rm -f _cuarc*.so _csrc*.so pre_vcsobj_*.so share_vcsobj_*.so
g++ -w  -pipe -DVCSMX -DUVM_DPI_DO_TYPE_CHECK -fPIC -O -I/app/synopsys/installers/vcs/W-2024.09/include \
-c /app/synopsys/installers/vcs/W-2024.09//etc/uvm-1.2/dpi/uvm_dpi.cc
g++ -w  -pipe -DVCSMX -DUVM_DPI_DO_TYPE_CHECK -fPIC -O -I/app/synopsys/installers/vcs/W-2024.09/include \
-c /app/synopsys/installers/vcs/W-2024.09//etc/uvm-1.2/verdi/dpi/uvm_verdi_dpi.cpp \

if [ -x ../simv ]; then chmod a-x ../simv; fi
g++  -o ../simv      -rdynamic  -Wl,-rpath='$ORIGIN'/simv.daidir -Wl,-rpath=./simv.daidir \
-Wl,-rpath=/app/synopsys/installers/vcs/W-2024.09/linux64/lib -L/app/synopsys/installers/vcs/W-2024.09/linux64/lib \
-Wl,-rpath-link=./  /usr/lib64/libnuma.so.1 uvm_dpi.o uvm_verdi_dpi.o   objs/amcQw_d.o \
_801873_archive_1.so   SIM_l.o      rmapats_mop.o rmapats.o rmar.o rmar_nd.o  rmar_llvm_0_1.o \
rmar_llvm_0_0.o            -lvirsim -lerrorinf -lsnpsmalloc -lvfs    -lvcsnew -lsimprofile \
-lreader_common /app/synopsys/installers/vcs/W-2024.09/linux64/lib/libBA.a -luclinative \
/app/synopsys/installers/vcs/W-2024.09/linux64/lib/vcs_tls.o   -Wl,-whole-archive \
-lvcsucli    -Wl,-no-whole-archive       ./../simv.daidir/vc_hdrs.o  _vcs_pli_stub_.o \
/app/synopsys/installers/vcs/W-2024.09/linux64/lib/vcs_save_restore_new.o /app/synopsys/installers/verdi/X-2025.06/share/PLI/VCS/LINUX64/pli.a \
-ldl  -lc -lm -lpthread -ldl 
../simv up to date
make[1]: Leaving directory '/home/dvft1103/dvft11/axi4lite_clean/csrc'
Command: /home/dvft1103/dvft11/axi4lite_clean/./simv -a debug.log -cm_runsilent -cm line+tgl+assert+cond+fsm+branch
Chronologic VCS simulator copyright 1991-2024
Contains Synopsys proprietary information.
Compiler version W-2024.09_Full64; Runtime version W-2024.09_Full64;  Jun  4 15:15 2026
UVM_INFO /app/synopsys/installers/vcs/W-2024.09//etc/uvm-1.2/base/uvm_root.svh(402) @ 0: reporter [UVM/RELNOTES] 
----------------------------------------------------------------
UVM-1.2.Synopsys
(C) 2007-2014 Mentor Graphics Corporation
(C) 2007-2014 Cadence Design Systems, Inc.
(C) 2006-2014 Synopsys, Inc.
(C) 2011-2013 Cypress Semiconductor Corp.
(C) 2013-2014 NVIDIA Corporation
----------------------------------------------------------------

  ***********       IMPORTANT RELEASE NOTES         ************

  You are using a version of the UVM library that has been compiled
  with `UVM_NO_DEPRECATED undefined.
  See http://www.eda.org/svdb/view.php?id=3313 for more details.

  You are using a version of the UVM library that has been compiled
  with `UVM_OBJECT_DO_NOT_NEED_CONSTRUCTOR undefined.
  See http://www.eda.org/svdb/view.php?id=3770 for more details.

      (Specify +UVM_NO_RELNOTES to turn off this notice)

UVM_INFO @ 0: reporter [RNTST] Running test axi4_lite_test...
"axi4_lite_interface.sv", 82: axi4_lite_top.intf_h.rst_awvalid: started at 5s failed at 5s
	Offending '(awvalid == 1'b0)'
"axi4_lite_interface.sv", 89: axi4_lite_top.intf_h.rst_wvalid: started at 5s failed at 5s
	Offending '(wvalid == 1'b0)'
"axi4_lite_interface.sv", 96: axi4_lite_top.intf_h.rst_bready: started at 5s failed at 5s
	Offending '(bready == 1'b0)'
"axi4_lite_interface.sv", 103: axi4_lite_top.intf_h.rst_arvalid: started at 5s failed at 5s
	Offending '(arvalid == 1'b0)'
"axi4_lite_interface.sv", 110: axi4_lite_top.intf_h.rst_rready: started at 5s failed at 5s
	Offending '(rready == 1'b0)'
UVM_INFO axi4_lite_driver.sv(216) @ 15: uvm_test_top.env_h.act_agent_h.drv_h [[DRV]] Reset detected before seq_item_port
UVM_INFO write_seq.sv(27) @ 25: uvm_test_top.env_h.act_agent_h.seqr_h@@write_seq_h [AWADDR_SEQ] This is write_seq : ----------------------------------------------------------------------------------------------------------
Name                           Type                Size  Value                                            
----------------------------------------------------------------------------------------------------------
item_h                         axi4_lite_seq_item  -     @652                                             
  awaddr                       integral            32    'hb4                                             
  awvalid                      integral            1     'h0                                              
  awready                      integral            1     'h0                                              
  wdata                        integral            32    'ha322110c                                       
  wstrb                        integral            4     'hf                                              
  wvalid                       integral            1     'h0                                              
  wready                       integral            1     'h0                                              
  bresp                        integral            3     'h0                                              
  bvalid                       integral            1     'h0                                              
  bready                       integral            1     'h0                                              
  araddr                       integral            32    'h9acdb2e0                                       
  arvalid                      integral            1     'h0                                              
  arready                      integral            1     'h0                                              
  rdata                        integral            32    'h0                                              
  rresp                        integral            3     'h0                                              
  rvalid                       integral            1     'h0                                              
  rready                       integral            1     'h0                                              
  is_write                     integral            1     'h1                                              
  rst_f                        integral            1     'h0                                              
  begin_time                   time                64    25                                               
  depth                        int                 32    'd2                                              
  parent sequence (name)       string              11    write_seq_h                                      
  parent sequence (full name)  string              49    uvm_test_top.env_h.act_agent_h.seqr_h.write_seq_h
  sequencer                    string              37    uvm_test_top.env_h.act_agent_h.seqr_h            
----------------------------------------------------------------------------------------------------------

UVM_INFO axi4_lite_driver.sv(54) @ 25: uvm_test_top.env_h.act_agent_h.drv_h [[DRV]] Entered wr_addr_channel
UVM_INFO axi4_lite_driver.sv(87) @ 25: uvm_test_top.env_h.act_agent_h.drv_h [[DRV]] Entered wr_data_channel
UVM_INFO design.sv(138) @ 35: reporter [DESIGN] This is DUT 0
UVM_INFO axi4_lite_act_monitor.sv(65) @ 40: uvm_test_top.env_h.act_agent_h.mon_h [MON_AW] DW Captured : wdata 0xa322110c
UVM_INFO axi4_lite_driver.sv(110) @ 45: uvm_test_top.env_h.act_agent_h.drv_h [DRV] DRV DW_CHANNEL : wdata = 0Xa322110c
UVM_INFO axi4_lite_driver.sv(111) @ 45: uvm_test_top.env_h.act_agent_h.drv_h [[DRV]] Exiting wr_data_channel
UVM_INFO axi4_lite_act_monitor.sv(59) @ 50: uvm_test_top.env_h.act_agent_h.mon_h [MON_AW] AW Captured : waddr 0xb4
UVM_INFO axi4_lite_driver.sv(81) @ 55: uvm_test_top.env_h.act_agent_h.drv_h [DRV] DRV AW_CHANNEL : awaddr=0xb4
UVM_INFO axi4_lite_driver.sv(82) @ 55: uvm_test_top.env_h.act_agent_h.drv_h [[DRV]] Exiting wr_addr_channel
UVM_INFO axi4_lite_driver.sv(116) @ 55: uvm_test_top.env_h.act_agent_h.drv_h [[DRV]] Entered wr_resp_channel
UVM_INFO axi4_lite_act_monitor.sv(77) @ 70: uvm_test_top.env_h.act_agent_h.mon_h [MON_WRITE_TX] WRITE_TX : awaddr = 0xb4, wdata= 0xa322110c, bresp =0
UVM_INFO axi4_lite_sb.sv(45) @ 70: uvm_test_top.env_h.sb_h [[SB]] WRITE TX received : awaddr=0xb4 wdata=0xa322110c bresp=0
UVM_INFO axi4_lite_sb.sv(50) @ 70: uvm_test_top.env_h.sb_h [[SB]] WRITE PASS : awaddr=0xb4 wdata=0xa322110c bresp=OKAY
UVM_INFO axi4_lite_sb.sv(66) @ 70: uvm_test_top.env_h.sb_h [[SB]] WRITE ADDR ALIGN PASS : awaddr=0xb4 is 4-byte aligned
UVM_INFO axi4_lite_driver.sv(143) @ 95: uvm_test_top.env_h.act_agent_h.drv_h [[DRV]] Exiting wr_resp_channel
UVM_INFO axi4_lite_driver.sv(235) @ 95: uvm_test_top.env_h.act_agent_h.drv_h [[DRV]] After item_done()
UVM_INFO write_seq.sv(37) @ 95: uvm_test_top.env_h.act_agent_h.seqr_h@@write_seq_h [[SEQ]] Response = ----------------------------------------------------------------------------------------------------------
Name                           Type                Size  Value                                            
----------------------------------------------------------------------------------------------------------
item_h                         axi4_lite_seq_item  -     @652                                             
  awaddr                       integral            32    'hb4                                             
  awvalid                      integral            1     'h0                                              
  awready                      integral            1     'h0                                              
  wdata                        integral            32    'ha322110c                                       
  wstrb                        integral            4     'hf                                              
  wvalid                       integral            1     'h0                                              
  wready                       integral            1     'h0                                              
  bresp                        integral            3     'h0                                              
  bvalid                       integral            1     'h0                                              
  bready                       integral            1     'h0                                              
  araddr                       integral            32    'h9acdb2e0                                       
  arvalid                      integral            1     'h0                                              
  arready                      integral            1     'h0                                              
  rdata                        integral            32    'h0                                              
  rresp                        integral            3     'h0                                              
  rvalid                       integral            1     'h0                                              
  rready                       integral            1     'h0                                              
  is_write                     integral            1     'h1                                              
  rst_f                        integral            1     'h0                                              
  begin_time                   time                64    25                                               
  end_time                     time                64    95                                               
  depth                        int                 32    'd2                                              
  parent sequence (name)       string              11    write_seq_h                                      
  parent sequence (full name)  string              49    uvm_test_top.env_h.act_agent_h.seqr_h.write_seq_h
  sequencer                    string              37    uvm_test_top.env_h.act_agent_h.seqr_h            
----------------------------------------------------------------------------------------------------------

UVM_INFO axi4_lite_driver.sv(216) @ 125: uvm_test_top.env_h.act_agent_h.drv_h [[DRV]] Reset detected before seq_item_port
UVM_INFO write_seq.sv(27) @ 135: uvm_test_top.env_h.act_agent_h.seqr_h@@write_seq_h [AWADDR_SEQ] This is write_seq : ----------------------------------------------------------------------------------------------------------
Name                           Type                Size  Value                                            
----------------------------------------------------------------------------------------------------------
item_h                         axi4_lite_seq_item  -     @728                                             
  awaddr                       integral            32    'hf4                                             
  awvalid                      integral            1     'h0                                              
  awready                      integral            1     'h0                                              
  wdata                        integral            32    'hb04b5f4                                        
  wstrb                        integral            4     'hf                                              
  wvalid                       integral            1     'h0                                              
  wready                       integral            1     'h0                                              
  bresp                        integral            3     'h0                                              
  bvalid                       integral            1     'h0                                              
  bready                       integral            1     'h0                                              
  araddr                       integral            32    'h4e08cc58                                       
  arvalid                      integral            1     'h0                                              
  arready                      integral            1     'h0                                              
  rdata                        integral            32    'h0                                              
  rresp                        integral            3     'h0                                              
  rvalid                       integral            1     'h0                                              
  rready                       integral            1     'h0                                              
  is_write                     integral            1     'h1                                              
  rst_f                        integral            1     'h0                                              
  begin_time                   time                64    135                                              
  depth                        int                 32    'd2                                              
  parent sequence (name)       string              11    write_seq_h                                      
  parent sequence (full name)  string              49    uvm_test_top.env_h.act_agent_h.seqr_h.write_seq_h
  sequencer                    string              37    uvm_test_top.env_h.act_agent_h.seqr_h            
----------------------------------------------------------------------------------------------------------

UVM_INFO axi4_lite_driver.sv(54) @ 135: uvm_test_top.env_h.act_agent_h.drv_h [[DRV]] Entered wr_addr_channel
UVM_INFO axi4_lite_driver.sv(87) @ 135: uvm_test_top.env_h.act_agent_h.drv_h [[DRV]] Entered wr_data_channel
UVM_INFO design.sv(138) @ 145: reporter [DESIGN] This is DUT 0
UVM_INFO axi4_lite_act_monitor.sv(65) @ 150: uvm_test_top.env_h.act_agent_h.mon_h [MON_AW] DW Captured : wdata 0xb04b5f4
UVM_INFO axi4_lite_driver.sv(110) @ 155: uvm_test_top.env_h.act_agent_h.drv_h [DRV] DRV DW_CHANNEL : wdata = 0Xb04b5f4
UVM_INFO axi4_lite_driver.sv(111) @ 155: uvm_test_top.env_h.act_agent_h.drv_h [[DRV]] Exiting wr_data_channel
UVM_INFO axi4_lite_act_monitor.sv(59) @ 160: uvm_test_top.env_h.act_agent_h.mon_h [MON_AW] AW Captured : waddr 0xf4
UVM_INFO axi4_lite_driver.sv(81) @ 165: uvm_test_top.env_h.act_agent_h.drv_h [DRV] DRV AW_CHANNEL : awaddr=0xf4
UVM_INFO axi4_lite_driver.sv(82) @ 165: uvm_test_top.env_h.act_agent_h.drv_h [[DRV]] Exiting wr_addr_channel
UVM_INFO axi4_lite_driver.sv(116) @ 165: uvm_test_top.env_h.act_agent_h.drv_h [[DRV]] Entered wr_resp_channel
UVM_INFO axi4_lite_act_monitor.sv(77) @ 180: uvm_test_top.env_h.act_agent_h.mon_h [MON_WRITE_TX] WRITE_TX : awaddr = 0xf4, wdata= 0xb04b5f4, bresp =0
UVM_INFO axi4_lite_sb.sv(45) @ 180: uvm_test_top.env_h.sb_h [[SB]] WRITE TX received : awaddr=0xf4 wdata=0xb04b5f4 bresp=0
UVM_INFO axi4_lite_sb.sv(50) @ 180: uvm_test_top.env_h.sb_h [[SB]] WRITE PASS : awaddr=0xf4 wdata=0xb04b5f4 bresp=OKAY
UVM_INFO axi4_lite_sb.sv(66) @ 180: uvm_test_top.env_h.sb_h [[SB]] WRITE ADDR ALIGN PASS : awaddr=0xf4 is 4-byte aligned
UVM_INFO axi4_lite_driver.sv(143) @ 205: uvm_test_top.env_h.act_agent_h.drv_h [[DRV]] Exiting wr_resp_channel
UVM_INFO axi4_lite_driver.sv(235) @ 205: uvm_test_top.env_h.act_agent_h.drv_h [[DRV]] After item_done()
UVM_INFO write_seq.sv(37) @ 205: uvm_test_top.env_h.act_agent_h.seqr_h@@write_seq_h [[SEQ]] Response = ----------------------------------------------------------------------------------------------------------
Name                           Type                Size  Value                                            
----------------------------------------------------------------------------------------------------------
item_h                         axi4_lite_seq_item  -     @728                                             
  awaddr                       integral            32    'hf4                                             
  awvalid                      integral            1     'h0                                              
  awready                      integral            1     'h0                                              
  wdata                        integral            32    'hb04b5f4                                        
  wstrb                        integral            4     'hf                                              
  wvalid                       integral            1     'h0                                              
  wready                       integral            1     'h0                                              
  bresp                        integral            3     'h0                                              
  bvalid                       integral            1     'h0                                              
  bready                       integral            1     'h0                                              
  araddr                       integral            32    'h4e08cc58                                       
  arvalid                      integral            1     'h0                                              
  arready                      integral            1     'h0                                              
  rdata                        integral            32    'h0                                              
  rresp                        integral            3     'h0                                              
  rvalid                       integral            1     'h0                                              
  rready                       integral            1     'h0                                              
  is_write                     integral            1     'h1                                              
  rst_f                        integral            1     'h0                                              
  begin_time                   time                64    135                                              
  end_time                     time                64    205                                              
  depth                        int                 32    'd2                                              
  parent sequence (name)       string              11    write_seq_h                                      
  parent sequence (full name)  string              49    uvm_test_top.env_h.act_agent_h.seqr_h.write_seq_h
  sequencer                    string              37    uvm_test_top.env_h.act_agent_h.seqr_h            
----------------------------------------------------------------------------------------------------------

UVM_INFO write_seq.sv(27) @ 215: uvm_test_top.env_h.act_agent_h.seqr_h@@write_seq_h [AWADDR_SEQ] This is write_seq : ----------------------------------------------------------------------------------------------------------
Name                           Type                Size  Value                                            
----------------------------------------------------------------------------------------------------------
item_h                         axi4_lite_seq_item  -     @778                                             
  awaddr                       integral            32    'he4                                             
  awvalid                      integral            1     'h0                                              
  awready                      integral            1     'h0                                              
  wdata                        integral            32    'h70f5cff0                                       
  wstrb                        integral            4     'hf                                              
  wvalid                       integral            1     'h0                                              
  wready                       integral            1     'h0                                              
  bresp                        integral            3     'h0                                              
  bvalid                       integral            1     'h0                                              
  bready                       integral            1     'h0                                              
  araddr                       integral            32    'hc58c62d0                                       
  arvalid                      integral            1     'h0                                              
  arready                      integral            1     'h0                                              
  rdata                        integral            32    'h0                                              
  rresp                        integral            3     'h0                                              
  rvalid                       integral            1     'h0                                              
  rready                       integral            1     'h0                                              
  is_write                     integral            1     'h1                                              
  rst_f                        integral            1     'h0                                              
  begin_time                   time                64    215                                              
  depth                        int                 32    'd2                                              
  parent sequence (name)       string              11    write_seq_h                                      
  parent sequence (full name)  string              49    uvm_test_top.env_h.act_agent_h.seqr_h.write_seq_h
  sequencer                    string              37    uvm_test_top.env_h.act_agent_h.seqr_h            
----------------------------------------------------------------------------------------------------------

UVM_INFO axi4_lite_driver.sv(54) @ 215: uvm_test_top.env_h.act_agent_h.drv_h [[DRV]] Entered wr_addr_channel
UVM_INFO axi4_lite_driver.sv(87) @ 215: uvm_test_top.env_h.act_agent_h.drv_h [[DRV]] Entered wr_data_channel
UVM_INFO design.sv(138) @ 225: reporter [DESIGN] This is DUT b04b5f4
UVM_INFO axi4_lite_act_monitor.sv(65) @ 230: uvm_test_top.env_h.act_agent_h.mon_h [MON_AW] DW Captured : wdata 0x70f5cff0
UVM_INFO axi4_lite_driver.sv(110) @ 235: uvm_test_top.env_h.act_agent_h.drv_h [DRV] DRV DW_CHANNEL : wdata = 0X70f5cff0
UVM_INFO axi4_lite_driver.sv(111) @ 235: uvm_test_top.env_h.act_agent_h.drv_h [[DRV]] Exiting wr_data_channel
UVM_INFO axi4_lite_act_monitor.sv(59) @ 240: uvm_test_top.env_h.act_agent_h.mon_h [MON_AW] AW Captured : waddr 0xe4
UVM_INFO axi4_lite_driver.sv(81) @ 245: uvm_test_top.env_h.act_agent_h.drv_h [DRV] DRV AW_CHANNEL : awaddr=0xe4
UVM_INFO axi4_lite_driver.sv(82) @ 245: uvm_test_top.env_h.act_agent_h.drv_h [[DRV]] Exiting wr_addr_channel
UVM_INFO axi4_lite_driver.sv(116) @ 245: uvm_test_top.env_h.act_agent_h.drv_h [[DRV]] Entered wr_resp_channel
UVM_INFO axi4_lite_act_monitor.sv(77) @ 260: uvm_test_top.env_h.act_agent_h.mon_h [MON_WRITE_TX] WRITE_TX : awaddr = 0xe4, wdata= 0x70f5cff0, bresp =0
UVM_INFO axi4_lite_sb.sv(45) @ 260: uvm_test_top.env_h.sb_h [[SB]] WRITE TX received : awaddr=0xe4 wdata=0x70f5cff0 bresp=0
UVM_INFO axi4_lite_sb.sv(50) @ 260: uvm_test_top.env_h.sb_h [[SB]] WRITE PASS : awaddr=0xe4 wdata=0x70f5cff0 bresp=OKAY
UVM_INFO axi4_lite_sb.sv(66) @ 260: uvm_test_top.env_h.sb_h [[SB]] WRITE ADDR ALIGN PASS : awaddr=0xe4 is 4-byte aligned
UVM_INFO axi4_lite_driver.sv(143) @ 285: uvm_test_top.env_h.act_agent_h.drv_h [[DRV]] Exiting wr_resp_channel
UVM_INFO axi4_lite_driver.sv(235) @ 285: uvm_test_top.env_h.act_agent_h.drv_h [[DRV]] After item_done()
UVM_INFO write_seq.sv(37) @ 285: uvm_test_top.env_h.act_agent_h.seqr_h@@write_seq_h [[SEQ]] Response = ----------------------------------------------------------------------------------------------------------
Name                           Type                Size  Value                                            
----------------------------------------------------------------------------------------------------------
item_h                         axi4_lite_seq_item  -     @778                                             
  awaddr                       integral            32    'he4                                             
  awvalid                      integral            1     'h0                                              
  awready                      integral            1     'h0                                              
  wdata                        integral            32    'h70f5cff0                                       
  wstrb                        integral            4     'hf                                              
  wvalid                       integral            1     'h0                                              
  wready                       integral            1     'h0                                              
  bresp                        integral            3     'h0                                              
  bvalid                       integral            1     'h0                                              
  bready                       integral            1     'h0                                              
  araddr                       integral            32    'hc58c62d0                                       
  arvalid                      integral            1     'h0                                              
  arready                      integral            1     'h0                                              
  rdata                        integral            32    'h0                                              
  rresp                        integral            3     'h0                                              
  rvalid                       integral            1     'h0                                              
  rready                       integral            1     'h0                                              
  is_write                     integral            1     'h1                                              
  rst_f                        integral            1     'h0                                              
  begin_time                   time                64    215                                              
  end_time                     time                64    285                                              
  depth                        int                 32    'd2                                              
  parent sequence (name)       string              11    write_seq_h                                      
  parent sequence (full name)  string              49    uvm_test_top.env_h.act_agent_h.seqr_h.write_seq_h
  sequencer                    string              37    uvm_test_top.env_h.act_agent_h.seqr_h            
----------------------------------------------------------------------------------------------------------

UVM_INFO write_seq.sv(27) @ 295: uvm_test_top.env_h.act_agent_h.seqr_h@@write_seq_h [AWADDR_SEQ] This is write_seq : ----------------------------------------------------------------------------------------------------------
Name                           Type                Size  Value                                            
----------------------------------------------------------------------------------------------------------
item_h                         axi4_lite_seq_item  -     @826                                             
  awaddr                       integral            32    'h4c                                             
  awvalid                      integral            1     'h0                                              
  awready                      integral            1     'h0                                              
  wdata                        integral            32    'h4a1b34a4                                       
  wstrb                        integral            4     'hf                                              
  wvalid                       integral            1     'h0                                              
  wready                       integral            1     'h0                                              
  bresp                        integral            3     'h0                                              
  bvalid                       integral            1     'h0                                              
  bready                       integral            1     'h0                                              
  araddr                       integral            32    'h8fe9b5e4                                       
  arvalid                      integral            1     'h0                                              
  arready                      integral            1     'h0                                              
  rdata                        integral            32    'h0                                              
  rresp                        integral            3     'h0                                              
  rvalid                       integral            1     'h0                                              
  rready                       integral            1     'h0                                              
  is_write                     integral            1     'h1                                              
  rst_f                        integral            1     'h0                                              
  begin_time                   time                64    295                                              
  depth                        int                 32    'd2                                              
  parent sequence (name)       string              11    write_seq_h                                      
  parent sequence (full name)  string              49    uvm_test_top.env_h.act_agent_h.seqr_h.write_seq_h
  sequencer                    string              37    uvm_test_top.env_h.act_agent_h.seqr_h            
----------------------------------------------------------------------------------------------------------

UVM_INFO axi4_lite_driver.sv(54) @ 295: uvm_test_top.env_h.act_agent_h.drv_h [[DRV]] Entered wr_addr_channel
UVM_INFO axi4_lite_driver.sv(87) @ 295: uvm_test_top.env_h.act_agent_h.drv_h [[DRV]] Entered wr_data_channel
UVM_INFO design.sv(138) @ 305: reporter [DESIGN] This is DUT 70f5cff0
UVM_INFO axi4_lite_act_monitor.sv(65) @ 310: uvm_test_top.env_h.act_agent_h.mon_h [MON_AW] DW Captured : wdata 0x4a1b34a4
UVM_INFO axi4_lite_driver.sv(110) @ 315: uvm_test_top.env_h.act_agent_h.drv_h [DRV] DRV DW_CHANNEL : wdata = 0X4a1b34a4
UVM_INFO axi4_lite_driver.sv(111) @ 315: uvm_test_top.env_h.act_agent_h.drv_h [[DRV]] Exiting wr_data_channel
UVM_INFO axi4_lite_act_monitor.sv(59) @ 320: uvm_test_top.env_h.act_agent_h.mon_h [MON_AW] AW Captured : waddr 0x4c
UVM_INFO axi4_lite_driver.sv(81) @ 325: uvm_test_top.env_h.act_agent_h.drv_h [DRV] DRV AW_CHANNEL : awaddr=0x4c
UVM_INFO axi4_lite_driver.sv(82) @ 325: uvm_test_top.env_h.act_agent_h.drv_h [[DRV]] Exiting wr_addr_channel
UVM_INFO axi4_lite_driver.sv(116) @ 325: uvm_test_top.env_h.act_agent_h.drv_h [[DRV]] Entered wr_resp_channel
UVM_INFO axi4_lite_act_monitor.sv(77) @ 340: uvm_test_top.env_h.act_agent_h.mon_h [MON_WRITE_TX] WRITE_TX : awaddr = 0x4c, wdata= 0x4a1b34a4, bresp =0
UVM_INFO axi4_lite_sb.sv(45) @ 340: uvm_test_top.env_h.sb_h [[SB]] WRITE TX received : awaddr=0x4c wdata=0x4a1b34a4 bresp=0
UVM_INFO axi4_lite_sb.sv(50) @ 340: uvm_test_top.env_h.sb_h [[SB]] WRITE PASS : awaddr=0x4c wdata=0x4a1b34a4 bresp=OKAY
UVM_INFO axi4_lite_sb.sv(66) @ 340: uvm_test_top.env_h.sb_h [[SB]] WRITE ADDR ALIGN PASS : awaddr=0x4c is 4-byte aligned
UVM_INFO axi4_lite_driver.sv(143) @ 365: uvm_test_top.env_h.act_agent_h.drv_h [[DRV]] Exiting wr_resp_channel
UVM_INFO axi4_lite_driver.sv(235) @ 365: uvm_test_top.env_h.act_agent_h.drv_h [[DRV]] After item_done()
UVM_INFO write_seq.sv(37) @ 365: uvm_test_top.env_h.act_agent_h.seqr_h@@write_seq_h [[SEQ]] Response = ----------------------------------------------------------------------------------------------------------
Name                           Type                Size  Value                                            
----------------------------------------------------------------------------------------------------------
item_h                         axi4_lite_seq_item  -     @826                                             
  awaddr                       integral            32    'h4c                                             
  awvalid                      integral            1     'h0                                              
  awready                      integral            1     'h0                                              
  wdata                        integral            32    'h4a1b34a4                                       
  wstrb                        integral            4     'hf                                              
  wvalid                       integral            1     'h0                                              
  wready                       integral            1     'h0                                              
  bresp                        integral            3     'h0                                              
  bvalid                       integral            1     'h0                                              
  bready                       integral            1     'h0                                              
  araddr                       integral            32    'h8fe9b5e4                                       
  arvalid                      integral            1     'h0                                              
  arready                      integral            1     'h0                                              
  rdata                        integral            32    'h0                                              
  rresp                        integral            3     'h0                                              
  rvalid                       integral            1     'h0                                              
  rready                       integral            1     'h0                                              
  is_write                     integral            1     'h1                                              
  rst_f                        integral            1     'h0                                              
  begin_time                   time                64    295                                              
  end_time                     time                64    365                                              
  depth                        int                 32    'd2                                              
  parent sequence (name)       string              11    write_seq_h                                      
  parent sequence (full name)  string              49    uvm_test_top.env_h.act_agent_h.seqr_h.write_seq_h
  sequencer                    string              37    uvm_test_top.env_h.act_agent_h.seqr_h            
----------------------------------------------------------------------------------------------------------

UVM_INFO write_seq.sv(27) @ 375: uvm_test_top.env_h.act_agent_h.seqr_h@@write_seq_h [AWADDR_SEQ] This is write_seq : ----------------------------------------------------------------------------------------------------------
Name                           Type                Size  Value                                            
----------------------------------------------------------------------------------------------------------
item_h                         axi4_lite_seq_item  -     @874                                             
  awaddr                       integral            32    'h84                                             
  awvalid                      integral            1     'h0                                              
  awready                      integral            1     'h0                                              
  wdata                        integral            32    'h405bc50e                                       
  wstrb                        integral            4     'hf                                              
  wvalid                       integral            1     'h0                                              
  wready                       integral            1     'h0                                              
  bresp                        integral            3     'h0                                              
  bvalid                       integral            1     'h0                                              
  bready                       integral            1     'h0                                              
  araddr                       integral            32    'h5b918718                                       
  arvalid                      integral            1     'h0                                              
  arready                      integral            1     'h0                                              
  rdata                        integral            32    'h0                                              
  rresp                        integral            3     'h0                                              
  rvalid                       integral            1     'h0                                              
  rready                       integral            1     'h0                                              
  is_write                     integral            1     'h1                                              
  rst_f                        integral            1     'h0                                              
  begin_time                   time                64    375                                              
  depth                        int                 32    'd2                                              
  parent sequence (name)       string              11    write_seq_h                                      
  parent sequence (full name)  string              49    uvm_test_top.env_h.act_agent_h.seqr_h.write_seq_h
  sequencer                    string              37    uvm_test_top.env_h.act_agent_h.seqr_h            
----------------------------------------------------------------------------------------------------------

UVM_INFO axi4_lite_driver.sv(54) @ 375: uvm_test_top.env_h.act_agent_h.drv_h [[DRV]] Entered wr_addr_channel
UVM_INFO axi4_lite_driver.sv(87) @ 375: uvm_test_top.env_h.act_agent_h.drv_h [[DRV]] Entered wr_data_channel
UVM_INFO design.sv(138) @ 385: reporter [DESIGN] This is DUT 4a1b34a4
UVM_INFO axi4_lite_act_monitor.sv(65) @ 390: uvm_test_top.env_h.act_agent_h.mon_h [MON_AW] DW Captured : wdata 0x405bc50e
UVM_INFO axi4_lite_driver.sv(110) @ 395: uvm_test_top.env_h.act_agent_h.drv_h [DRV] DRV DW_CHANNEL : wdata = 0X405bc50e
UVM_INFO axi4_lite_driver.sv(111) @ 395: uvm_test_top.env_h.act_agent_h.drv_h [[DRV]] Exiting wr_data_channel
UVM_INFO axi4_lite_act_monitor.sv(59) @ 400: uvm_test_top.env_h.act_agent_h.mon_h [MON_AW] AW Captured : waddr 0x84
UVM_INFO axi4_lite_driver.sv(81) @ 405: uvm_test_top.env_h.act_agent_h.drv_h [DRV] DRV AW_CHANNEL : awaddr=0x84
UVM_INFO axi4_lite_driver.sv(82) @ 405: uvm_test_top.env_h.act_agent_h.drv_h [[DRV]] Exiting wr_addr_channel
UVM_INFO axi4_lite_driver.sv(116) @ 405: uvm_test_top.env_h.act_agent_h.drv_h [[DRV]] Entered wr_resp_channel
UVM_INFO axi4_lite_act_monitor.sv(77) @ 420: uvm_test_top.env_h.act_agent_h.mon_h [MON_WRITE_TX] WRITE_TX : awaddr = 0x84, wdata= 0x405bc50e, bresp =0
UVM_INFO axi4_lite_sb.sv(45) @ 420: uvm_test_top.env_h.sb_h [[SB]] WRITE TX received : awaddr=0x84 wdata=0x405bc50e bresp=0
UVM_INFO axi4_lite_sb.sv(50) @ 420: uvm_test_top.env_h.sb_h [[SB]] WRITE PASS : awaddr=0x84 wdata=0x405bc50e bresp=OKAY
UVM_INFO axi4_lite_sb.sv(66) @ 420: uvm_test_top.env_h.sb_h [[SB]] WRITE ADDR ALIGN PASS : awaddr=0x84 is 4-byte aligned
UVM_INFO axi4_lite_driver.sv(143) @ 445: uvm_test_top.env_h.act_agent_h.drv_h [[DRV]] Exiting wr_resp_channel
UVM_INFO axi4_lite_driver.sv(235) @ 445: uvm_test_top.env_h.act_agent_h.drv_h [[DRV]] After item_done()
UVM_INFO write_seq.sv(37) @ 445: uvm_test_top.env_h.act_agent_h.seqr_h@@write_seq_h [[SEQ]] Response = ----------------------------------------------------------------------------------------------------------
Name                           Type                Size  Value                                            
----------------------------------------------------------------------------------------------------------
item_h                         axi4_lite_seq_item  -     @874                                             
  awaddr                       integral            32    'h84                                             
  awvalid                      integral            1     'h0                                              
  awready                      integral            1     'h0                                              
  wdata                        integral            32    'h405bc50e                                       
  wstrb                        integral            4     'hf                                              
  wvalid                       integral            1     'h0                                              
  wready                       integral            1     'h0                                              
  bresp                        integral            3     'h0                                              
  bvalid                       integral            1     'h0                                              
  bready                       integral            1     'h0                                              
  araddr                       integral            32    'h5b918718                                       
  arvalid                      integral            1     'h0                                              
  arready                      integral            1     'h0                                              
  rdata                        integral            32    'h0                                              
  rresp                        integral            3     'h0                                              
  rvalid                       integral            1     'h0                                              
  rready                       integral            1     'h0                                              
  is_write                     integral            1     'h1                                              
  rst_f                        integral            1     'h0                                              
  begin_time                   time                64    375                                              
  end_time                     time                64    445                                              
  depth                        int                 32    'd2                                              
  parent sequence (name)       string              11    write_seq_h                                      
  parent sequence (full name)  string              49    uvm_test_top.env_h.act_agent_h.seqr_h.write_seq_h
  sequencer                    string              37    uvm_test_top.env_h.act_agent_h.seqr_h            
----------------------------------------------------------------------------------------------------------

UVM_INFO write_seq.sv(27) @ 455: uvm_test_top.env_h.act_agent_h.seqr_h@@write_seq_h [AWADDR_SEQ] This is write_seq : ----------------------------------------------------------------------------------------------------------
Name                           Type                Size  Value                                            
----------------------------------------------------------------------------------------------------------
item_h                         axi4_lite_seq_item  -     @922                                             
  awaddr                       integral            32    'hfc                                             
  awvalid                      integral            1     'h0                                              
  awready                      integral            1     'h0                                              
  wdata                        integral            32    'hde2ab98a                                       
  wstrb                        integral            4     'hf                                              
  wvalid                       integral            1     'h0                                              
  wready                       integral            1     'h0                                              
  bresp                        integral            3     'h0                                              
  bvalid                       integral            1     'h0                                              
  bready                       integral            1     'h0                                              
  araddr                       integral            32    'hcfdbf2c8                                       
  arvalid                      integral            1     'h0                                              
  arready                      integral            1     'h0                                              
  rdata                        integral            32    'h0                                              
  rresp                        integral            3     'h0                                              
  rvalid                       integral            1     'h0                                              
  rready                       integral            1     'h0                                              
  is_write                     integral            1     'h1                                              
  rst_f                        integral            1     'h0                                              
  begin_time                   time                64    455                                              
  depth                        int                 32    'd2                                              
  parent sequence (name)       string              11    write_seq_h                                      
  parent sequence (full name)  string              49    uvm_test_top.env_h.act_agent_h.seqr_h.write_seq_h
  sequencer                    string              37    uvm_test_top.env_h.act_agent_h.seqr_h            
----------------------------------------------------------------------------------------------------------

UVM_INFO axi4_lite_driver.sv(54) @ 455: uvm_test_top.env_h.act_agent_h.drv_h [[DRV]] Entered wr_addr_channel
UVM_INFO axi4_lite_driver.sv(87) @ 455: uvm_test_top.env_h.act_agent_h.drv_h [[DRV]] Entered wr_data_channel
UVM_INFO design.sv(138) @ 465: reporter [DESIGN] This is DUT 405bc50e
UVM_INFO axi4_lite_act_monitor.sv(65) @ 470: uvm_test_top.env_h.act_agent_h.mon_h [MON_AW] DW Captured : wdata 0xde2ab98a
UVM_INFO axi4_lite_driver.sv(110) @ 475: uvm_test_top.env_h.act_agent_h.drv_h [DRV] DRV DW_CHANNEL : wdata = 0Xde2ab98a
UVM_INFO axi4_lite_driver.sv(111) @ 475: uvm_test_top.env_h.act_agent_h.drv_h [[DRV]] Exiting wr_data_channel
UVM_INFO axi4_lite_act_monitor.sv(59) @ 480: uvm_test_top.env_h.act_agent_h.mon_h [MON_AW] AW Captured : waddr 0xfc
UVM_INFO axi4_lite_driver.sv(81) @ 485: uvm_test_top.env_h.act_agent_h.drv_h [DRV] DRV AW_CHANNEL : awaddr=0xfc
UVM_INFO axi4_lite_driver.sv(82) @ 485: uvm_test_top.env_h.act_agent_h.drv_h [[DRV]] Exiting wr_addr_channel
UVM_INFO axi4_lite_driver.sv(116) @ 485: uvm_test_top.env_h.act_agent_h.drv_h [[DRV]] Entered wr_resp_channel
UVM_INFO axi4_lite_act_monitor.sv(77) @ 500: uvm_test_top.env_h.act_agent_h.mon_h [MON_WRITE_TX] WRITE_TX : awaddr = 0xfc, wdata= 0xde2ab98a, bresp =0
UVM_INFO axi4_lite_sb.sv(45) @ 500: uvm_test_top.env_h.sb_h [[SB]] WRITE TX received : awaddr=0xfc wdata=0xde2ab98a bresp=0
UVM_INFO axi4_lite_sb.sv(50) @ 500: uvm_test_top.env_h.sb_h [[SB]] WRITE PASS : awaddr=0xfc wdata=0xde2ab98a bresp=OKAY
UVM_INFO axi4_lite_sb.sv(66) @ 500: uvm_test_top.env_h.sb_h [[SB]] WRITE ADDR ALIGN PASS : awaddr=0xfc is 4-byte aligned
UVM_INFO axi4_lite_driver.sv(143) @ 525: uvm_test_top.env_h.act_agent_h.drv_h [[DRV]] Exiting wr_resp_channel
UVM_INFO axi4_lite_driver.sv(235) @ 525: uvm_test_top.env_h.act_agent_h.drv_h [[DRV]] After item_done()
UVM_INFO write_seq.sv(37) @ 525: uvm_test_top.env_h.act_agent_h.seqr_h@@write_seq_h [[SEQ]] Response = ----------------------------------------------------------------------------------------------------------
Name                           Type                Size  Value                                            
----------------------------------------------------------------------------------------------------------
item_h                         axi4_lite_seq_item  -     @922                                             
  awaddr                       integral            32    'hfc                                             
  awvalid                      integral            1     'h0                                              
  awready                      integral            1     'h0                                              
  wdata                        integral            32    'hde2ab98a                                       
  wstrb                        integral            4     'hf                                              
  wvalid                       integral            1     'h0                                              
  wready                       integral            1     'h0                                              
  bresp                        integral            3     'h0                                              
  bvalid                       integral            1     'h0                                              
  bready                       integral            1     'h0                                              
  araddr                       integral            32    'hcfdbf2c8                                       
  arvalid                      integral            1     'h0                                              
  arready                      integral            1     'h0                                              
  rdata                        integral            32    'h0                                              
  rresp                        integral            3     'h0                                              
  rvalid                       integral            1     'h0                                              
  rready                       integral            1     'h0                                              
  is_write                     integral            1     'h1                                              
  rst_f                        integral            1     'h0                                              
  begin_time                   time                64    455                                              
  end_time                     time                64    525                                              
  depth                        int                 32    'd2                                              
  parent sequence (name)       string              11    write_seq_h                                      
  parent sequence (full name)  string              49    uvm_test_top.env_h.act_agent_h.seqr_h.write_seq_h
  sequencer                    string              37    uvm_test_top.env_h.act_agent_h.seqr_h            
----------------------------------------------------------------------------------------------------------

UVM_INFO write_seq.sv(27) @ 535: uvm_test_top.env_h.act_agent_h.seqr_h@@write_seq_h [AWADDR_SEQ] This is write_seq : ----------------------------------------------------------------------------------------------------------
Name                           Type                Size  Value                                            
----------------------------------------------------------------------------------------------------------
item_h                         axi4_lite_seq_item  -     @970                                             
  awaddr                       integral            32    'h60                                             
  awvalid                      integral            1     'h0                                              
  awready                      integral            1     'h0                                              
  wdata                        integral            32    'h1c07490c                                       
  wstrb                        integral            4     'hf                                              
  wvalid                       integral            1     'h0                                              
  wready                       integral            1     'h0                                              
  bresp                        integral            3     'h0                                              
  bvalid                       integral            1     'h0                                              
  bready                       integral            1     'h0                                              
  araddr                       integral            32    'h672125c4                                       
  arvalid                      integral            1     'h0                                              
  arready                      integral            1     'h0                                              
  rdata                        integral            32    'h0                                              
  rresp                        integral            3     'h0                                              
  rvalid                       integral            1     'h0                                              
  rready                       integral            1     'h0                                              
  is_write                     integral            1     'h1                                              
  rst_f                        integral            1     'h0                                              
  begin_time                   time                64    535                                              
  depth                        int                 32    'd2                                              
  parent sequence (name)       string              11    write_seq_h                                      
  parent sequence (full name)  string              49    uvm_test_top.env_h.act_agent_h.seqr_h.write_seq_h
  sequencer                    string              37    uvm_test_top.env_h.act_agent_h.seqr_h            
----------------------------------------------------------------------------------------------------------

UVM_INFO axi4_lite_driver.sv(54) @ 535: uvm_test_top.env_h.act_agent_h.drv_h [[DRV]] Entered wr_addr_channel
UVM_INFO axi4_lite_driver.sv(87) @ 535: uvm_test_top.env_h.act_agent_h.drv_h [[DRV]] Entered wr_data_channel
UVM_INFO design.sv(138) @ 545: reporter [DESIGN] This is DUT de2ab98a
UVM_INFO axi4_lite_act_monitor.sv(65) @ 550: uvm_test_top.env_h.act_agent_h.mon_h [MON_AW] DW Captured : wdata 0x1c07490c
UVM_INFO axi4_lite_driver.sv(110) @ 555: uvm_test_top.env_h.act_agent_h.drv_h [DRV] DRV DW_CHANNEL : wdata = 0X1c07490c
UVM_INFO axi4_lite_driver.sv(111) @ 555: uvm_test_top.env_h.act_agent_h.drv_h [[DRV]] Exiting wr_data_channel
UVM_INFO axi4_lite_act_monitor.sv(59) @ 560: uvm_test_top.env_h.act_agent_h.mon_h [MON_AW] AW Captured : waddr 0x60
UVM_INFO axi4_lite_driver.sv(81) @ 565: uvm_test_top.env_h.act_agent_h.drv_h [DRV] DRV AW_CHANNEL : awaddr=0x60
UVM_INFO axi4_lite_driver.sv(82) @ 565: uvm_test_top.env_h.act_agent_h.drv_h [[DRV]] Exiting wr_addr_channel
UVM_INFO axi4_lite_driver.sv(116) @ 565: uvm_test_top.env_h.act_agent_h.drv_h [[DRV]] Entered wr_resp_channel
UVM_INFO axi4_lite_act_monitor.sv(77) @ 580: uvm_test_top.env_h.act_agent_h.mon_h [MON_WRITE_TX] WRITE_TX : awaddr = 0x60, wdata= 0x1c07490c, bresp =0
UVM_INFO axi4_lite_sb.sv(45) @ 580: uvm_test_top.env_h.sb_h [[SB]] WRITE TX received : awaddr=0x60 wdata=0x1c07490c bresp=0
UVM_INFO axi4_lite_sb.sv(50) @ 580: uvm_test_top.env_h.sb_h [[SB]] WRITE PASS : awaddr=0x60 wdata=0x1c07490c bresp=OKAY
UVM_INFO axi4_lite_sb.sv(66) @ 580: uvm_test_top.env_h.sb_h [[SB]] WRITE ADDR ALIGN PASS : awaddr=0x60 is 4-byte aligned
UVM_INFO axi4_lite_driver.sv(143) @ 605: uvm_test_top.env_h.act_agent_h.drv_h [[DRV]] Exiting wr_resp_channel
UVM_INFO axi4_lite_driver.sv(235) @ 605: uvm_test_top.env_h.act_agent_h.drv_h [[DRV]] After item_done()
UVM_INFO write_seq.sv(37) @ 605: uvm_test_top.env_h.act_agent_h.seqr_h@@write_seq_h [[SEQ]] Response = ----------------------------------------------------------------------------------------------------------
Name                           Type                Size  Value                                            
----------------------------------------------------------------------------------------------------------
item_h                         axi4_lite_seq_item  -     @970                                             
  awaddr                       integral            32    'h60                                             
  awvalid                      integral            1     'h0                                              
  awready                      integral            1     'h0                                              
  wdata                        integral            32    'h1c07490c                                       
  wstrb                        integral            4     'hf                                              
  wvalid                       integral            1     'h0                                              
  wready                       integral            1     'h0                                              
  bresp                        integral            3     'h0                                              
  bvalid                       integral            1     'h0                                              
  bready                       integral            1     'h0                                              
  araddr                       integral            32    'h672125c4                                       
  arvalid                      integral            1     'h0                                              
  arready                      integral            1     'h0                                              
  rdata                        integral            32    'h0                                              
  rresp                        integral            3     'h0                                              
  rvalid                       integral            1     'h0                                              
  rready                       integral            1     'h0                                              
  is_write                     integral            1     'h1                                              
  rst_f                        integral            1     'h0                                              
  begin_time                   time                64    535                                              
  end_time                     time                64    605                                              
  depth                        int                 32    'd2                                              
  parent sequence (name)       string              11    write_seq_h                                      
  parent sequence (full name)  string              49    uvm_test_top.env_h.act_agent_h.seqr_h.write_seq_h
  sequencer                    string              37    uvm_test_top.env_h.act_agent_h.seqr_h            
----------------------------------------------------------------------------------------------------------

UVM_INFO write_seq.sv(27) @ 615: uvm_test_top.env_h.act_agent_h.seqr_h@@write_seq_h [AWADDR_SEQ] This is write_seq : ----------------------------------------------------------------------------------------------------------
Name                           Type                Size  Value                                            
----------------------------------------------------------------------------------------------------------
item_h                         axi4_lite_seq_item  -     @1018                                            
  awaddr                       integral            32    'h94                                             
  awvalid                      integral            1     'h0                                              
  awready                      integral            1     'h0                                              
  wdata                        integral            32    'hd7ca758a                                       
  wstrb                        integral            4     'hf                                              
  wvalid                       integral            1     'h0                                              
  wready                       integral            1     'h0                                              
  bresp                        integral            3     'h0                                              
  bvalid                       integral            1     'h0                                              
  bready                       integral            1     'h0                                              
  araddr                       integral            32    'h2a1c3abc                                       
  arvalid                      integral            1     'h0                                              
  arready                      integral            1     'h0                                              
  rdata                        integral            32    'h0                                              
  rresp                        integral            3     'h0                                              
  rvalid                       integral            1     'h0                                              
  rready                       integral            1     'h0                                              
  is_write                     integral            1     'h1                                              
  rst_f                        integral            1     'h0                                              
  begin_time                   time                64    615                                              
  depth                        int                 32    'd2                                              
  parent sequence (name)       string              11    write_seq_h                                      
  parent sequence (full name)  string              49    uvm_test_top.env_h.act_agent_h.seqr_h.write_seq_h
  sequencer                    string              37    uvm_test_top.env_h.act_agent_h.seqr_h            
----------------------------------------------------------------------------------------------------------

UVM_INFO axi4_lite_driver.sv(54) @ 615: uvm_test_top.env_h.act_agent_h.drv_h [[DRV]] Entered wr_addr_channel
UVM_INFO axi4_lite_driver.sv(87) @ 615: uvm_test_top.env_h.act_agent_h.drv_h [[DRV]] Entered wr_data_channel
UVM_INFO design.sv(138) @ 625: reporter [DESIGN] This is DUT 1c07490c
UVM_INFO axi4_lite_act_monitor.sv(65) @ 630: uvm_test_top.env_h.act_agent_h.mon_h [MON_AW] DW Captured : wdata 0xd7ca758a
UVM_INFO axi4_lite_driver.sv(110) @ 635: uvm_test_top.env_h.act_agent_h.drv_h [DRV] DRV DW_CHANNEL : wdata = 0Xd7ca758a
UVM_INFO axi4_lite_driver.sv(111) @ 635: uvm_test_top.env_h.act_agent_h.drv_h [[DRV]] Exiting wr_data_channel
UVM_INFO axi4_lite_act_monitor.sv(59) @ 640: uvm_test_top.env_h.act_agent_h.mon_h [MON_AW] AW Captured : waddr 0x94
UVM_INFO axi4_lite_driver.sv(81) @ 645: uvm_test_top.env_h.act_agent_h.drv_h [DRV] DRV AW_CHANNEL : awaddr=0x94
UVM_INFO axi4_lite_driver.sv(82) @ 645: uvm_test_top.env_h.act_agent_h.drv_h [[DRV]] Exiting wr_addr_channel
UVM_INFO axi4_lite_driver.sv(116) @ 645: uvm_test_top.env_h.act_agent_h.drv_h [[DRV]] Entered wr_resp_channel
UVM_INFO axi4_lite_act_monitor.sv(77) @ 660: uvm_test_top.env_h.act_agent_h.mon_h [MON_WRITE_TX] WRITE_TX : awaddr = 0x94, wdata= 0xd7ca758a, bresp =0
UVM_INFO axi4_lite_sb.sv(45) @ 660: uvm_test_top.env_h.sb_h [[SB]] WRITE TX received : awaddr=0x94 wdata=0xd7ca758a bresp=0
UVM_INFO axi4_lite_sb.sv(50) @ 660: uvm_test_top.env_h.sb_h [[SB]] WRITE PASS : awaddr=0x94 wdata=0xd7ca758a bresp=OKAY
UVM_INFO axi4_lite_sb.sv(66) @ 660: uvm_test_top.env_h.sb_h [[SB]] WRITE ADDR ALIGN PASS : awaddr=0x94 is 4-byte aligned
UVM_INFO axi4_lite_driver.sv(143) @ 685: uvm_test_top.env_h.act_agent_h.drv_h [[DRV]] Exiting wr_resp_channel
UVM_INFO axi4_lite_driver.sv(235) @ 685: uvm_test_top.env_h.act_agent_h.drv_h [[DRV]] After item_done()
UVM_INFO write_seq.sv(37) @ 685: uvm_test_top.env_h.act_agent_h.seqr_h@@write_seq_h [[SEQ]] Response = ----------------------------------------------------------------------------------------------------------
Name                           Type                Size  Value                                            
----------------------------------------------------------------------------------------------------------
item_h                         axi4_lite_seq_item  -     @1018                                            
  awaddr                       integral            32    'h94                                             
  awvalid                      integral            1     'h0                                              
  awready                      integral            1     'h0                                              
  wdata                        integral            32    'hd7ca758a                                       
  wstrb                        integral            4     'hf                                              
  wvalid                       integral            1     'h0                                              
  wready                       integral            1     'h0                                              
  bresp                        integral            3     'h0                                              
  bvalid                       integral            1     'h0                                              
  bready                       integral            1     'h0                                              
  araddr                       integral            32    'h2a1c3abc                                       
  arvalid                      integral            1     'h0                                              
  arready                      integral            1     'h0                                              
  rdata                        integral            32    'h0                                              
  rresp                        integral            3     'h0                                              
  rvalid                       integral            1     'h0                                              
  rready                       integral            1     'h0                                              
  is_write                     integral            1     'h1                                              
  rst_f                        integral            1     'h0                                              
  begin_time                   time                64    615                                              
  end_time                     time                64    685                                              
  depth                        int                 32    'd2                                              
  parent sequence (name)       string              11    write_seq_h                                      
  parent sequence (full name)  string              49    uvm_test_top.env_h.act_agent_h.seqr_h.write_seq_h
  sequencer                    string              37    uvm_test_top.env_h.act_agent_h.seqr_h            
----------------------------------------------------------------------------------------------------------

UVM_INFO write_seq.sv(27) @ 695: uvm_test_top.env_h.act_agent_h.seqr_h@@write_seq_h [AWADDR_SEQ] This is write_seq : ----------------------------------------------------------------------------------------------------------
Name                           Type                Size  Value                                            
----------------------------------------------------------------------------------------------------------
item_h                         axi4_lite_seq_item  -     @1066                                            
  awaddr                       integral            32    'hf0                                             
  awvalid                      integral            1     'h0                                              
  awready                      integral            1     'h0                                              
  wdata                        integral            32    'h95098f65                                       
  wstrb                        integral            4     'hf                                              
  wvalid                       integral            1     'h0                                              
  wready                       integral            1     'h0                                              
  bresp                        integral            3     'h0                                              
  bvalid                       integral            1     'h0                                              
  bready                       integral            1     'h0                                              
  araddr                       integral            32    'h487f26c4                                       
  arvalid                      integral            1     'h0                                              
  arready                      integral            1     'h0                                              
  rdata                        integral            32    'h0                                              
  rresp                        integral            3     'h0                                              
  rvalid                       integral            1     'h0                                              
  rready                       integral            1     'h0                                              
  is_write                     integral            1     'h1                                              
  rst_f                        integral            1     'h0                                              
  begin_time                   time                64    695                                              
  depth                        int                 32    'd2                                              
  parent sequence (name)       string              11    write_seq_h                                      
  parent sequence (full name)  string              49    uvm_test_top.env_h.act_agent_h.seqr_h.write_seq_h
  sequencer                    string              37    uvm_test_top.env_h.act_agent_h.seqr_h            
----------------------------------------------------------------------------------------------------------

UVM_INFO axi4_lite_driver.sv(54) @ 695: uvm_test_top.env_h.act_agent_h.drv_h [[DRV]] Entered wr_addr_channel
UVM_INFO axi4_lite_driver.sv(87) @ 695: uvm_test_top.env_h.act_agent_h.drv_h [[DRV]] Entered wr_data_channel
UVM_INFO design.sv(138) @ 705: reporter [DESIGN] This is DUT d7ca758a
UVM_INFO axi4_lite_act_monitor.sv(65) @ 710: uvm_test_top.env_h.act_agent_h.mon_h [MON_AW] DW Captured : wdata 0x95098f65
UVM_INFO axi4_lite_driver.sv(110) @ 715: uvm_test_top.env_h.act_agent_h.drv_h [DRV] DRV DW_CHANNEL : wdata = 0X95098f65
UVM_INFO axi4_lite_driver.sv(111) @ 715: uvm_test_top.env_h.act_agent_h.drv_h [[DRV]] Exiting wr_data_channel
UVM_INFO axi4_lite_act_monitor.sv(59) @ 720: uvm_test_top.env_h.act_agent_h.mon_h [MON_AW] AW Captured : waddr 0xf0
UVM_INFO axi4_lite_driver.sv(81) @ 725: uvm_test_top.env_h.act_agent_h.drv_h [DRV] DRV AW_CHANNEL : awaddr=0xf0
UVM_INFO axi4_lite_driver.sv(82) @ 725: uvm_test_top.env_h.act_agent_h.drv_h [[DRV]] Exiting wr_addr_channel
UVM_INFO axi4_lite_driver.sv(116) @ 725: uvm_test_top.env_h.act_agent_h.drv_h [[DRV]] Entered wr_resp_channel
UVM_INFO axi4_lite_act_monitor.sv(77) @ 740: uvm_test_top.env_h.act_agent_h.mon_h [MON_WRITE_TX] WRITE_TX : awaddr = 0xf0, wdata= 0x95098f65, bresp =0
UVM_INFO axi4_lite_sb.sv(45) @ 740: uvm_test_top.env_h.sb_h [[SB]] WRITE TX received : awaddr=0xf0 wdata=0x95098f65 bresp=0
UVM_INFO axi4_lite_sb.sv(50) @ 740: uvm_test_top.env_h.sb_h [[SB]] WRITE PASS : awaddr=0xf0 wdata=0x95098f65 bresp=OKAY
UVM_INFO axi4_lite_sb.sv(66) @ 740: uvm_test_top.env_h.sb_h [[SB]] WRITE ADDR ALIGN PASS : awaddr=0xf0 is 4-byte aligned
UVM_INFO axi4_lite_driver.sv(143) @ 765: uvm_test_top.env_h.act_agent_h.drv_h [[DRV]] Exiting wr_resp_channel
UVM_INFO axi4_lite_driver.sv(235) @ 765: uvm_test_top.env_h.act_agent_h.drv_h [[DRV]] After item_done()
UVM_INFO write_seq.sv(37) @ 765: uvm_test_top.env_h.act_agent_h.seqr_h@@write_seq_h [[SEQ]] Response = ----------------------------------------------------------------------------------------------------------
Name                           Type                Size  Value                                            
----------------------------------------------------------------------------------------------------------
item_h                         axi4_lite_seq_item  -     @1066                                            
  awaddr                       integral            32    'hf0                                             
  awvalid                      integral            1     'h0                                              
  awready                      integral            1     'h0                                              
  wdata                        integral            32    'h95098f65                                       
  wstrb                        integral            4     'hf                                              
  wvalid                       integral            1     'h0                                              
  wready                       integral            1     'h0                                              
  bresp                        integral            3     'h0                                              
  bvalid                       integral            1     'h0                                              
  bready                       integral            1     'h0                                              
  araddr                       integral            32    'h487f26c4                                       
  arvalid                      integral            1     'h0                                              
  arready                      integral            1     'h0                                              
  rdata                        integral            32    'h0                                              
  rresp                        integral            3     'h0                                              
  rvalid                       integral            1     'h0                                              
  rready                       integral            1     'h0                                              
  is_write                     integral            1     'h1                                              
  rst_f                        integral            1     'h0                                              
  begin_time                   time                64    695                                              
  end_time                     time                64    765                                              
  depth                        int                 32    'd2                                              
  parent sequence (name)       string              11    write_seq_h                                      
  parent sequence (full name)  string              49    uvm_test_top.env_h.act_agent_h.seqr_h.write_seq_h
  sequencer                    string              37    uvm_test_top.env_h.act_agent_h.seqr_h            
----------------------------------------------------------------------------------------------------------

UVM_INFO write_seq.sv(27) @ 775: uvm_test_top.env_h.act_agent_h.seqr_h@@write_seq_h [AWADDR_SEQ] This is write_seq : ----------------------------------------------------------------------------------------------------------
Name                           Type                Size  Value                                            
----------------------------------------------------------------------------------------------------------
item_h                         axi4_lite_seq_item  -     @1114                                            
  awaddr                       integral            32    'ha0                                             
  awvalid                      integral            1     'h0                                              
  awready                      integral            1     'h0                                              
  wdata                        integral            32    'hf6af6dfc                                       
  wstrb                        integral            4     'hf                                              
  wvalid                       integral            1     'h0                                              
  wready                       integral            1     'h0                                              
  bresp                        integral            3     'h0                                              
  bvalid                       integral            1     'h0                                              
  bready                       integral            1     'h0                                              
  araddr                       integral            32    'h58f94548                                       
  arvalid                      integral            1     'h0                                              
  arready                      integral            1     'h0                                              
  rdata                        integral            32    'h0                                              
  rresp                        integral            3     'h0                                              
  rvalid                       integral            1     'h0                                              
  rready                       integral            1     'h0                                              
  is_write                     integral            1     'h1                                              
  rst_f                        integral            1     'h0                                              
  begin_time                   time                64    775                                              
  depth                        int                 32    'd2                                              
  parent sequence (name)       string              11    write_seq_h                                      
  parent sequence (full name)  string              49    uvm_test_top.env_h.act_agent_h.seqr_h.write_seq_h
  sequencer                    string              37    uvm_test_top.env_h.act_agent_h.seqr_h            
----------------------------------------------------------------------------------------------------------

UVM_INFO axi4_lite_driver.sv(54) @ 775: uvm_test_top.env_h.act_agent_h.drv_h [[DRV]] Entered wr_addr_channel
UVM_INFO axi4_lite_driver.sv(87) @ 775: uvm_test_top.env_h.act_agent_h.drv_h [[DRV]] Entered wr_data_channel
UVM_INFO design.sv(138) @ 785: reporter [DESIGN] This is DUT 95098f65
UVM_INFO axi4_lite_act_monitor.sv(65) @ 790: uvm_test_top.env_h.act_agent_h.mon_h [MON_AW] DW Captured : wdata 0xf6af6dfc
UVM_INFO axi4_lite_driver.sv(110) @ 795: uvm_test_top.env_h.act_agent_h.drv_h [DRV] DRV DW_CHANNEL : wdata = 0Xf6af6dfc
UVM_INFO axi4_lite_driver.sv(111) @ 795: uvm_test_top.env_h.act_agent_h.drv_h [[DRV]] Exiting wr_data_channel
UVM_INFO axi4_lite_act_monitor.sv(59) @ 800: uvm_test_top.env_h.act_agent_h.mon_h [MON_AW] AW Captured : waddr 0xa0
UVM_INFO axi4_lite_driver.sv(81) @ 805: uvm_test_top.env_h.act_agent_h.drv_h [DRV] DRV AW_CHANNEL : awaddr=0xa0
UVM_INFO axi4_lite_driver.sv(82) @ 805: uvm_test_top.env_h.act_agent_h.drv_h [[DRV]] Exiting wr_addr_channel
UVM_INFO axi4_lite_driver.sv(116) @ 805: uvm_test_top.env_h.act_agent_h.drv_h [[DRV]] Entered wr_resp_channel
UVM_INFO axi4_lite_act_monitor.sv(77) @ 820: uvm_test_top.env_h.act_agent_h.mon_h [MON_WRITE_TX] WRITE_TX : awaddr = 0xa0, wdata= 0xf6af6dfc, bresp =0
UVM_INFO axi4_lite_sb.sv(45) @ 820: uvm_test_top.env_h.sb_h [[SB]] WRITE TX received : awaddr=0xa0 wdata=0xf6af6dfc bresp=0
UVM_INFO axi4_lite_sb.sv(50) @ 820: uvm_test_top.env_h.sb_h [[SB]] WRITE PASS : awaddr=0xa0 wdata=0xf6af6dfc bresp=OKAY
UVM_INFO axi4_lite_sb.sv(66) @ 820: uvm_test_top.env_h.sb_h [[SB]] WRITE ADDR ALIGN PASS : awaddr=0xa0 is 4-byte aligned
UVM_INFO axi4_lite_driver.sv(143) @ 845: uvm_test_top.env_h.act_agent_h.drv_h [[DRV]] Exiting wr_resp_channel
UVM_INFO axi4_lite_driver.sv(235) @ 845: uvm_test_top.env_h.act_agent_h.drv_h [[DRV]] After item_done()
UVM_INFO write_seq.sv(37) @ 845: uvm_test_top.env_h.act_agent_h.seqr_h@@write_seq_h [[SEQ]] Response = ----------------------------------------------------------------------------------------------------------
Name                           Type                Size  Value                                            
----------------------------------------------------------------------------------------------------------
item_h                         axi4_lite_seq_item  -     @1114                                            
  awaddr                       integral            32    'ha0                                             
  awvalid                      integral            1     'h0                                              
  awready                      integral            1     'h0                                              
  wdata                        integral            32    'hf6af6dfc                                       
  wstrb                        integral            4     'hf                                              
  wvalid                       integral            1     'h0                                              
  wready                       integral            1     'h0                                              
  bresp                        integral            3     'h0                                              
  bvalid                       integral            1     'h0                                              
  bready                       integral            1     'h0                                              
  araddr                       integral            32    'h58f94548                                       
  arvalid                      integral            1     'h0                                              
  arready                      integral            1     'h0                                              
  rdata                        integral            32    'h0                                              
  rresp                        integral            3     'h0                                              
  rvalid                       integral            1     'h0                                              
  rready                       integral            1     'h0                                              
  is_write                     integral            1     'h1                                              
  rst_f                        integral            1     'h0                                              
  begin_time                   time                64    775                                              
  end_time                     time                64    845                                              
  depth                        int                 32    'd2                                              
  parent sequence (name)       string              11    write_seq_h                                      
  parent sequence (full name)  string              49    uvm_test_top.env_h.act_agent_h.seqr_h.write_seq_h
  sequencer                    string              37    uvm_test_top.env_h.act_agent_h.seqr_h            
----------------------------------------------------------------------------------------------------------

UVM_INFO read_seq.sv(26) @ 855: uvm_test_top.env_h.act_agent_h.seqr_h@@read_seq_h [AWADDR_SEQ] This is read_seq : ---------------------------------------------------------------------------------------------------------
Name                           Type                Size  Value                                           
---------------------------------------------------------------------------------------------------------
item_h                         axi4_lite_seq_item  -     @1166                                           
  awaddr                       integral            32    'h30                                            
  awvalid                      integral            1     'h0                                             
  awready                      integral            1     'h0                                             
  wdata                        integral            32    'h39379939                                      
  wstrb                        integral            4     'h0                                             
  wvalid                       integral            1     'h0                                             
  wready                       integral            1     'h0                                             
  bresp                        integral            3     'h0                                             
  bvalid                       integral            1     'h0                                             
  bready                       integral            1     'h0                                             
  araddr                       integral            32    'h8f6d5f2c                                      
  arvalid                      integral            1     'h0                                             
  arready                      integral            1     'h0                                             
  rdata                        integral            32    'h0                                             
  rresp                        integral            3     'h0                                             
  rvalid                       integral            1     'h0                                             
  rready                       integral            1     'h0                                             
  is_write                     integral            1     'h0                                             
  rst_f                        integral            1     'h0                                             
  begin_time                   time                64    855                                             
  depth                        int                 32    'd2                                             
  parent sequence (name)       string              10    read_seq_h                                      
  parent sequence (full name)  string              48    uvm_test_top.env_h.act_agent_h.seqr_h.read_seq_h
  sequencer                    string              37    uvm_test_top.env_h.act_agent_h.seqr_h           
---------------------------------------------------------------------------------------------------------

UVM_INFO axi4_lite_driver.sv(148) @ 855: uvm_test_top.env_h.act_agent_h.drv_h [[DRV]] Entered rd_addr_channel
"axi4_lite_interface.sv", 103: axi4_lite_top.intf_h.rst_arvalid: started at 885s failed at 885s
	Offending '(arvalid == 1'b0)'
UVM_INFO axi4_lite_driver.sv(172) @ 895: uvm_test_top.env_h.act_agent_h.drv_h [[DRV]] Reset detected before bready <=0
UVM_INFO axi4_lite_driver.sv(176) @ 895: uvm_test_top.env_h.act_agent_h.drv_h [DRV] DRV araddr_channel: araddr=0x8f6d5f2c
UVM_INFO axi4_lite_driver.sv(177) @ 895: uvm_test_top.env_h.act_agent_h.drv_h [[DRV]] Existing rd_addr_channel
UVM_INFO axi4_lite_driver.sv(182) @ 895: uvm_test_top.env_h.act_agent_h.drv_h [[DRV]] Entered rd_data_channel
UVM_INFO axi4_lite_driver.sv(207) @ 925: uvm_test_top.env_h.act_agent_h.drv_h [[DRV]] Existing rd_data_channel
UVM_INFO axi4_lite_driver.sv(235) @ 925: uvm_test_top.env_h.act_agent_h.drv_h [[DRV]] After item_done()
UVM_INFO read_seq.sv(30) @ 925: uvm_test_top.env_h.act_agent_h.seqr_h@@read_seq_h [[SEQ]] Reset Ocuured -- resending packet
UVM_INFO axi4_lite_driver.sv(148) @ 935: uvm_test_top.env_h.act_agent_h.drv_h [[DRV]] Entered rd_addr_channel
UVM_INFO axi4_lite_act_monitor.sv(97) @ 960: uvm_test_top.env_h.act_agent_h.mon_h [MON_AR] AR Captured araddr= 0x8f6d5f2c
UVM_INFO design.sv(226) @ 965: reporter [DESIGN_RDATA] This is RDATA ==xxxxxxxx
UVM_INFO design.sv(227) @ 965: reporter [DESIGN_MEM] This is memory ==xxxxxxxx
UVM_INFO axi4_lite_driver.sv(176) @ 965: uvm_test_top.env_h.act_agent_h.drv_h [DRV] DRV araddr_channel: araddr=0x8f6d5f2c
UVM_INFO axi4_lite_driver.sv(177) @ 965: uvm_test_top.env_h.act_agent_h.drv_h [[DRV]] Existing rd_addr_channel
UVM_INFO axi4_lite_driver.sv(182) @ 965: uvm_test_top.env_h.act_agent_h.drv_h [[DRV]] Entered rd_data_channel
UVM_INFO axi4_lite_act_monitor.sv(107) @ 980: uvm_test_top.env_h.act_agent_h.mon_h [MON_RD_TX] READ_TX : araddr=0x8f6d5f2c, rdata=0xxxxxxxxx rresp=0
UVM_INFO axi4_lite_sb.sv(76) @ 980: uvm_test_top.env_h.sb_h [[SB]] READ TX received : araddr=0x8f6d5f2c rdata=0x0 rresp=0
UVM_INFO axi4_lite_sb.sv(81) @ 980: uvm_test_top.env_h.sb_h [[SB]] READ PASS : araddr=0x8f6d5f2c rdata=0x0 rresp=OKAY
UVM_INFO axi4_lite_sb.sv(98) @ 980: uvm_test_top.env_h.sb_h [[SB]] READ ADDR ALIGN PASS : araddr=0x8f6d5f2c is 4-byte aligned
UVM_INFO axi4_lite_driver.sv(207) @ 1005: uvm_test_top.env_h.act_agent_h.drv_h [[DRV]] Existing rd_data_channel
UVM_INFO axi4_lite_driver.sv(235) @ 1005: uvm_test_top.env_h.act_agent_h.drv_h [[DRV]] After item_done()
UVM_INFO read_seq.sv(26) @ 1015: uvm_test_top.env_h.act_agent_h.seqr_h@@read_seq_h [AWADDR_SEQ] This is read_seq : ---------------------------------------------------------------------------------------------------------
Name                           Type                Size  Value                                           
---------------------------------------------------------------------------------------------------------
item_h                         axi4_lite_seq_item  -     @1230                                           
  awaddr                       integral            32    'h48                                            
  awvalid                      integral            1     'h0                                             
  awready                      integral            1     'h0                                             
  wdata                        integral            32    'hbcdd7b6c                                      
  wstrb                        integral            4     'h0                                             
  wvalid                       integral            1     'h0                                             
  wready                       integral            1     'h0                                             
  bresp                        integral            3     'h0                                             
  bvalid                       integral            1     'h0                                             
  bready                       integral            1     'h0                                             
  araddr                       integral            32    'h2f5cd10                                       
  arvalid                      integral            1     'h0                                             
  arready                      integral            1     'h0                                             
  rdata                        integral            32    'h0                                             
  rresp                        integral            3     'h0                                             
  rvalid                       integral            1     'h0                                             
  rready                       integral            1     'h0                                             
  is_write                     integral            1     'h0                                             
  rst_f                        integral            1     'h0                                             
  begin_time                   time                64    1015                                            
  depth                        int                 32    'd2                                             
  parent sequence (name)       string              10    read_seq_h                                      
  parent sequence (full name)  string              48    uvm_test_top.env_h.act_agent_h.seqr_h.read_seq_h
  sequencer                    string              37    uvm_test_top.env_h.act_agent_h.seqr_h           
---------------------------------------------------------------------------------------------------------

UVM_INFO axi4_lite_driver.sv(148) @ 1015: uvm_test_top.env_h.act_agent_h.drv_h [[DRV]] Entered rd_addr_channel
UVM_INFO axi4_lite_act_monitor.sv(97) @ 1040: uvm_test_top.env_h.act_agent_h.mon_h [MON_AR] AR Captured araddr= 0x2f5cd10
UVM_INFO design.sv(226) @ 1045: reporter [DESIGN_RDATA] This is RDATA ==xxxxxxxx
UVM_INFO design.sv(227) @ 1045: reporter [DESIGN_MEM] This is memory ==xxxxxxxx
UVM_INFO axi4_lite_driver.sv(176) @ 1045: uvm_test_top.env_h.act_agent_h.drv_h [DRV] DRV araddr_channel: araddr=0x2f5cd10
UVM_INFO axi4_lite_driver.sv(177) @ 1045: uvm_test_top.env_h.act_agent_h.drv_h [[DRV]] Existing rd_addr_channel
UVM_INFO axi4_lite_driver.sv(182) @ 1045: uvm_test_top.env_h.act_agent_h.drv_h [[DRV]] Entered rd_data_channel
UVM_INFO axi4_lite_act_monitor.sv(107) @ 1060: uvm_test_top.env_h.act_agent_h.mon_h [MON_RD_TX] READ_TX : araddr=0x2f5cd10, rdata=0xxxxxxxxx rresp=0
UVM_INFO axi4_lite_sb.sv(76) @ 1060: uvm_test_top.env_h.sb_h [[SB]] READ TX received : araddr=0x2f5cd10 rdata=0x0 rresp=0
UVM_INFO axi4_lite_sb.sv(81) @ 1060: uvm_test_top.env_h.sb_h [[SB]] READ PASS : araddr=0x2f5cd10 rdata=0x0 rresp=OKAY
UVM_INFO axi4_lite_sb.sv(98) @ 1060: uvm_test_top.env_h.sb_h [[SB]] READ ADDR ALIGN PASS : araddr=0x2f5cd10 is 4-byte aligned
UVM_INFO axi4_lite_driver.sv(207) @ 1085: uvm_test_top.env_h.act_agent_h.drv_h [[DRV]] Existing rd_data_channel
UVM_INFO axi4_lite_driver.sv(235) @ 1085: uvm_test_top.env_h.act_agent_h.drv_h [[DRV]] After item_done()
UVM_INFO read_seq.sv(36) @ 1085: uvm_test_top.env_h.act_agent_h.seqr_h@@read_seq_h [[SEQ]] Response = ---------------------------------------------------------------------------------------------------------
Name                           Type                Size  Value                                           
---------------------------------------------------------------------------------------------------------
item_h                         axi4_lite_seq_item  -     @1230                                           
  awaddr                       integral            32    'h48                                            
  awvalid                      integral            1     'h0                                             
  awready                      integral            1     'h0                                             
  wdata                        integral            32    'hbcdd7b6c                                      
  wstrb                        integral            4     'h0                                             
  wvalid                       integral            1     'h0                                             
  wready                       integral            1     'h0                                             
  bresp                        integral            3     'h0                                             
  bvalid                       integral            1     'h0                                             
  bready                       integral            1     'h0                                             
  araddr                       integral            32    'h2f5cd10                                       
  arvalid                      integral            1     'h0                                             
  arready                      integral            1     'h0                                             
  rdata                        integral            32    'h0                                             
  rresp                        integral            3     'h0                                             
  rvalid                       integral            1     'h0                                             
  rready                       integral            1     'h0                                             
  is_write                     integral            1     'h0                                             
  rst_f                        integral            1     'h0                                             
  begin_time                   time                64    1015                                            
  end_time                     time                64    1085                                            
  depth                        int                 32    'd2                                             
  parent sequence (name)       string              10    read_seq_h                                      
  parent sequence (full name)  string              48    uvm_test_top.env_h.act_agent_h.seqr_h.read_seq_h
  sequencer                    string              37    uvm_test_top.env_h.act_agent_h.seqr_h           
---------------------------------------------------------------------------------------------------------

UVM_INFO read_seq.sv(26) @ 1095: uvm_test_top.env_h.act_agent_h.seqr_h@@read_seq_h [AWADDR_SEQ] This is read_seq : ---------------------------------------------------------------------------------------------------------
Name                           Type                Size  Value                                           
---------------------------------------------------------------------------------------------------------
item_h                         axi4_lite_seq_item  -     @1272                                           
  awaddr                       integral            32    'h3c                                            
  awvalid                      integral            1     'h0                                             
  awready                      integral            1     'h0                                             
  wdata                        integral            32    'hf35b4443                                      
  wstrb                        integral            4     'h0                                             
  wvalid                       integral            1     'h0                                             
  wready                       integral            1     'h0                                             
  bresp                        integral            3     'h0                                             
  bvalid                       integral            1     'h0                                             
  bready                       integral            1     'h0                                             
  araddr                       integral            32    'h17cc10cc                                      
  arvalid                      integral            1     'h0                                             
  arready                      integral            1     'h0                                             
  rdata                        integral            32    'h0                                             
  rresp                        integral            3     'h0                                             
  rvalid                       integral            1     'h0                                             
  rready                       integral            1     'h0                                             
  is_write                     integral            1     'h0                                             
  rst_f                        integral            1     'h0                                             
  begin_time                   time                64    1095                                            
  depth                        int                 32    'd2                                             
  parent sequence (name)       string              10    read_seq_h                                      
  parent sequence (full name)  string              48    uvm_test_top.env_h.act_agent_h.seqr_h.read_seq_h
  sequencer                    string              37    uvm_test_top.env_h.act_agent_h.seqr_h           
---------------------------------------------------------------------------------------------------------

UVM_INFO axi4_lite_driver.sv(148) @ 1095: uvm_test_top.env_h.act_agent_h.drv_h [[DRV]] Entered rd_addr_channel
UVM_INFO axi4_lite_act_monitor.sv(97) @ 1120: uvm_test_top.env_h.act_agent_h.mon_h [MON_AR] AR Captured araddr= 0x17cc10cc
UVM_INFO design.sv(226) @ 1125: reporter [DESIGN_RDATA] This is RDATA ==xxxxxxxx
UVM_INFO design.sv(227) @ 1125: reporter [DESIGN_MEM] This is memory ==xxxxxxxx
UVM_INFO axi4_lite_driver.sv(176) @ 1125: uvm_test_top.env_h.act_agent_h.drv_h [DRV] DRV araddr_channel: araddr=0x17cc10cc
UVM_INFO axi4_lite_driver.sv(177) @ 1125: uvm_test_top.env_h.act_agent_h.drv_h [[DRV]] Existing rd_addr_channel
UVM_INFO axi4_lite_driver.sv(182) @ 1125: uvm_test_top.env_h.act_agent_h.drv_h [[DRV]] Entered rd_data_channel
UVM_INFO axi4_lite_act_monitor.sv(107) @ 1140: uvm_test_top.env_h.act_agent_h.mon_h [MON_RD_TX] READ_TX : araddr=0x17cc10cc, rdata=0xxxxxxxxx rresp=0
UVM_INFO axi4_lite_sb.sv(76) @ 1140: uvm_test_top.env_h.sb_h [[SB]] READ TX received : araddr=0x17cc10cc rdata=0x0 rresp=0
UVM_INFO axi4_lite_sb.sv(81) @ 1140: uvm_test_top.env_h.sb_h [[SB]] READ PASS : araddr=0x17cc10cc rdata=0x0 rresp=OKAY
UVM_INFO axi4_lite_sb.sv(98) @ 1140: uvm_test_top.env_h.sb_h [[SB]] READ ADDR ALIGN PASS : araddr=0x17cc10cc is 4-byte aligned
"axi4_lite_interface.sv", 110: axi4_lite_top.intf_h.rst_rready: started at 1155s failed at 1155s
	Offending '(rready == 1'b0)'
"axi4_lite_interface.sv", 110: axi4_lite_top.intf_h.rst_rready: started at 1165s failed at 1165s
	Offending '(rready == 1'b0)'
UVM_INFO axi4_lite_driver.sv(207) @ 1165: uvm_test_top.env_h.act_agent_h.drv_h [[DRV]] Existing rd_data_channel
UVM_INFO axi4_lite_driver.sv(235) @ 1165: uvm_test_top.env_h.act_agent_h.drv_h [[DRV]] After item_done()
UVM_INFO read_seq.sv(36) @ 1165: uvm_test_top.env_h.act_agent_h.seqr_h@@read_seq_h [[SEQ]] Response = ---------------------------------------------------------------------------------------------------------
Name                           Type                Size  Value                                           
---------------------------------------------------------------------------------------------------------
item_h                         axi4_lite_seq_item  -     @1272                                           
  awaddr                       integral            32    'h3c                                            
  awvalid                      integral            1     'h0                                             
  awready                      integral            1     'h0                                             
  wdata                        integral            32    'hf35b4443                                      
  wstrb                        integral            4     'h0                                             
  wvalid                       integral            1     'h0                                             
  wready                       integral            1     'h0                                             
  bresp                        integral            3     'h0                                             
  bvalid                       integral            1     'h0                                             
  bready                       integral            1     'h0                                             
  araddr                       integral            32    'h17cc10cc                                      
  arvalid                      integral            1     'h0                                             
  arready                      integral            1     'h0                                             
  rdata                        integral            32    'h0                                             
  rresp                        integral            3     'h0                                             
  rvalid                       integral            1     'h0                                             
  rready                       integral            1     'h0                                             
  is_write                     integral            1     'h0                                             
  rst_f                        integral            1     'h0                                             
  begin_time                   time                64    1095                                            
  end_time                     time                64    1165                                            
  depth                        int                 32    'd2                                             
  parent sequence (name)       string              10    read_seq_h                                      
  parent sequence (full name)  string              48    uvm_test_top.env_h.act_agent_h.seqr_h.read_seq_h
  sequencer                    string              37    uvm_test_top.env_h.act_agent_h.seqr_h           
---------------------------------------------------------------------------------------------------------

UVM_INFO read_seq.sv(26) @ 1175: uvm_test_top.env_h.act_agent_h.seqr_h@@read_seq_h [AWADDR_SEQ] This is read_seq : ---------------------------------------------------------------------------------------------------------
Name                           Type                Size  Value                                           
---------------------------------------------------------------------------------------------------------
item_h                         axi4_lite_seq_item  -     @1314                                           
  awaddr                       integral            32    'hc                                             
  awvalid                      integral            1     'h0                                             
  awready                      integral            1     'h0                                             
  wdata                        integral            32    'h135345d4                                      
  wstrb                        integral            4     'h0                                             
  wvalid                       integral            1     'h0                                             
  wready                       integral            1     'h0                                             
  bresp                        integral            3     'h0                                             
  bvalid                       integral            1     'h0                                             
  bready                       integral            1     'h0                                             
  araddr                       integral            32    'hedd74a0c                                      
  arvalid                      integral            1     'h0                                             
  arready                      integral            1     'h0                                             
  rdata                        integral            32    'h0                                             
  rresp                        integral            3     'h0                                             
  rvalid                       integral            1     'h0                                             
  rready                       integral            1     'h0                                             
  is_write                     integral            1     'h0                                             
  rst_f                        integral            1     'h0                                             
  begin_time                   time                64    1175                                            
  depth                        int                 32    'd2                                             
  parent sequence (name)       string              10    read_seq_h                                      
  parent sequence (full name)  string              48    uvm_test_top.env_h.act_agent_h.seqr_h.read_seq_h
  sequencer                    string              37    uvm_test_top.env_h.act_agent_h.seqr_h           
---------------------------------------------------------------------------------------------------------

UVM_INFO axi4_lite_driver.sv(148) @ 1175: uvm_test_top.env_h.act_agent_h.drv_h [[DRV]] Entered rd_addr_channel
UVM_INFO axi4_lite_act_monitor.sv(97) @ 1200: uvm_test_top.env_h.act_agent_h.mon_h [MON_AR] AR Captured araddr= 0xedd74a0c
UVM_INFO design.sv(226) @ 1205: reporter [DESIGN_RDATA] This is RDATA ==xxxxxxxx
UVM_INFO design.sv(227) @ 1205: reporter [DESIGN_MEM] This is memory ==xxxxxxxx
UVM_INFO axi4_lite_driver.sv(176) @ 1205: uvm_test_top.env_h.act_agent_h.drv_h [DRV] DRV araddr_channel: araddr=0xedd74a0c
UVM_INFO axi4_lite_driver.sv(177) @ 1205: uvm_test_top.env_h.act_agent_h.drv_h [[DRV]] Existing rd_addr_channel
UVM_INFO axi4_lite_driver.sv(182) @ 1205: uvm_test_top.env_h.act_agent_h.drv_h [[DRV]] Entered rd_data_channel
UVM_INFO axi4_lite_act_monitor.sv(107) @ 1220: uvm_test_top.env_h.act_agent_h.mon_h [MON_RD_TX] READ_TX : araddr=0xedd74a0c, rdata=0xxxxxxxxx rresp=0
UVM_INFO axi4_lite_sb.sv(76) @ 1220: uvm_test_top.env_h.sb_h [[SB]] READ TX received : araddr=0xedd74a0c rdata=0x0 rresp=0
UVM_INFO axi4_lite_sb.sv(81) @ 1220: uvm_test_top.env_h.sb_h [[SB]] READ PASS : araddr=0xedd74a0c rdata=0x0 rresp=OKAY
UVM_INFO axi4_lite_sb.sv(98) @ 1220: uvm_test_top.env_h.sb_h [[SB]] READ ADDR ALIGN PASS : araddr=0xedd74a0c is 4-byte aligned
UVM_INFO axi4_lite_driver.sv(207) @ 1245: uvm_test_top.env_h.act_agent_h.drv_h [[DRV]] Existing rd_data_channel
UVM_INFO axi4_lite_driver.sv(235) @ 1245: uvm_test_top.env_h.act_agent_h.drv_h [[DRV]] After item_done()
UVM_INFO read_seq.sv(36) @ 1245: uvm_test_top.env_h.act_agent_h.seqr_h@@read_seq_h [[SEQ]] Response = ---------------------------------------------------------------------------------------------------------
Name                           Type                Size  Value                                           
---------------------------------------------------------------------------------------------------------
item_h                         axi4_lite_seq_item  -     @1314                                           
  awaddr                       integral            32    'hc                                             
  awvalid                      integral            1     'h0                                             
  awready                      integral            1     'h0                                             
  wdata                        integral            32    'h135345d4                                      
  wstrb                        integral            4     'h0                                             
  wvalid                       integral            1     'h0                                             
  wready                       integral            1     'h0                                             
  bresp                        integral            3     'h0                                             
  bvalid                       integral            1     'h0                                             
  bready                       integral            1     'h0                                             
  araddr                       integral            32    'hedd74a0c                                      
  arvalid                      integral            1     'h0                                             
  arready                      integral            1     'h0                                             
  rdata                        integral            32    'h0                                             
  rresp                        integral            3     'h0                                             
  rvalid                       integral            1     'h0                                             
  rready                       integral            1     'h0                                             
  is_write                     integral            1     'h0                                             
  rst_f                        integral            1     'h0                                             
  begin_time                   time                64    1175                                            
  end_time                     time                64    1245                                            
  depth                        int                 32    'd2                                             
  parent sequence (name)       string              10    read_seq_h                                      
  parent sequence (full name)  string              48    uvm_test_top.env_h.act_agent_h.seqr_h.read_seq_h
  sequencer                    string              37    uvm_test_top.env_h.act_agent_h.seqr_h           
---------------------------------------------------------------------------------------------------------

UVM_INFO read_seq.sv(26) @ 1255: uvm_test_top.env_h.act_agent_h.seqr_h@@read_seq_h [AWADDR_SEQ] This is read_seq : ---------------------------------------------------------------------------------------------------------
Name                           Type                Size  Value                                           
---------------------------------------------------------------------------------------------------------
item_h                         axi4_lite_seq_item  -     @1356                                           
  awaddr                       integral            32    'h98                                            
  awvalid                      integral            1     'h0                                             
  awready                      integral            1     'h0                                             
  wdata                        integral            32    'h5b15baa5                                      
  wstrb                        integral            4     'h0                                             
  wvalid                       integral            1     'h0                                             
  wready                       integral            1     'h0                                             
  bresp                        integral            3     'h0                                             
  bvalid                       integral            1     'h0                                             
  bready                       integral            1     'h0                                             
  araddr                       integral            32    'he89e13e8                                      
  arvalid                      integral            1     'h0                                             
  arready                      integral            1     'h0                                             
  rdata                        integral            32    'h0                                             
  rresp                        integral            3     'h0                                             
  rvalid                       integral            1     'h0                                             
  rready                       integral            1     'h0                                             
  is_write                     integral            1     'h0                                             
  rst_f                        integral            1     'h0                                             
  begin_time                   time                64    1255                                            
  depth                        int                 32    'd2                                             
  parent sequence (name)       string              10    read_seq_h                                      
  parent sequence (full name)  string              48    uvm_test_top.env_h.act_agent_h.seqr_h.read_seq_h
  sequencer                    string              37    uvm_test_top.env_h.act_agent_h.seqr_h           
---------------------------------------------------------------------------------------------------------

UVM_INFO axi4_lite_driver.sv(148) @ 1255: uvm_test_top.env_h.act_agent_h.drv_h [[DRV]] Entered rd_addr_channel
UVM_INFO axi4_lite_act_monitor.sv(97) @ 1280: uvm_test_top.env_h.act_agent_h.mon_h [MON_AR] AR Captured araddr= 0xe89e13e8
UVM_INFO design.sv(226) @ 1285: reporter [DESIGN_RDATA] This is RDATA ==xxxxxxxx
UVM_INFO design.sv(227) @ 1285: reporter [DESIGN_MEM] This is memory ==xxxxxxxx
UVM_INFO axi4_lite_driver.sv(176) @ 1285: uvm_test_top.env_h.act_agent_h.drv_h [DRV] DRV araddr_channel: araddr=0xe89e13e8
UVM_INFO axi4_lite_driver.sv(177) @ 1285: uvm_test_top.env_h.act_agent_h.drv_h [[DRV]] Existing rd_addr_channel
UVM_INFO axi4_lite_driver.sv(182) @ 1285: uvm_test_top.env_h.act_agent_h.drv_h [[DRV]] Entered rd_data_channel
UVM_INFO axi4_lite_act_monitor.sv(107) @ 1300: uvm_test_top.env_h.act_agent_h.mon_h [MON_RD_TX] READ_TX : araddr=0xe89e13e8, rdata=0xxxxxxxxx rresp=0
UVM_INFO axi4_lite_sb.sv(76) @ 1300: uvm_test_top.env_h.sb_h [[SB]] READ TX received : araddr=0xe89e13e8 rdata=0x0 rresp=0
UVM_INFO axi4_lite_sb.sv(81) @ 1300: uvm_test_top.env_h.sb_h [[SB]] READ PASS : araddr=0xe89e13e8 rdata=0x0 rresp=OKAY
UVM_INFO axi4_lite_sb.sv(98) @ 1300: uvm_test_top.env_h.sb_h [[SB]] READ ADDR ALIGN PASS : araddr=0xe89e13e8 is 4-byte aligned
UVM_INFO axi4_lite_driver.sv(207) @ 1325: uvm_test_top.env_h.act_agent_h.drv_h [[DRV]] Existing rd_data_channel
UVM_INFO axi4_lite_driver.sv(235) @ 1325: uvm_test_top.env_h.act_agent_h.drv_h [[DRV]] After item_done()
UVM_INFO read_seq.sv(36) @ 1325: uvm_test_top.env_h.act_agent_h.seqr_h@@read_seq_h [[SEQ]] Response = ---------------------------------------------------------------------------------------------------------
Name                           Type                Size  Value                                           
---------------------------------------------------------------------------------------------------------
item_h                         axi4_lite_seq_item  -     @1356                                           
  awaddr                       integral            32    'h98                                            
  awvalid                      integral            1     'h0                                             
  awready                      integral            1     'h0                                             
  wdata                        integral            32    'h5b15baa5                                      
  wstrb                        integral            4     'h0                                             
  wvalid                       integral            1     'h0                                             
  wready                       integral            1     'h0                                             
  bresp                        integral            3     'h0                                             
  bvalid                       integral            1     'h0                                             
  bready                       integral            1     'h0                                             
  araddr                       integral            32    'he89e13e8                                      
  arvalid                      integral            1     'h0                                             
  arready                      integral            1     'h0                                             
  rdata                        integral            32    'h0                                             
  rresp                        integral            3     'h0                                             
  rvalid                       integral            1     'h0                                             
  rready                       integral            1     'h0                                             
  is_write                     integral            1     'h0                                             
  rst_f                        integral            1     'h0                                             
  begin_time                   time                64    1255                                            
  end_time                     time                64    1325                                            
  depth                        int                 32    'd2                                             
  parent sequence (name)       string              10    read_seq_h                                      
  parent sequence (full name)  string              48    uvm_test_top.env_h.act_agent_h.seqr_h.read_seq_h
  sequencer                    string              37    uvm_test_top.env_h.act_agent_h.seqr_h           
---------------------------------------------------------------------------------------------------------

UVM_INFO read_seq.sv(26) @ 1335: uvm_test_top.env_h.act_agent_h.seqr_h@@read_seq_h [AWADDR_SEQ] This is read_seq : ---------------------------------------------------------------------------------------------------------
Name                           Type                Size  Value                                           
---------------------------------------------------------------------------------------------------------
item_h                         axi4_lite_seq_item  -     @1398                                           
  awaddr                       integral            32    'hdc                                            
  awvalid                      integral            1     'h0                                             
  awready                      integral            1     'h0                                             
  wdata                        integral            32    'hc75cfefd                                      
  wstrb                        integral            4     'h0                                             
  wvalid                       integral            1     'h0                                             
  wready                       integral            1     'h0                                             
  bresp                        integral            3     'h0                                             
  bvalid                       integral            1     'h0                                             
  bready                       integral            1     'h0                                             
  araddr                       integral            32    'h418e3200                                      
  arvalid                      integral            1     'h0                                             
  arready                      integral            1     'h0                                             
  rdata                        integral            32    'h0                                             
  rresp                        integral            3     'h0                                             
  rvalid                       integral            1     'h0                                             
  rready                       integral            1     'h0                                             
  is_write                     integral            1     'h0                                             
  rst_f                        integral            1     'h0                                             
  begin_time                   time                64    1335                                            
  depth                        int                 32    'd2                                             
  parent sequence (name)       string              10    read_seq_h                                      
  parent sequence (full name)  string              48    uvm_test_top.env_h.act_agent_h.seqr_h.read_seq_h
  sequencer                    string              37    uvm_test_top.env_h.act_agent_h.seqr_h           
---------------------------------------------------------------------------------------------------------

UVM_INFO axi4_lite_driver.sv(148) @ 1335: uvm_test_top.env_h.act_agent_h.drv_h [[DRV]] Entered rd_addr_channel
UVM_INFO axi4_lite_act_monitor.sv(97) @ 1360: uvm_test_top.env_h.act_agent_h.mon_h [MON_AR] AR Captured araddr= 0x418e3200
UVM_INFO design.sv(226) @ 1365: reporter [DESIGN_RDATA] This is RDATA ==xxxxxxxx
UVM_INFO design.sv(227) @ 1365: reporter [DESIGN_MEM] This is memory ==xxxxxxxx
UVM_INFO axi4_lite_driver.sv(176) @ 1365: uvm_test_top.env_h.act_agent_h.drv_h [DRV] DRV araddr_channel: araddr=0x418e3200
UVM_INFO axi4_lite_driver.sv(177) @ 1365: uvm_test_top.env_h.act_agent_h.drv_h [[DRV]] Existing rd_addr_channel
UVM_INFO axi4_lite_driver.sv(182) @ 1365: uvm_test_top.env_h.act_agent_h.drv_h [[DRV]] Entered rd_data_channel
UVM_INFO axi4_lite_act_monitor.sv(107) @ 1380: uvm_test_top.env_h.act_agent_h.mon_h [MON_RD_TX] READ_TX : araddr=0x418e3200, rdata=0xxxxxxxxx rresp=0
UVM_INFO axi4_lite_sb.sv(76) @ 1380: uvm_test_top.env_h.sb_h [[SB]] READ TX received : araddr=0x418e3200 rdata=0x0 rresp=0
UVM_INFO axi4_lite_sb.sv(81) @ 1380: uvm_test_top.env_h.sb_h [[SB]] READ PASS : araddr=0x418e3200 rdata=0x0 rresp=OKAY
UVM_INFO axi4_lite_sb.sv(98) @ 1380: uvm_test_top.env_h.sb_h [[SB]] READ ADDR ALIGN PASS : araddr=0x418e3200 is 4-byte aligned
UVM_INFO axi4_lite_driver.sv(207) @ 1405: uvm_test_top.env_h.act_agent_h.drv_h [[DRV]] Existing rd_data_channel
UVM_INFO axi4_lite_driver.sv(235) @ 1405: uvm_test_top.env_h.act_agent_h.drv_h [[DRV]] After item_done()
UVM_INFO read_seq.sv(36) @ 1405: uvm_test_top.env_h.act_agent_h.seqr_h@@read_seq_h [[SEQ]] Response = ---------------------------------------------------------------------------------------------------------
Name                           Type                Size  Value                                           
---------------------------------------------------------------------------------------------------------
item_h                         axi4_lite_seq_item  -     @1398                                           
  awaddr                       integral            32    'hdc                                            
  awvalid                      integral            1     'h0                                             
  awready                      integral            1     'h0                                             
  wdata                        integral            32    'hc75cfefd                                      
  wstrb                        integral            4     'h0                                             
  wvalid                       integral            1     'h0                                             
  wready                       integral            1     'h0                                             
  bresp                        integral            3     'h0                                             
  bvalid                       integral            1     'h0                                             
  bready                       integral            1     'h0                                             
  araddr                       integral            32    'h418e3200                                      
  arvalid                      integral            1     'h0                                             
  arready                      integral            1     'h0                                             
  rdata                        integral            32    'h0                                             
  rresp                        integral            3     'h0                                             
  rvalid                       integral            1     'h0                                             
  rready                       integral            1     'h0                                             
  is_write                     integral            1     'h0                                             
  rst_f                        integral            1     'h0                                             
  begin_time                   time                64    1335                                            
  end_time                     time                64    1405                                            
  depth                        int                 32    'd2                                             
  parent sequence (name)       string              10    read_seq_h                                      
  parent sequence (full name)  string              48    uvm_test_top.env_h.act_agent_h.seqr_h.read_seq_h
  sequencer                    string              37    uvm_test_top.env_h.act_agent_h.seqr_h           
---------------------------------------------------------------------------------------------------------

UVM_INFO read_seq.sv(26) @ 1415: uvm_test_top.env_h.act_agent_h.seqr_h@@read_seq_h [AWADDR_SEQ] This is read_seq : ---------------------------------------------------------------------------------------------------------
Name                           Type                Size  Value                                           
---------------------------------------------------------------------------------------------------------
item_h                         axi4_lite_seq_item  -     @1440                                           
  awaddr                       integral            32    'h44                                            
  awvalid                      integral            1     'h0                                             
  awready                      integral            1     'h0                                             
  wdata                        integral            32    'hca148e62                                      
  wstrb                        integral            4     'h0                                             
  wvalid                       integral            1     'h0                                             
  wready                       integral            1     'h0                                             
  bresp                        integral            3     'h0                                             
  bvalid                       integral            1     'h0                                             
  bready                       integral            1     'h0                                             
  araddr                       integral            32    'h709e4cf0                                      
  arvalid                      integral            1     'h0                                             
  arready                      integral            1     'h0                                             
  rdata                        integral            32    'h0                                             
  rresp                        integral            3     'h0                                             
  rvalid                       integral            1     'h0                                             
  rready                       integral            1     'h0                                             
  is_write                     integral            1     'h0                                             
  rst_f                        integral            1     'h0                                             
  begin_time                   time                64    1415                                            
  depth                        int                 32    'd2                                             
  parent sequence (name)       string              10    read_seq_h                                      
  parent sequence (full name)  string              48    uvm_test_top.env_h.act_agent_h.seqr_h.read_seq_h
  sequencer                    string              37    uvm_test_top.env_h.act_agent_h.seqr_h           
---------------------------------------------------------------------------------------------------------

UVM_INFO axi4_lite_driver.sv(148) @ 1415: uvm_test_top.env_h.act_agent_h.drv_h [[DRV]] Entered rd_addr_channel
UVM_INFO axi4_lite_act_monitor.sv(97) @ 1440: uvm_test_top.env_h.act_agent_h.mon_h [MON_AR] AR Captured araddr= 0x709e4cf0
UVM_INFO design.sv(226) @ 1445: reporter [DESIGN_RDATA] This is RDATA ==xxxxxxxx
UVM_INFO design.sv(227) @ 1445: reporter [DESIGN_MEM] This is memory ==xxxxxxxx
UVM_INFO axi4_lite_driver.sv(176) @ 1445: uvm_test_top.env_h.act_agent_h.drv_h [DRV] DRV araddr_channel: araddr=0x709e4cf0
UVM_INFO axi4_lite_driver.sv(177) @ 1445: uvm_test_top.env_h.act_agent_h.drv_h [[DRV]] Existing rd_addr_channel
UVM_INFO axi4_lite_driver.sv(182) @ 1445: uvm_test_top.env_h.act_agent_h.drv_h [[DRV]] Entered rd_data_channel
UVM_INFO axi4_lite_act_monitor.sv(107) @ 1460: uvm_test_top.env_h.act_agent_h.mon_h [MON_RD_TX] READ_TX : araddr=0x709e4cf0, rdata=0xxxxxxxxx rresp=0
UVM_INFO axi4_lite_sb.sv(76) @ 1460: uvm_test_top.env_h.sb_h [[SB]] READ TX received : araddr=0x709e4cf0 rdata=0x0 rresp=0
UVM_INFO axi4_lite_sb.sv(81) @ 1460: uvm_test_top.env_h.sb_h [[SB]] READ PASS : araddr=0x709e4cf0 rdata=0x0 rresp=OKAY
UVM_INFO axi4_lite_sb.sv(98) @ 1460: uvm_test_top.env_h.sb_h [[SB]] READ ADDR ALIGN PASS : araddr=0x709e4cf0 is 4-byte aligned
UVM_INFO axi4_lite_driver.sv(207) @ 1485: uvm_test_top.env_h.act_agent_h.drv_h [[DRV]] Existing rd_data_channel
UVM_INFO axi4_lite_driver.sv(235) @ 1485: uvm_test_top.env_h.act_agent_h.drv_h [[DRV]] After item_done()
UVM_INFO read_seq.sv(36) @ 1485: uvm_test_top.env_h.act_agent_h.seqr_h@@read_seq_h [[SEQ]] Response = ---------------------------------------------------------------------------------------------------------
Name                           Type                Size  Value                                           
---------------------------------------------------------------------------------------------------------
item_h                         axi4_lite_seq_item  -     @1440                                           
  awaddr                       integral            32    'h44                                            
  awvalid                      integral            1     'h0                                             
  awready                      integral            1     'h0                                             
  wdata                        integral            32    'hca148e62                                      
  wstrb                        integral            4     'h0                                             
  wvalid                       integral            1     'h0                                             
  wready                       integral            1     'h0                                             
  bresp                        integral            3     'h0                                             
  bvalid                       integral            1     'h0                                             
  bready                       integral            1     'h0                                             
  araddr                       integral            32    'h709e4cf0                                      
  arvalid                      integral            1     'h0                                             
  arready                      integral            1     'h0                                             
  rdata                        integral            32    'h0                                             
  rresp                        integral            3     'h0                                             
  rvalid                       integral            1     'h0                                             
  rready                       integral            1     'h0                                             
  is_write                     integral            1     'h0                                             
  rst_f                        integral            1     'h0                                             
  begin_time                   time                64    1415                                            
  end_time                     time                64    1485                                            
  depth                        int                 32    'd2                                             
  parent sequence (name)       string              10    read_seq_h                                      
  parent sequence (full name)  string              48    uvm_test_top.env_h.act_agent_h.seqr_h.read_seq_h
  sequencer                    string              37    uvm_test_top.env_h.act_agent_h.seqr_h           
---------------------------------------------------------------------------------------------------------

UVM_INFO read_seq.sv(26) @ 1495: uvm_test_top.env_h.act_agent_h.seqr_h@@read_seq_h [AWADDR_SEQ] This is read_seq : ---------------------------------------------------------------------------------------------------------
Name                           Type                Size  Value                                           
---------------------------------------------------------------------------------------------------------
item_h                         axi4_lite_seq_item  -     @1482                                           
  awaddr                       integral            32    'hd0                                            
  awvalid                      integral            1     'h0                                             
  awready                      integral            1     'h0                                             
  wdata                        integral            32    'hc875bfc4                                      
  wstrb                        integral            4     'h0                                             
  wvalid                       integral            1     'h0                                             
  wready                       integral            1     'h0                                             
  bresp                        integral            3     'h0                                             
  bvalid                       integral            1     'h0                                             
  bready                       integral            1     'h0                                             
  araddr                       integral            32    'h8423f678                                      
  arvalid                      integral            1     'h0                                             
  arready                      integral            1     'h0                                             
  rdata                        integral            32    'h0                                             
  rresp                        integral            3     'h0                                             
  rvalid                       integral            1     'h0                                             
  rready                       integral            1     'h0                                             
  is_write                     integral            1     'h0                                             
  rst_f                        integral            1     'h0                                             
  begin_time                   time                64    1495                                            
  depth                        int                 32    'd2                                             
  parent sequence (name)       string              10    read_seq_h                                      
  parent sequence (full name)  string              48    uvm_test_top.env_h.act_agent_h.seqr_h.read_seq_h
  sequencer                    string              37    uvm_test_top.env_h.act_agent_h.seqr_h           
---------------------------------------------------------------------------------------------------------

UVM_INFO axi4_lite_driver.sv(148) @ 1495: uvm_test_top.env_h.act_agent_h.drv_h [[DRV]] Entered rd_addr_channel
UVM_INFO axi4_lite_act_monitor.sv(97) @ 1520: uvm_test_top.env_h.act_agent_h.mon_h [MON_AR] AR Captured araddr= 0x8423f678
UVM_INFO design.sv(226) @ 1525: reporter [DESIGN_RDATA] This is RDATA ==xxxxxxxx
UVM_INFO design.sv(227) @ 1525: reporter [DESIGN_MEM] This is memory ==xxxxxxxx
UVM_INFO axi4_lite_driver.sv(176) @ 1525: uvm_test_top.env_h.act_agent_h.drv_h [DRV] DRV araddr_channel: araddr=0x8423f678
UVM_INFO axi4_lite_driver.sv(177) @ 1525: uvm_test_top.env_h.act_agent_h.drv_h [[DRV]] Existing rd_addr_channel
UVM_INFO axi4_lite_driver.sv(182) @ 1525: uvm_test_top.env_h.act_agent_h.drv_h [[DRV]] Entered rd_data_channel
UVM_INFO axi4_lite_act_monitor.sv(107) @ 1540: uvm_test_top.env_h.act_agent_h.mon_h [MON_RD_TX] READ_TX : araddr=0x8423f678, rdata=0xxxxxxxxx rresp=0
UVM_INFO axi4_lite_sb.sv(76) @ 1540: uvm_test_top.env_h.sb_h [[SB]] READ TX received : araddr=0x8423f678 rdata=0x0 rresp=0
UVM_INFO axi4_lite_sb.sv(81) @ 1540: uvm_test_top.env_h.sb_h [[SB]] READ PASS : araddr=0x8423f678 rdata=0x0 rresp=OKAY
UVM_INFO axi4_lite_sb.sv(98) @ 1540: uvm_test_top.env_h.sb_h [[SB]] READ ADDR ALIGN PASS : araddr=0x8423f678 is 4-byte aligned
UVM_INFO axi4_lite_driver.sv(207) @ 1565: uvm_test_top.env_h.act_agent_h.drv_h [[DRV]] Existing rd_data_channel
UVM_INFO axi4_lite_driver.sv(235) @ 1565: uvm_test_top.env_h.act_agent_h.drv_h [[DRV]] After item_done()
UVM_INFO read_seq.sv(36) @ 1565: uvm_test_top.env_h.act_agent_h.seqr_h@@read_seq_h [[SEQ]] Response = ---------------------------------------------------------------------------------------------------------
Name                           Type                Size  Value                                           
---------------------------------------------------------------------------------------------------------
item_h                         axi4_lite_seq_item  -     @1482                                           
  awaddr                       integral            32    'hd0                                            
  awvalid                      integral            1     'h0                                             
  awready                      integral            1     'h0                                             
  wdata                        integral            32    'hc875bfc4                                      
  wstrb                        integral            4     'h0                                             
  wvalid                       integral            1     'h0                                             
  wready                       integral            1     'h0                                             
  bresp                        integral            3     'h0                                             
  bvalid                       integral            1     'h0                                             
  bready                       integral            1     'h0                                             
  araddr                       integral            32    'h8423f678                                      
  arvalid                      integral            1     'h0                                             
  arready                      integral            1     'h0                                             
  rdata                        integral            32    'h0                                             
  rresp                        integral            3     'h0                                             
  rvalid                       integral            1     'h0                                             
  rready                       integral            1     'h0                                             
  is_write                     integral            1     'h0                                             
  rst_f                        integral            1     'h0                                             
  begin_time                   time                64    1495                                            
  end_time                     time                64    1565                                            
  depth                        int                 32    'd2                                             
  parent sequence (name)       string              10    read_seq_h                                      
  parent sequence (full name)  string              48    uvm_test_top.env_h.act_agent_h.seqr_h.read_seq_h
  sequencer                    string              37    uvm_test_top.env_h.act_agent_h.seqr_h           
---------------------------------------------------------------------------------------------------------

UVM_INFO read_seq.sv(26) @ 1575: uvm_test_top.env_h.act_agent_h.seqr_h@@read_seq_h [AWADDR_SEQ] This is read_seq : ---------------------------------------------------------------------------------------------------------
Name                           Type                Size  Value                                           
---------------------------------------------------------------------------------------------------------
item_h                         axi4_lite_seq_item  -     @1524                                           
  awaddr                       integral            32    'h9c                                            
  awvalid                      integral            1     'h0                                             
  awready                      integral            1     'h0                                             
  wdata                        integral            32    'h1c1c8c7                                       
  wstrb                        integral            4     'h0                                             
  wvalid                       integral            1     'h0                                             
  wready                       integral            1     'h0                                             
  bresp                        integral            3     'h0                                             
  bvalid                       integral            1     'h0                                             
  bready                       integral            1     'h0                                             
  araddr                       integral            32    'h86c88e0c                                      
  arvalid                      integral            1     'h0                                             
  arready                      integral            1     'h0                                             
  rdata                        integral            32    'h0                                             
  rresp                        integral            3     'h0                                             
  rvalid                       integral            1     'h0                                             
  rready                       integral            1     'h0                                             
  is_write                     integral            1     'h0                                             
  rst_f                        integral            1     'h0                                             
  begin_time                   time                64    1575                                            
  depth                        int                 32    'd2                                             
  parent sequence (name)       string              10    read_seq_h                                      
  parent sequence (full name)  string              48    uvm_test_top.env_h.act_agent_h.seqr_h.read_seq_h
  sequencer                    string              37    uvm_test_top.env_h.act_agent_h.seqr_h           
---------------------------------------------------------------------------------------------------------

UVM_INFO axi4_lite_driver.sv(148) @ 1575: uvm_test_top.env_h.act_agent_h.drv_h [[DRV]] Entered rd_addr_channel
UVM_INFO axi4_lite_act_monitor.sv(97) @ 1600: uvm_test_top.env_h.act_agent_h.mon_h [MON_AR] AR Captured araddr= 0x86c88e0c
UVM_INFO design.sv(226) @ 1605: reporter [DESIGN_RDATA] This is RDATA ==xxxxxxxx
UVM_INFO design.sv(227) @ 1605: reporter [DESIGN_MEM] This is memory ==xxxxxxxx
UVM_INFO axi4_lite_driver.sv(176) @ 1605: uvm_test_top.env_h.act_agent_h.drv_h [DRV] DRV araddr_channel: araddr=0x86c88e0c
UVM_INFO axi4_lite_driver.sv(177) @ 1605: uvm_test_top.env_h.act_agent_h.drv_h [[DRV]] Existing rd_addr_channel
UVM_INFO axi4_lite_driver.sv(182) @ 1605: uvm_test_top.env_h.act_agent_h.drv_h [[DRV]] Entered rd_data_channel
UVM_INFO axi4_lite_act_monitor.sv(107) @ 1620: uvm_test_top.env_h.act_agent_h.mon_h [MON_RD_TX] READ_TX : araddr=0x86c88e0c, rdata=0xxxxxxxxx rresp=0
UVM_INFO axi4_lite_sb.sv(76) @ 1620: uvm_test_top.env_h.sb_h [[SB]] READ TX received : araddr=0x86c88e0c rdata=0x0 rresp=0
UVM_INFO axi4_lite_sb.sv(81) @ 1620: uvm_test_top.env_h.sb_h [[SB]] READ PASS : araddr=0x86c88e0c rdata=0x0 rresp=OKAY
UVM_INFO axi4_lite_sb.sv(98) @ 1620: uvm_test_top.env_h.sb_h [[SB]] READ ADDR ALIGN PASS : araddr=0x86c88e0c is 4-byte aligned
UVM_INFO axi4_lite_driver.sv(207) @ 1645: uvm_test_top.env_h.act_agent_h.drv_h [[DRV]] Existing rd_data_channel
UVM_INFO axi4_lite_driver.sv(235) @ 1645: uvm_test_top.env_h.act_agent_h.drv_h [[DRV]] After item_done()
UVM_INFO read_seq.sv(36) @ 1645: uvm_test_top.env_h.act_agent_h.seqr_h@@read_seq_h [[SEQ]] Response = ---------------------------------------------------------------------------------------------------------
Name                           Type                Size  Value                                           
---------------------------------------------------------------------------------------------------------
item_h                         axi4_lite_seq_item  -     @1524                                           
  awaddr                       integral            32    'h9c                                            
  awvalid                      integral            1     'h0                                             
  awready                      integral            1     'h0                                             
  wdata                        integral            32    'h1c1c8c7                                       
  wstrb                        integral            4     'h0                                             
  wvalid                       integral            1     'h0                                             
  wready                       integral            1     'h0                                             
  bresp                        integral            3     'h0                                             
  bvalid                       integral            1     'h0                                             
  bready                       integral            1     'h0                                             
  araddr                       integral            32    'h86c88e0c                                      
  arvalid                      integral            1     'h0                                             
  arready                      integral            1     'h0                                             
  rdata                        integral            32    'h0                                             
  rresp                        integral            3     'h0                                             
  rvalid                       integral            1     'h0                                             
  rready                       integral            1     'h0                                             
  is_write                     integral            1     'h0                                             
  rst_f                        integral            1     'h0                                             
  begin_time                   time                64    1575                                            
  end_time                     time                64    1645                                            
  depth                        int                 32    'd2                                             
  parent sequence (name)       string              10    read_seq_h                                      
  parent sequence (full name)  string              48    uvm_test_top.env_h.act_agent_h.seqr_h.read_seq_h
  sequencer                    string              37    uvm_test_top.env_h.act_agent_h.seqr_h           
---------------------------------------------------------------------------------------------------------

UVM_INFO read_seq.sv(26) @ 1655: uvm_test_top.env_h.act_agent_h.seqr_h@@read_seq_h [AWADDR_SEQ] This is read_seq : ---------------------------------------------------------------------------------------------------------
Name                           Type                Size  Value                                           
---------------------------------------------------------------------------------------------------------
item_h                         axi4_lite_seq_item  -     @1566                                           
  awaddr                       integral            32    'ha0                                            
  awvalid                      integral            1     'h0                                             
  awready                      integral            1     'h0                                             
  wdata                        integral            32    'ha0f9dccd                                      
  wstrb                        integral            4     'h0                                             
  wvalid                       integral            1     'h0                                             
  wready                       integral            1     'h0                                             
  bresp                        integral            3     'h0                                             
  bvalid                       integral            1     'h0                                             
  bready                       integral            1     'h0                                             
  araddr                       integral            32    'h87a98df0                                      
  arvalid                      integral            1     'h0                                             
  arready                      integral            1     'h0                                             
  rdata                        integral            32    'h0                                             
  rresp                        integral            3     'h0                                             
  rvalid                       integral            1     'h0                                             
  rready                       integral            1     'h0                                             
  is_write                     integral            1     'h0                                             
  rst_f                        integral            1     'h0                                             
  begin_time                   time                64    1655                                            
  depth                        int                 32    'd2                                             
  parent sequence (name)       string              10    read_seq_h                                      
  parent sequence (full name)  string              48    uvm_test_top.env_h.act_agent_h.seqr_h.read_seq_h
  sequencer                    string              37    uvm_test_top.env_h.act_agent_h.seqr_h           
---------------------------------------------------------------------------------------------------------

UVM_INFO axi4_lite_driver.sv(148) @ 1655: uvm_test_top.env_h.act_agent_h.drv_h [[DRV]] Entered rd_addr_channel
UVM_INFO axi4_lite_act_monitor.sv(97) @ 1680: uvm_test_top.env_h.act_agent_h.mon_h [MON_AR] AR Captured araddr= 0x87a98df0
UVM_INFO design.sv(226) @ 1685: reporter [DESIGN_RDATA] This is RDATA ==xxxxxxxx
UVM_INFO design.sv(227) @ 1685: reporter [DESIGN_MEM] This is memory ==xxxxxxxx
UVM_INFO axi4_lite_driver.sv(176) @ 1685: uvm_test_top.env_h.act_agent_h.drv_h [DRV] DRV araddr_channel: araddr=0x87a98df0
UVM_INFO axi4_lite_driver.sv(177) @ 1685: uvm_test_top.env_h.act_agent_h.drv_h [[DRV]] Existing rd_addr_channel
UVM_INFO axi4_lite_driver.sv(182) @ 1685: uvm_test_top.env_h.act_agent_h.drv_h [[DRV]] Entered rd_data_channel
UVM_INFO axi4_lite_act_monitor.sv(107) @ 1700: uvm_test_top.env_h.act_agent_h.mon_h [MON_RD_TX] READ_TX : araddr=0x87a98df0, rdata=0xxxxxxxxx rresp=0
UVM_INFO axi4_lite_sb.sv(76) @ 1700: uvm_test_top.env_h.sb_h [[SB]] READ TX received : araddr=0x87a98df0 rdata=0x0 rresp=0
UVM_INFO axi4_lite_sb.sv(81) @ 1700: uvm_test_top.env_h.sb_h [[SB]] READ PASS : araddr=0x87a98df0 rdata=0x0 rresp=OKAY
UVM_INFO axi4_lite_sb.sv(98) @ 1700: uvm_test_top.env_h.sb_h [[SB]] READ ADDR ALIGN PASS : araddr=0x87a98df0 is 4-byte aligned
UVM_INFO axi4_lite_driver.sv(207) @ 1725: uvm_test_top.env_h.act_agent_h.drv_h [[DRV]] Existing rd_data_channel
UVM_INFO axi4_lite_driver.sv(235) @ 1725: uvm_test_top.env_h.act_agent_h.drv_h [[DRV]] After item_done()
UVM_INFO read_seq.sv(36) @ 1725: uvm_test_top.env_h.act_agent_h.seqr_h@@read_seq_h [[SEQ]] Response = ---------------------------------------------------------------------------------------------------------
Name                           Type                Size  Value                                           
---------------------------------------------------------------------------------------------------------
item_h                         axi4_lite_seq_item  -     @1566                                           
  awaddr                       integral            32    'ha0                                            
  awvalid                      integral            1     'h0                                             
  awready                      integral            1     'h0                                             
  wdata                        integral            32    'ha0f9dccd                                      
  wstrb                        integral            4     'h0                                             
  wvalid                       integral            1     'h0                                             
  wready                       integral            1     'h0                                             
  bresp                        integral            3     'h0                                             
  bvalid                       integral            1     'h0                                             
  bready                       integral            1     'h0                                             
  araddr                       integral            32    'h87a98df0                                      
  arvalid                      integral            1     'h0                                             
  arready                      integral            1     'h0                                             
  rdata                        integral            32    'h0                                             
  rresp                        integral            3     'h0                                             
  rvalid                       integral            1     'h0                                             
  rready                       integral            1     'h0                                             
  is_write                     integral            1     'h0                                             
  rst_f                        integral            1     'h0                                             
  begin_time                   time                64    1655                                            
  end_time                     time                64    1725                                            
  depth                        int                 32    'd2                                             
  parent sequence (name)       string              10    read_seq_h                                      
  parent sequence (full name)  string              48    uvm_test_top.env_h.act_agent_h.seqr_h.read_seq_h
  sequencer                    string              37    uvm_test_top.env_h.act_agent_h.seqr_h           
---------------------------------------------------------------------------------------------------------

UVM_INFO wr_rd_seq.sv(41) @ 1735: uvm_test_top.env_h.act_agent_h.seqr_h@@wr_rd_seq_h [AWADDR_SEQ] This is wr_rd_seq : ----------------------------------------------------------------------------------------------------------
Name                           Type                Size  Value                                            
----------------------------------------------------------------------------------------------------------
item_h                         axi4_lite_seq_item  -     @1612                                            
  awaddr                       integral            32    'hdc                                             
  awvalid                      integral            1     'h0                                              
  awready                      integral            1     'h0                                              
  wdata                        integral            32    'hf990eceb                                       
  wstrb                        integral            4     'hf                                              
  wvalid                       integral            1     'h0                                              
  wready                       integral            1     'h0                                              
  bresp                        integral            3     'h0                                              
  bvalid                       integral            1     'h0                                              
  bready                       integral            1     'h0                                              
  araddr                       integral            32    'h534345a8                                       
  arvalid                      integral            1     'h0                                              
  arready                      integral            1     'h0                                              
  rdata                        integral            32    'h0                                              
  rresp                        integral            3     'h0                                              
  rvalid                       integral            1     'h0                                              
  rready                       integral            1     'h0                                              
  is_write                     integral            1     'h1                                              
  rst_f                        integral            1     'h0                                              
  begin_time                   time                64    1735                                             
  depth                        int                 32    'd2                                              
  parent sequence (name)       string              11    wr_rd_seq_h                                      
  parent sequence (full name)  string              49    uvm_test_top.env_h.act_agent_h.seqr_h.wr_rd_seq_h
  sequencer                    string              37    uvm_test_top.env_h.act_agent_h.seqr_h            
----------------------------------------------------------------------------------------------------------

UVM_INFO axi4_lite_driver.sv(54) @ 1735: uvm_test_top.env_h.act_agent_h.drv_h [[DRV]] Entered wr_addr_channel
UVM_INFO axi4_lite_driver.sv(87) @ 1735: uvm_test_top.env_h.act_agent_h.drv_h [[DRV]] Entered wr_data_channel
UVM_INFO design.sv(138) @ 1745: reporter [DESIGN] This is DUT 0
UVM_INFO axi4_lite_act_monitor.sv(65) @ 1750: uvm_test_top.env_h.act_agent_h.mon_h [MON_AW] DW Captured : wdata 0xf990eceb
UVM_INFO axi4_lite_driver.sv(110) @ 1755: uvm_test_top.env_h.act_agent_h.drv_h [DRV] DRV DW_CHANNEL : wdata = 0Xf990eceb
UVM_INFO axi4_lite_driver.sv(111) @ 1755: uvm_test_top.env_h.act_agent_h.drv_h [[DRV]] Exiting wr_data_channel
UVM_INFO axi4_lite_act_monitor.sv(59) @ 1760: uvm_test_top.env_h.act_agent_h.mon_h [MON_AW] AW Captured : waddr 0xdc
UVM_INFO axi4_lite_driver.sv(81) @ 1765: uvm_test_top.env_h.act_agent_h.drv_h [DRV] DRV AW_CHANNEL : awaddr=0xdc
UVM_INFO axi4_lite_driver.sv(82) @ 1765: uvm_test_top.env_h.act_agent_h.drv_h [[DRV]] Exiting wr_addr_channel
UVM_INFO axi4_lite_driver.sv(116) @ 1765: uvm_test_top.env_h.act_agent_h.drv_h [[DRV]] Entered wr_resp_channel
UVM_INFO axi4_lite_act_monitor.sv(77) @ 1780: uvm_test_top.env_h.act_agent_h.mon_h [MON_WRITE_TX] WRITE_TX : awaddr = 0xdc, wdata= 0xf990eceb, bresp =0
UVM_INFO axi4_lite_sb.sv(45) @ 1780: uvm_test_top.env_h.sb_h [[SB]] WRITE TX received : awaddr=0xdc wdata=0xf990eceb bresp=0
UVM_INFO axi4_lite_sb.sv(50) @ 1780: uvm_test_top.env_h.sb_h [[SB]] WRITE PASS : awaddr=0xdc wdata=0xf990eceb bresp=OKAY
UVM_INFO axi4_lite_sb.sv(66) @ 1780: uvm_test_top.env_h.sb_h [[SB]] WRITE ADDR ALIGN PASS : awaddr=0xdc is 4-byte aligned
UVM_INFO axi4_lite_driver.sv(143) @ 1805: uvm_test_top.env_h.act_agent_h.drv_h [[DRV]] Exiting wr_resp_channel
UVM_INFO axi4_lite_driver.sv(235) @ 1805: uvm_test_top.env_h.act_agent_h.drv_h [[DRV]] After item_done()
UVM_INFO wr_rd_seq.sv(53) @ 1805: uvm_test_top.env_h.act_agent_h.seqr_h@@wr_rd_seq_h [[SEQ]] Response = ----------------------------------------------------------------------------------------------------------
Name                           Type                Size  Value                                            
----------------------------------------------------------------------------------------------------------
item_h                         axi4_lite_seq_item  -     @1612                                            
  awaddr                       integral            32    'hdc                                             
  awvalid                      integral            1     'h0                                              
  awready                      integral            1     'h0                                              
  wdata                        integral            32    'hf990eceb                                       
  wstrb                        integral            4     'hf                                              
  wvalid                       integral            1     'h0                                              
  wready                       integral            1     'h0                                              
  bresp                        integral            3     'h0                                              
  bvalid                       integral            1     'h0                                              
  bready                       integral            1     'h0                                              
  araddr                       integral            32    'h534345a8                                       
  arvalid                      integral            1     'h0                                              
  arready                      integral            1     'h0                                              
  rdata                        integral            32    'h0                                              
  rresp                        integral            3     'h0                                              
  rvalid                       integral            1     'h0                                              
  rready                       integral            1     'h0                                              
  is_write                     integral            1     'h1                                              
  rst_f                        integral            1     'h0                                              
  begin_time                   time                64    1735                                             
  end_time                     time                64    1805                                             
  depth                        int                 32    'd2                                              
  parent sequence (name)       string              11    wr_rd_seq_h                                      
  parent sequence (full name)  string              49    uvm_test_top.env_h.act_agent_h.seqr_h.wr_rd_seq_h
  sequencer                    string              37    uvm_test_top.env_h.act_agent_h.seqr_h            
----------------------------------------------------------------------------------------------------------

UVM_INFO wr_rd_seq.sv(41) @ 1815: uvm_test_top.env_h.act_agent_h.seqr_h@@wr_rd_seq_h [AWADDR_SEQ] This is wr_rd_seq : ----------------------------------------------------------------------------------------------------------
Name                           Type                Size  Value                                            
----------------------------------------------------------------------------------------------------------
item_h                         axi4_lite_seq_item  -     @1660                                            
  awaddr                       integral            32    'h4c                                             
  awvalid                      integral            1     'h0                                              
  awready                      integral            1     'h0                                              
  wdata                        integral            32    'haf963fa6                                       
  wstrb                        integral            4     'h0                                              
  wvalid                       integral            1     'h0                                              
  wready                       integral            1     'h0                                              
  bresp                        integral            3     'h0                                              
  bvalid                       integral            1     'h0                                              
  bready                       integral            1     'h0                                              
  araddr                       integral            32    'hdc                                             
  arvalid                      integral            1     'h0                                              
  arready                      integral            1     'h0                                              
  rdata                        integral            32    'h0                                              
  rresp                        integral            3     'h0                                              
  rvalid                       integral            1     'h0                                              
  rready                       integral            1     'h0                                              
  is_write                     integral            1     'h0                                              
  rst_f                        integral            1     'h0                                              
  begin_time                   time                64    1815                                             
  depth                        int                 32    'd2                                              
  parent sequence (name)       string              11    wr_rd_seq_h                                      
  parent sequence (full name)  string              49    uvm_test_top.env_h.act_agent_h.seqr_h.wr_rd_seq_h
  sequencer                    string              37    uvm_test_top.env_h.act_agent_h.seqr_h            
----------------------------------------------------------------------------------------------------------

UVM_INFO axi4_lite_driver.sv(148) @ 1815: uvm_test_top.env_h.act_agent_h.drv_h [[DRV]] Entered rd_addr_channel
UVM_INFO axi4_lite_act_monitor.sv(97) @ 1840: uvm_test_top.env_h.act_agent_h.mon_h [MON_AR] AR Captured araddr= 0xdc
UVM_INFO design.sv(226) @ 1845: reporter [DESIGN_RDATA] This is RDATA ==f990eceb
UVM_INFO design.sv(227) @ 1845: reporter [DESIGN_MEM] This is memory ==f990eceb
UVM_INFO axi4_lite_driver.sv(176) @ 1845: uvm_test_top.env_h.act_agent_h.drv_h [DRV] DRV araddr_channel: araddr=0xdc
UVM_INFO axi4_lite_driver.sv(177) @ 1845: uvm_test_top.env_h.act_agent_h.drv_h [[DRV]] Existing rd_addr_channel
UVM_INFO axi4_lite_driver.sv(182) @ 1845: uvm_test_top.env_h.act_agent_h.drv_h [[DRV]] Entered rd_data_channel
UVM_INFO axi4_lite_act_monitor.sv(107) @ 1860: uvm_test_top.env_h.act_agent_h.mon_h [MON_RD_TX] READ_TX : araddr=0xdc, rdata=0xf990eceb rresp=0
UVM_INFO axi4_lite_sb.sv(76) @ 1860: uvm_test_top.env_h.sb_h [[SB]] READ TX received : araddr=0xdc rdata=0xf990eceb rresp=0
UVM_INFO axi4_lite_sb.sv(81) @ 1860: uvm_test_top.env_h.sb_h [[SB]] READ PASS : araddr=0xdc rdata=0xf990eceb rresp=OKAY
UVM_INFO axi4_lite_sb.sv(98) @ 1860: uvm_test_top.env_h.sb_h [[SB]] READ ADDR ALIGN PASS : araddr=0xdc is 4-byte aligned
UVM_INFO axi4_lite_driver.sv(207) @ 1885: uvm_test_top.env_h.act_agent_h.drv_h [[DRV]] Existing rd_data_channel
UVM_INFO axi4_lite_driver.sv(235) @ 1885: uvm_test_top.env_h.act_agent_h.drv_h [[DRV]] After item_done()
UVM_INFO wr_rd_seq.sv(53) @ 1885: uvm_test_top.env_h.act_agent_h.seqr_h@@wr_rd_seq_h [[SEQ]] Response = ----------------------------------------------------------------------------------------------------------
Name                           Type                Size  Value                                            
----------------------------------------------------------------------------------------------------------
item_h                         axi4_lite_seq_item  -     @1660                                            
  awaddr                       integral            32    'h4c                                             
  awvalid                      integral            1     'h0                                              
  awready                      integral            1     'h0                                              
  wdata                        integral            32    'haf963fa6                                       
  wstrb                        integral            4     'h0                                              
  wvalid                       integral            1     'h0                                              
  wready                       integral            1     'h0                                              
  bresp                        integral            3     'h0                                              
  bvalid                       integral            1     'h0                                              
  bready                       integral            1     'h0                                              
  araddr                       integral            32    'hdc                                             
  arvalid                      integral            1     'h0                                              
  arready                      integral            1     'h0                                              
  rdata                        integral            32    'h0                                              
  rresp                        integral            3     'h0                                              
  rvalid                       integral            1     'h0                                              
  rready                       integral            1     'h0                                              
  is_write                     integral            1     'h0                                              
  rst_f                        integral            1     'h0                                              
  begin_time                   time                64    1815                                             
  end_time                     time                64    1885                                             
  depth                        int                 32    'd2                                              
  parent sequence (name)       string              11    wr_rd_seq_h                                      
  parent sequence (full name)  string              49    uvm_test_top.env_h.act_agent_h.seqr_h.wr_rd_seq_h
  sequencer                    string              37    uvm_test_top.env_h.act_agent_h.seqr_h            
----------------------------------------------------------------------------------------------------------

UVM_INFO wr_rd_seq.sv(41) @ 1895: uvm_test_top.env_h.act_agent_h.seqr_h@@wr_rd_seq_h [AWADDR_SEQ] This is wr_rd_seq : ----------------------------------------------------------------------------------------------------------
Name                           Type                Size  Value                                            
----------------------------------------------------------------------------------------------------------
item_h                         axi4_lite_seq_item  -     @1702                                            
  awaddr                       integral            32    'hdc                                             
  awvalid                      integral            1     'h0                                              
  awready                      integral            1     'h0                                              
  wdata                        integral            32    'ha46e364a                                       
  wstrb                        integral            4     'hf                                              
  wvalid                       integral            1     'h0                                              
  wready                       integral            1     'h0                                              
  bresp                        integral            3     'h0                                              
  bvalid                       integral            1     'h0                                              
  bready                       integral            1     'h0                                              
  araddr                       integral            32    'h939aa44                                        
  arvalid                      integral            1     'h0                                              
  arready                      integral            1     'h0                                              
  rdata                        integral            32    'h0                                              
  rresp                        integral            3     'h0                                              
  rvalid                       integral            1     'h0                                              
  rready                       integral            1     'h0                                              
  is_write                     integral            1     'h1                                              
  rst_f                        integral            1     'h0                                              
  begin_time                   time                64    1895                                             
  depth                        int                 32    'd2                                              
  parent sequence (name)       string              11    wr_rd_seq_h                                      
  parent sequence (full name)  string              49    uvm_test_top.env_h.act_agent_h.seqr_h.wr_rd_seq_h
  sequencer                    string              37    uvm_test_top.env_h.act_agent_h.seqr_h            
----------------------------------------------------------------------------------------------------------

UVM_INFO axi4_lite_driver.sv(54) @ 1895: uvm_test_top.env_h.act_agent_h.drv_h [[DRV]] Entered wr_addr_channel
UVM_INFO axi4_lite_driver.sv(87) @ 1895: uvm_test_top.env_h.act_agent_h.drv_h [[DRV]] Entered wr_data_channel
UVM_INFO design.sv(138) @ 1905: reporter [DESIGN] This is DUT f990eceb
UVM_INFO axi4_lite_act_monitor.sv(65) @ 1910: uvm_test_top.env_h.act_agent_h.mon_h [MON_AW] DW Captured : wdata 0xa46e364a
UVM_INFO axi4_lite_driver.sv(110) @ 1915: uvm_test_top.env_h.act_agent_h.drv_h [DRV] DRV DW_CHANNEL : wdata = 0Xa46e364a
UVM_INFO axi4_lite_driver.sv(111) @ 1915: uvm_test_top.env_h.act_agent_h.drv_h [[DRV]] Exiting wr_data_channel
UVM_INFO axi4_lite_act_monitor.sv(59) @ 1920: uvm_test_top.env_h.act_agent_h.mon_h [MON_AW] AW Captured : waddr 0xdc
UVM_INFO axi4_lite_driver.sv(81) @ 1925: uvm_test_top.env_h.act_agent_h.drv_h [DRV] DRV AW_CHANNEL : awaddr=0xdc
UVM_INFO axi4_lite_driver.sv(82) @ 1925: uvm_test_top.env_h.act_agent_h.drv_h [[DRV]] Exiting wr_addr_channel
UVM_INFO axi4_lite_driver.sv(116) @ 1925: uvm_test_top.env_h.act_agent_h.drv_h [[DRV]] Entered wr_resp_channel
UVM_INFO axi4_lite_act_monitor.sv(77) @ 1940: uvm_test_top.env_h.act_agent_h.mon_h [MON_WRITE_TX] WRITE_TX : awaddr = 0xdc, wdata= 0xa46e364a, bresp =0
UVM_INFO axi4_lite_sb.sv(45) @ 1940: uvm_test_top.env_h.sb_h [[SB]] WRITE TX received : awaddr=0xdc wdata=0xa46e364a bresp=0
UVM_INFO axi4_lite_sb.sv(50) @ 1940: uvm_test_top.env_h.sb_h [[SB]] WRITE PASS : awaddr=0xdc wdata=0xa46e364a bresp=OKAY
UVM_INFO axi4_lite_sb.sv(66) @ 1940: uvm_test_top.env_h.sb_h [[SB]] WRITE ADDR ALIGN PASS : awaddr=0xdc is 4-byte aligned
UVM_INFO axi4_lite_driver.sv(143) @ 1965: uvm_test_top.env_h.act_agent_h.drv_h [[DRV]] Exiting wr_resp_channel
UVM_INFO axi4_lite_driver.sv(235) @ 1965: uvm_test_top.env_h.act_agent_h.drv_h [[DRV]] After item_done()
UVM_INFO wr_rd_seq.sv(53) @ 1965: uvm_test_top.env_h.act_agent_h.seqr_h@@wr_rd_seq_h [[SEQ]] Response = ----------------------------------------------------------------------------------------------------------
Name                           Type                Size  Value                                            
----------------------------------------------------------------------------------------------------------
item_h                         axi4_lite_seq_item  -     @1702                                            
  awaddr                       integral            32    'hdc                                             
  awvalid                      integral            1     'h0                                              
  awready                      integral            1     'h0                                              
  wdata                        integral            32    'ha46e364a                                       
  wstrb                        integral            4     'hf                                              
  wvalid                       integral            1     'h0                                              
  wready                       integral            1     'h0                                              
  bresp                        integral            3     'h0                                              
  bvalid                       integral            1     'h0                                              
  bready                       integral            1     'h0                                              
  araddr                       integral            32    'h939aa44                                        
  arvalid                      integral            1     'h0                                              
  arready                      integral            1     'h0                                              
  rdata                        integral            32    'h0                                              
  rresp                        integral            3     'h0                                              
  rvalid                       integral            1     'h0                                              
  rready                       integral            1     'h0                                              
  is_write                     integral            1     'h1                                              
  rst_f                        integral            1     'h0                                              
  begin_time                   time                64    1895                                             
  end_time                     time                64    1965                                             
  depth                        int                 32    'd2                                              
  parent sequence (name)       string              11    wr_rd_seq_h                                      
  parent sequence (full name)  string              49    uvm_test_top.env_h.act_agent_h.seqr_h.wr_rd_seq_h
  sequencer                    string              37    uvm_test_top.env_h.act_agent_h.seqr_h            
----------------------------------------------------------------------------------------------------------

UVM_INFO wr_rd_seq.sv(41) @ 1975: uvm_test_top.env_h.act_agent_h.seqr_h@@wr_rd_seq_h [AWADDR_SEQ] This is wr_rd_seq : ----------------------------------------------------------------------------------------------------------
Name                           Type                Size  Value                                            
----------------------------------------------------------------------------------------------------------
item_h                         axi4_lite_seq_item  -     @1750                                            
  awaddr                       integral            32    'hd4                                             
  awvalid                      integral            1     'h0                                              
  awready                      integral            1     'h0                                              
  wdata                        integral            32    'h43996990                                       
  wstrb                        integral            4     'h0                                              
  wvalid                       integral            1     'h0                                              
  wready                       integral            1     'h0                                              
  bresp                        integral            3     'h0                                              
  bvalid                       integral            1     'h0                                              
  bready                       integral            1     'h0                                              
  araddr                       integral            32    'hdc                                             
  arvalid                      integral            1     'h0                                              
  arready                      integral            1     'h0                                              
  rdata                        integral            32    'h0                                              
  rresp                        integral            3     'h0                                              
  rvalid                       integral            1     'h0                                              
  rready                       integral            1     'h0                                              
  is_write                     integral            1     'h0                                              
  rst_f                        integral            1     'h0                                              
  begin_time                   time                64    1975                                             
  depth                        int                 32    'd2                                              
  parent sequence (name)       string              11    wr_rd_seq_h                                      
  parent sequence (full name)  string              49    uvm_test_top.env_h.act_agent_h.seqr_h.wr_rd_seq_h
  sequencer                    string              37    uvm_test_top.env_h.act_agent_h.seqr_h            
----------------------------------------------------------------------------------------------------------

UVM_INFO axi4_lite_driver.sv(148) @ 1975: uvm_test_top.env_h.act_agent_h.drv_h [[DRV]] Entered rd_addr_channel
UVM_INFO axi4_lite_act_monitor.sv(97) @ 2000: uvm_test_top.env_h.act_agent_h.mon_h [MON_AR] AR Captured araddr= 0xdc
UVM_INFO design.sv(226) @ 2005: reporter [DESIGN_RDATA] This is RDATA ==a46e364a
UVM_INFO design.sv(227) @ 2005: reporter [DESIGN_MEM] This is memory ==a46e364a
UVM_INFO axi4_lite_driver.sv(176) @ 2005: uvm_test_top.env_h.act_agent_h.drv_h [DRV] DRV araddr_channel: araddr=0xdc
UVM_INFO axi4_lite_driver.sv(177) @ 2005: uvm_test_top.env_h.act_agent_h.drv_h [[DRV]] Existing rd_addr_channel
UVM_INFO axi4_lite_driver.sv(182) @ 2005: uvm_test_top.env_h.act_agent_h.drv_h [[DRV]] Entered rd_data_channel
UVM_INFO axi4_lite_act_monitor.sv(107) @ 2020: uvm_test_top.env_h.act_agent_h.mon_h [MON_RD_TX] READ_TX : araddr=0xdc, rdata=0xa46e364a rresp=0
UVM_INFO axi4_lite_sb.sv(76) @ 2020: uvm_test_top.env_h.sb_h [[SB]] READ TX received : araddr=0xdc rdata=0xa46e364a rresp=0
UVM_INFO axi4_lite_sb.sv(81) @ 2020: uvm_test_top.env_h.sb_h [[SB]] READ PASS : araddr=0xdc rdata=0xa46e364a rresp=OKAY
UVM_INFO axi4_lite_sb.sv(98) @ 2020: uvm_test_top.env_h.sb_h [[SB]] READ ADDR ALIGN PASS : araddr=0xdc is 4-byte aligned
UVM_INFO axi4_lite_driver.sv(207) @ 2045: uvm_test_top.env_h.act_agent_h.drv_h [[DRV]] Existing rd_data_channel
UVM_INFO axi4_lite_driver.sv(235) @ 2045: uvm_test_top.env_h.act_agent_h.drv_h [[DRV]] After item_done()
UVM_INFO wr_rd_seq.sv(53) @ 2045: uvm_test_top.env_h.act_agent_h.seqr_h@@wr_rd_seq_h [[SEQ]] Response = ----------------------------------------------------------------------------------------------------------
Name                           Type                Size  Value                                            
----------------------------------------------------------------------------------------------------------
item_h                         axi4_lite_seq_item  -     @1750                                            
  awaddr                       integral            32    'hd4                                             
  awvalid                      integral            1     'h0                                              
  awready                      integral            1     'h0                                              
  wdata                        integral            32    'h43996990                                       
  wstrb                        integral            4     'h0                                              
  wvalid                       integral            1     'h0                                              
  wready                       integral            1     'h0                                              
  bresp                        integral            3     'h0                                              
  bvalid                       integral            1     'h0                                              
  bready                       integral            1     'h0                                              
  araddr                       integral            32    'hdc                                             
  arvalid                      integral            1     'h0                                              
  arready                      integral            1     'h0                                              
  rdata                        integral            32    'h0                                              
  rresp                        integral            3     'h0                                              
  rvalid                       integral            1     'h0                                              
  rready                       integral            1     'h0                                              
  is_write                     integral            1     'h0                                              
  rst_f                        integral            1     'h0                                              
  begin_time                   time                64    1975                                             
  end_time                     time                64    2045                                             
  depth                        int                 32    'd2                                              
  parent sequence (name)       string              11    wr_rd_seq_h                                      
  parent sequence (full name)  string              49    uvm_test_top.env_h.act_agent_h.seqr_h.wr_rd_seq_h
  sequencer                    string              37    uvm_test_top.env_h.act_agent_h.seqr_h            
----------------------------------------------------------------------------------------------------------

UVM_INFO wr_rd_seq.sv(41) @ 2055: uvm_test_top.env_h.act_agent_h.seqr_h@@wr_rd_seq_h [AWADDR_SEQ] This is wr_rd_seq : ----------------------------------------------------------------------------------------------------------
Name                           Type                Size  Value                                            
----------------------------------------------------------------------------------------------------------
item_h                         axi4_lite_seq_item  -     @1792                                            
  awaddr                       integral            32    'hc4                                             
  awvalid                      integral            1     'h0                                              
  awready                      integral            1     'h0                                              
  wdata                        integral            32    'hc8e0826a                                       
  wstrb                        integral            4     'hf                                              
  wvalid                       integral            1     'h0                                              
  wready                       integral            1     'h0                                              
  bresp                        integral            3     'h0                                              
  bvalid                       integral            1     'h0                                              
  bready                       integral            1     'h0                                              
  araddr                       integral            32    'h6e57baa8                                       
  arvalid                      integral            1     'h0                                              
  arready                      integral            1     'h0                                              
  rdata                        integral            32    'h0                                              
  rresp                        integral            3     'h0                                              
  rvalid                       integral            1     'h0                                              
  rready                       integral            1     'h0                                              
  is_write                     integral            1     'h1                                              
  rst_f                        integral            1     'h0                                              
  begin_time                   time                64    2055                                             
  depth                        int                 32    'd2                                              
  parent sequence (name)       string              11    wr_rd_seq_h                                      
  parent sequence (full name)  string              49    uvm_test_top.env_h.act_agent_h.seqr_h.wr_rd_seq_h
  sequencer                    string              37    uvm_test_top.env_h.act_agent_h.seqr_h            
----------------------------------------------------------------------------------------------------------

UVM_INFO axi4_lite_driver.sv(54) @ 2055: uvm_test_top.env_h.act_agent_h.drv_h [[DRV]] Entered wr_addr_channel
UVM_INFO axi4_lite_driver.sv(87) @ 2055: uvm_test_top.env_h.act_agent_h.drv_h [[DRV]] Entered wr_data_channel
UVM_INFO design.sv(138) @ 2065: reporter [DESIGN] This is DUT a46e364a
UVM_INFO axi4_lite_act_monitor.sv(65) @ 2070: uvm_test_top.env_h.act_agent_h.mon_h [MON_AW] DW Captured : wdata 0xc8e0826a
UVM_INFO axi4_lite_driver.sv(110) @ 2075: uvm_test_top.env_h.act_agent_h.drv_h [DRV] DRV DW_CHANNEL : wdata = 0Xc8e0826a
UVM_INFO axi4_lite_driver.sv(111) @ 2075: uvm_test_top.env_h.act_agent_h.drv_h [[DRV]] Exiting wr_data_channel
UVM_INFO axi4_lite_act_monitor.sv(59) @ 2080: uvm_test_top.env_h.act_agent_h.mon_h [MON_AW] AW Captured : waddr 0xc4
UVM_INFO axi4_lite_driver.sv(81) @ 2085: uvm_test_top.env_h.act_agent_h.drv_h [DRV] DRV AW_CHANNEL : awaddr=0xc4
UVM_INFO axi4_lite_driver.sv(82) @ 2085: uvm_test_top.env_h.act_agent_h.drv_h [[DRV]] Exiting wr_addr_channel
UVM_INFO axi4_lite_driver.sv(116) @ 2085: uvm_test_top.env_h.act_agent_h.drv_h [[DRV]] Entered wr_resp_channel
UVM_INFO axi4_lite_act_monitor.sv(77) @ 2100: uvm_test_top.env_h.act_agent_h.mon_h [MON_WRITE_TX] WRITE_TX : awaddr = 0xc4, wdata= 0xc8e0826a, bresp =0
UVM_INFO axi4_lite_sb.sv(45) @ 2100: uvm_test_top.env_h.sb_h [[SB]] WRITE TX received : awaddr=0xc4 wdata=0xc8e0826a bresp=0
UVM_INFO axi4_lite_sb.sv(50) @ 2100: uvm_test_top.env_h.sb_h [[SB]] WRITE PASS : awaddr=0xc4 wdata=0xc8e0826a bresp=OKAY
UVM_INFO axi4_lite_sb.sv(66) @ 2100: uvm_test_top.env_h.sb_h [[SB]] WRITE ADDR ALIGN PASS : awaddr=0xc4 is 4-byte aligned
UVM_INFO axi4_lite_driver.sv(143) @ 2125: uvm_test_top.env_h.act_agent_h.drv_h [[DRV]] Exiting wr_resp_channel
UVM_INFO axi4_lite_driver.sv(235) @ 2125: uvm_test_top.env_h.act_agent_h.drv_h [[DRV]] After item_done()
UVM_INFO wr_rd_seq.sv(53) @ 2125: uvm_test_top.env_h.act_agent_h.seqr_h@@wr_rd_seq_h [[SEQ]] Response = ----------------------------------------------------------------------------------------------------------
Name                           Type                Size  Value                                            
----------------------------------------------------------------------------------------------------------
item_h                         axi4_lite_seq_item  -     @1792                                            
  awaddr                       integral            32    'hc4                                             
  awvalid                      integral            1     'h0                                              
  awready                      integral            1     'h0                                              
  wdata                        integral            32    'hc8e0826a                                       
  wstrb                        integral            4     'hf                                              
  wvalid                       integral            1     'h0                                              
  wready                       integral            1     'h0                                              
  bresp                        integral            3     'h0                                              
  bvalid                       integral            1     'h0                                              
  bready                       integral            1     'h0                                              
  araddr                       integral            32    'h6e57baa8                                       
  arvalid                      integral            1     'h0                                              
  arready                      integral            1     'h0                                              
  rdata                        integral            32    'h0                                              
  rresp                        integral            3     'h0                                              
  rvalid                       integral            1     'h0                                              
  rready                       integral            1     'h0                                              
  is_write                     integral            1     'h1                                              
  rst_f                        integral            1     'h0                                              
  begin_time                   time                64    2055                                             
  end_time                     time                64    2125                                             
  depth                        int                 32    'd2                                              
  parent sequence (name)       string              11    wr_rd_seq_h                                      
  parent sequence (full name)  string              49    uvm_test_top.env_h.act_agent_h.seqr_h.wr_rd_seq_h
  sequencer                    string              37    uvm_test_top.env_h.act_agent_h.seqr_h            
----------------------------------------------------------------------------------------------------------

UVM_INFO wr_rd_seq.sv(41) @ 2135: uvm_test_top.env_h.act_agent_h.seqr_h@@wr_rd_seq_h [AWADDR_SEQ] This is wr_rd_seq : ----------------------------------------------------------------------------------------------------------
Name                           Type                Size  Value                                            
----------------------------------------------------------------------------------------------------------
item_h                         axi4_lite_seq_item  -     @1840                                            
  awaddr                       integral            32    'h50                                             
  awvalid                      integral            1     'h0                                              
  awready                      integral            1     'h0                                              
  wdata                        integral            32    'h7b8cccd3                                       
  wstrb                        integral            4     'h0                                              
  wvalid                       integral            1     'h0                                              
  wready                       integral            1     'h0                                              
  bresp                        integral            3     'h0                                              
  bvalid                       integral            1     'h0                                              
  bready                       integral            1     'h0                                              
  araddr                       integral            32    'hc4                                             
  arvalid                      integral            1     'h0                                              
  arready                      integral            1     'h0                                              
  rdata                        integral            32    'h0                                              
  rresp                        integral            3     'h0                                              
  rvalid                       integral            1     'h0                                              
  rready                       integral            1     'h0                                              
  is_write                     integral            1     'h0                                              
  rst_f                        integral            1     'h0                                              
  begin_time                   time                64    2135                                             
  depth                        int                 32    'd2                                              
  parent sequence (name)       string              11    wr_rd_seq_h                                      
  parent sequence (full name)  string              49    uvm_test_top.env_h.act_agent_h.seqr_h.wr_rd_seq_h
  sequencer                    string              37    uvm_test_top.env_h.act_agent_h.seqr_h            
----------------------------------------------------------------------------------------------------------

UVM_INFO axi4_lite_driver.sv(148) @ 2135: uvm_test_top.env_h.act_agent_h.drv_h [[DRV]] Entered rd_addr_channel
UVM_INFO axi4_lite_act_monitor.sv(97) @ 2160: uvm_test_top.env_h.act_agent_h.mon_h [MON_AR] AR Captured araddr= 0xc4
UVM_INFO design.sv(226) @ 2165: reporter [DESIGN_RDATA] This is RDATA ==c8e0826a
UVM_INFO design.sv(227) @ 2165: reporter [DESIGN_MEM] This is memory ==c8e0826a
UVM_INFO axi4_lite_driver.sv(176) @ 2165: uvm_test_top.env_h.act_agent_h.drv_h [DRV] DRV araddr_channel: araddr=0xc4
UVM_INFO axi4_lite_driver.sv(177) @ 2165: uvm_test_top.env_h.act_agent_h.drv_h [[DRV]] Existing rd_addr_channel
UVM_INFO axi4_lite_driver.sv(182) @ 2165: uvm_test_top.env_h.act_agent_h.drv_h [[DRV]] Entered rd_data_channel
UVM_INFO axi4_lite_act_monitor.sv(107) @ 2180: uvm_test_top.env_h.act_agent_h.mon_h [MON_RD_TX] READ_TX : araddr=0xc4, rdata=0xc8e0826a rresp=0
UVM_INFO axi4_lite_sb.sv(76) @ 2180: uvm_test_top.env_h.sb_h [[SB]] READ TX received : araddr=0xc4 rdata=0xc8e0826a rresp=0
UVM_INFO axi4_lite_sb.sv(81) @ 2180: uvm_test_top.env_h.sb_h [[SB]] READ PASS : araddr=0xc4 rdata=0xc8e0826a rresp=OKAY
UVM_INFO axi4_lite_sb.sv(98) @ 2180: uvm_test_top.env_h.sb_h [[SB]] READ ADDR ALIGN PASS : araddr=0xc4 is 4-byte aligned
UVM_INFO axi4_lite_driver.sv(207) @ 2205: uvm_test_top.env_h.act_agent_h.drv_h [[DRV]] Existing rd_data_channel
UVM_INFO axi4_lite_driver.sv(235) @ 2205: uvm_test_top.env_h.act_agent_h.drv_h [[DRV]] After item_done()
UVM_INFO wr_rd_seq.sv(53) @ 2205: uvm_test_top.env_h.act_agent_h.seqr_h@@wr_rd_seq_h [[SEQ]] Response = ----------------------------------------------------------------------------------------------------------
Name                           Type                Size  Value                                            
----------------------------------------------------------------------------------------------------------
item_h                         axi4_lite_seq_item  -     @1840                                            
  awaddr                       integral            32    'h50                                             
  awvalid                      integral            1     'h0                                              
  awready                      integral            1     'h0                                              
  wdata                        integral            32    'h7b8cccd3                                       
  wstrb                        integral            4     'h0                                              
  wvalid                       integral            1     'h0                                              
  wready                       integral            1     'h0                                              
  bresp                        integral            3     'h0                                              
  bvalid                       integral            1     'h0                                              
  bready                       integral            1     'h0                                              
  araddr                       integral            32    'hc4                                             
  arvalid                      integral            1     'h0                                              
  arready                      integral            1     'h0                                              
  rdata                        integral            32    'h0                                              
  rresp                        integral            3     'h0                                              
  rvalid                       integral            1     'h0                                              
  rready                       integral            1     'h0                                              
  is_write                     integral            1     'h0                                              
  rst_f                        integral            1     'h0                                              
  begin_time                   time                64    2135                                             
  end_time                     time                64    2205                                             
  depth                        int                 32    'd2                                              
  parent sequence (name)       string              11    wr_rd_seq_h                                      
  parent sequence (full name)  string              49    uvm_test_top.env_h.act_agent_h.seqr_h.wr_rd_seq_h
  sequencer                    string              37    uvm_test_top.env_h.act_agent_h.seqr_h            
----------------------------------------------------------------------------------------------------------

UVM_INFO wr_rd_seq.sv(41) @ 2215: uvm_test_top.env_h.act_agent_h.seqr_h@@wr_rd_seq_h [AWADDR_SEQ] This is wr_rd_seq : ----------------------------------------------------------------------------------------------------------
Name                           Type                Size  Value                                            
----------------------------------------------------------------------------------------------------------
item_h                         axi4_lite_seq_item  -     @1882                                            
  awaddr                       integral            32    'h58                                             
  awvalid                      integral            1     'h0                                              
  awready                      integral            1     'h0                                              
  wdata                        integral            32    'hf33fb87b                                       
  wstrb                        integral            4     'hf                                              
  wvalid                       integral            1     'h0                                              
  wready                       integral            1     'h0                                              
  bresp                        integral            3     'h0                                              
  bvalid                       integral            1     'h0                                              
  bready                       integral            1     'h0                                              
  araddr                       integral            32    'h3ea3e31c                                       
  arvalid                      integral            1     'h0                                              
  arready                      integral            1     'h0                                              
  rdata                        integral            32    'h0                                              
  rresp                        integral            3     'h0                                              
  rvalid                       integral            1     'h0                                              
  rready                       integral            1     'h0                                              
  is_write                     integral            1     'h1                                              
  rst_f                        integral            1     'h0                                              
  begin_time                   time                64    2215                                             
  depth                        int                 32    'd2                                              
  parent sequence (name)       string              11    wr_rd_seq_h                                      
  parent sequence (full name)  string              49    uvm_test_top.env_h.act_agent_h.seqr_h.wr_rd_seq_h
  sequencer                    string              37    uvm_test_top.env_h.act_agent_h.seqr_h            
----------------------------------------------------------------------------------------------------------

UVM_INFO axi4_lite_driver.sv(54) @ 2215: uvm_test_top.env_h.act_agent_h.drv_h [[DRV]] Entered wr_addr_channel
UVM_INFO axi4_lite_driver.sv(87) @ 2215: uvm_test_top.env_h.act_agent_h.drv_h [[DRV]] Entered wr_data_channel
UVM_INFO design.sv(138) @ 2225: reporter [DESIGN] This is DUT c8e0826a
UVM_INFO axi4_lite_act_monitor.sv(65) @ 2230: uvm_test_top.env_h.act_agent_h.mon_h [MON_AW] DW Captured : wdata 0xf33fb87b
UVM_INFO axi4_lite_driver.sv(110) @ 2235: uvm_test_top.env_h.act_agent_h.drv_h [DRV] DRV DW_CHANNEL : wdata = 0Xf33fb87b
UVM_INFO axi4_lite_driver.sv(111) @ 2235: uvm_test_top.env_h.act_agent_h.drv_h [[DRV]] Exiting wr_data_channel
UVM_INFO axi4_lite_act_monitor.sv(59) @ 2240: uvm_test_top.env_h.act_agent_h.mon_h [MON_AW] AW Captured : waddr 0x58
UVM_INFO axi4_lite_driver.sv(81) @ 2245: uvm_test_top.env_h.act_agent_h.drv_h [DRV] DRV AW_CHANNEL : awaddr=0x58
UVM_INFO axi4_lite_driver.sv(82) @ 2245: uvm_test_top.env_h.act_agent_h.drv_h [[DRV]] Exiting wr_addr_channel
UVM_INFO axi4_lite_driver.sv(116) @ 2245: uvm_test_top.env_h.act_agent_h.drv_h [[DRV]] Entered wr_resp_channel
UVM_INFO axi4_lite_act_monitor.sv(77) @ 2260: uvm_test_top.env_h.act_agent_h.mon_h [MON_WRITE_TX] WRITE_TX : awaddr = 0x58, wdata= 0xf33fb87b, bresp =0
UVM_INFO axi4_lite_sb.sv(45) @ 2260: uvm_test_top.env_h.sb_h [[SB]] WRITE TX received : awaddr=0x58 wdata=0xf33fb87b bresp=0
UVM_INFO axi4_lite_sb.sv(50) @ 2260: uvm_test_top.env_h.sb_h [[SB]] WRITE PASS : awaddr=0x58 wdata=0xf33fb87b bresp=OKAY
UVM_INFO axi4_lite_sb.sv(66) @ 2260: uvm_test_top.env_h.sb_h [[SB]] WRITE ADDR ALIGN PASS : awaddr=0x58 is 4-byte aligned
UVM_INFO axi4_lite_driver.sv(143) @ 2285: uvm_test_top.env_h.act_agent_h.drv_h [[DRV]] Exiting wr_resp_channel
UVM_INFO axi4_lite_driver.sv(235) @ 2285: uvm_test_top.env_h.act_agent_h.drv_h [[DRV]] After item_done()
UVM_INFO wr_rd_seq.sv(53) @ 2285: uvm_test_top.env_h.act_agent_h.seqr_h@@wr_rd_seq_h [[SEQ]] Response = ----------------------------------------------------------------------------------------------------------
Name                           Type                Size  Value                                            
----------------------------------------------------------------------------------------------------------
item_h                         axi4_lite_seq_item  -     @1882                                            
  awaddr                       integral            32    'h58                                             
  awvalid                      integral            1     'h0                                              
  awready                      integral            1     'h0                                              
  wdata                        integral            32    'hf33fb87b                                       
  wstrb                        integral            4     'hf                                              
  wvalid                       integral            1     'h0                                              
  wready                       integral            1     'h0                                              
  bresp                        integral            3     'h0                                              
  bvalid                       integral            1     'h0                                              
  bready                       integral            1     'h0                                              
  araddr                       integral            32    'h3ea3e31c                                       
  arvalid                      integral            1     'h0                                              
  arready                      integral            1     'h0                                              
  rdata                        integral            32    'h0                                              
  rresp                        integral            3     'h0                                              
  rvalid                       integral            1     'h0                                              
  rready                       integral            1     'h0                                              
  is_write                     integral            1     'h1                                              
  rst_f                        integral            1     'h0                                              
  begin_time                   time                64    2215                                             
  end_time                     time                64    2285                                             
  depth                        int                 32    'd2                                              
  parent sequence (name)       string              11    wr_rd_seq_h                                      
  parent sequence (full name)  string              49    uvm_test_top.env_h.act_agent_h.seqr_h.wr_rd_seq_h
  sequencer                    string              37    uvm_test_top.env_h.act_agent_h.seqr_h            
----------------------------------------------------------------------------------------------------------

UVM_INFO wr_rd_seq.sv(41) @ 2295: uvm_test_top.env_h.act_agent_h.seqr_h@@wr_rd_seq_h [AWADDR_SEQ] This is wr_rd_seq : ----------------------------------------------------------------------------------------------------------
Name                           Type                Size  Value                                            
----------------------------------------------------------------------------------------------------------
item_h                         axi4_lite_seq_item  -     @1930                                            
  awaddr                       integral            32    'hc4                                             
  awvalid                      integral            1     'h0                                              
  awready                      integral            1     'h0                                              
  wdata                        integral            32    'hf36294cf                                       
  wstrb                        integral            4     'h0                                              
  wvalid                       integral            1     'h0                                              
  wready                       integral            1     'h0                                              
  bresp                        integral            3     'h0                                              
  bvalid                       integral            1     'h0                                              
  bready                       integral            1     'h0                                              
  araddr                       integral            32    'h58                                             
  arvalid                      integral            1     'h0                                              
  arready                      integral            1     'h0                                              
  rdata                        integral            32    'h0                                              
  rresp                        integral            3     'h0                                              
  rvalid                       integral            1     'h0                                              
  rready                       integral            1     'h0                                              
  is_write                     integral            1     'h0                                              
  rst_f                        integral            1     'h0                                              
  begin_time                   time                64    2295                                             
  depth                        int                 32    'd2                                              
  parent sequence (name)       string              11    wr_rd_seq_h                                      
  parent sequence (full name)  string              49    uvm_test_top.env_h.act_agent_h.seqr_h.wr_rd_seq_h
  sequencer                    string              37    uvm_test_top.env_h.act_agent_h.seqr_h            
----------------------------------------------------------------------------------------------------------

UVM_INFO axi4_lite_driver.sv(148) @ 2295: uvm_test_top.env_h.act_agent_h.drv_h [[DRV]] Entered rd_addr_channel
UVM_INFO axi4_lite_act_monitor.sv(97) @ 2320: uvm_test_top.env_h.act_agent_h.mon_h [MON_AR] AR Captured araddr= 0x58
UVM_INFO design.sv(226) @ 2325: reporter [DESIGN_RDATA] This is RDATA ==f33fb87b
UVM_INFO design.sv(227) @ 2325: reporter [DESIGN_MEM] This is memory ==f33fb87b
UVM_INFO axi4_lite_driver.sv(176) @ 2325: uvm_test_top.env_h.act_agent_h.drv_h [DRV] DRV araddr_channel: araddr=0x58
UVM_INFO axi4_lite_driver.sv(177) @ 2325: uvm_test_top.env_h.act_agent_h.drv_h [[DRV]] Existing rd_addr_channel
UVM_INFO axi4_lite_driver.sv(182) @ 2325: uvm_test_top.env_h.act_agent_h.drv_h [[DRV]] Entered rd_data_channel
UVM_INFO axi4_lite_act_monitor.sv(107) @ 2340: uvm_test_top.env_h.act_agent_h.mon_h [MON_RD_TX] READ_TX : araddr=0x58, rdata=0xf33fb87b rresp=0
UVM_INFO axi4_lite_sb.sv(76) @ 2340: uvm_test_top.env_h.sb_h [[SB]] READ TX received : araddr=0x58 rdata=0xf33fb87b rresp=0
UVM_INFO axi4_lite_sb.sv(81) @ 2340: uvm_test_top.env_h.sb_h [[SB]] READ PASS : araddr=0x58 rdata=0xf33fb87b rresp=OKAY
UVM_INFO axi4_lite_sb.sv(98) @ 2340: uvm_test_top.env_h.sb_h [[SB]] READ ADDR ALIGN PASS : araddr=0x58 is 4-byte aligned
"axi4_lite_interface.sv", 110: axi4_lite_top.intf_h.rst_rready: started at 2355s failed at 2355s
	Offending '(rready == 1'b0)'
"axi4_lite_interface.sv", 110: axi4_lite_top.intf_h.rst_rready: started at 2365s failed at 2365s
	Offending '(rready == 1'b0)'
UVM_INFO axi4_lite_driver.sv(207) @ 2365: uvm_test_top.env_h.act_agent_h.drv_h [[DRV]] Existing rd_data_channel
UVM_INFO axi4_lite_driver.sv(235) @ 2365: uvm_test_top.env_h.act_agent_h.drv_h [[DRV]] After item_done()
UVM_INFO wr_rd_seq.sv(53) @ 2365: uvm_test_top.env_h.act_agent_h.seqr_h@@wr_rd_seq_h [[SEQ]] Response = ----------------------------------------------------------------------------------------------------------
Name                           Type                Size  Value                                            
----------------------------------------------------------------------------------------------------------
item_h                         axi4_lite_seq_item  -     @1930                                            
  awaddr                       integral            32    'hc4                                             
  awvalid                      integral            1     'h0                                              
  awready                      integral            1     'h0                                              
  wdata                        integral            32    'hf36294cf                                       
  wstrb                        integral            4     'h0                                              
  wvalid                       integral            1     'h0                                              
  wready                       integral            1     'h0                                              
  bresp                        integral            3     'h0                                              
  bvalid                       integral            1     'h0                                              
  bready                       integral            1     'h0                                              
  araddr                       integral            32    'h58                                             
  arvalid                      integral            1     'h0                                              
  arready                      integral            1     'h0                                              
  rdata                        integral            32    'h0                                              
  rresp                        integral            3     'h0                                              
  rvalid                       integral            1     'h0                                              
  rready                       integral            1     'h0                                              
  is_write                     integral            1     'h0                                              
  rst_f                        integral            1     'h0                                              
  begin_time                   time                64    2295                                             
  end_time                     time                64    2365                                             
  depth                        int                 32    'd2                                              
  parent sequence (name)       string              11    wr_rd_seq_h                                      
  parent sequence (full name)  string              49    uvm_test_top.env_h.act_agent_h.seqr_h.wr_rd_seq_h
  sequencer                    string              37    uvm_test_top.env_h.act_agent_h.seqr_h            
----------------------------------------------------------------------------------------------------------

UVM_INFO wr_rd_seq.sv(41) @ 2375: uvm_test_top.env_h.act_agent_h.seqr_h@@wr_rd_seq_h [AWADDR_SEQ] This is wr_rd_seq : ----------------------------------------------------------------------------------------------------------
Name                           Type                Size  Value                                            
----------------------------------------------------------------------------------------------------------
item_h                         axi4_lite_seq_item  -     @1972                                            
  awaddr                       integral            32    'hbc                                             
  awvalid                      integral            1     'h0                                              
  awready                      integral            1     'h0                                              
  wdata                        integral            32    'h519c06a8                                       
  wstrb                        integral            4     'hf                                              
  wvalid                       integral            1     'h0                                              
  wready                       integral            1     'h0                                              
  bresp                        integral            3     'h0                                              
  bvalid                       integral            1     'h0                                              
  bready                       integral            1     'h0                                              
  araddr                       integral            32    'haa21f9c0                                       
  arvalid                      integral            1     'h0                                              
  arready                      integral            1     'h0                                              
  rdata                        integral            32    'h0                                              
  rresp                        integral            3     'h0                                              
  rvalid                       integral            1     'h0                                              
  rready                       integral            1     'h0                                              
  is_write                     integral            1     'h1                                              
  rst_f                        integral            1     'h0                                              
  begin_time                   time                64    2375                                             
  depth                        int                 32    'd2                                              
  parent sequence (name)       string              11    wr_rd_seq_h                                      
  parent sequence (full name)  string              49    uvm_test_top.env_h.act_agent_h.seqr_h.wr_rd_seq_h
  sequencer                    string              37    uvm_test_top.env_h.act_agent_h.seqr_h            
----------------------------------------------------------------------------------------------------------

UVM_INFO axi4_lite_driver.sv(54) @ 2375: uvm_test_top.env_h.act_agent_h.drv_h [[DRV]] Entered wr_addr_channel
UVM_INFO axi4_lite_driver.sv(87) @ 2375: uvm_test_top.env_h.act_agent_h.drv_h [[DRV]] Entered wr_data_channel
UVM_INFO design.sv(138) @ 2385: reporter [DESIGN] This is DUT 0
UVM_INFO axi4_lite_act_monitor.sv(65) @ 2390: uvm_test_top.env_h.act_agent_h.mon_h [MON_AW] DW Captured : wdata 0x519c06a8
UVM_INFO axi4_lite_driver.sv(110) @ 2395: uvm_test_top.env_h.act_agent_h.drv_h [DRV] DRV DW_CHANNEL : wdata = 0X519c06a8
UVM_INFO axi4_lite_driver.sv(111) @ 2395: uvm_test_top.env_h.act_agent_h.drv_h [[DRV]] Exiting wr_data_channel
UVM_INFO axi4_lite_act_monitor.sv(59) @ 2400: uvm_test_top.env_h.act_agent_h.mon_h [MON_AW] AW Captured : waddr 0xbc
UVM_INFO axi4_lite_driver.sv(81) @ 2405: uvm_test_top.env_h.act_agent_h.drv_h [DRV] DRV AW_CHANNEL : awaddr=0xbc
UVM_INFO axi4_lite_driver.sv(82) @ 2405: uvm_test_top.env_h.act_agent_h.drv_h [[DRV]] Exiting wr_addr_channel
UVM_INFO axi4_lite_driver.sv(116) @ 2405: uvm_test_top.env_h.act_agent_h.drv_h [[DRV]] Entered wr_resp_channel
UVM_INFO axi4_lite_act_monitor.sv(77) @ 2420: uvm_test_top.env_h.act_agent_h.mon_h [MON_WRITE_TX] WRITE_TX : awaddr = 0xbc, wdata= 0x519c06a8, bresp =0
UVM_INFO axi4_lite_sb.sv(45) @ 2420: uvm_test_top.env_h.sb_h [[SB]] WRITE TX received : awaddr=0xbc wdata=0x519c06a8 bresp=0
UVM_INFO axi4_lite_sb.sv(50) @ 2420: uvm_test_top.env_h.sb_h [[SB]] WRITE PASS : awaddr=0xbc wdata=0x519c06a8 bresp=OKAY
UVM_INFO axi4_lite_sb.sv(66) @ 2420: uvm_test_top.env_h.sb_h [[SB]] WRITE ADDR ALIGN PASS : awaddr=0xbc is 4-byte aligned
UVM_INFO axi4_lite_driver.sv(143) @ 2445: uvm_test_top.env_h.act_agent_h.drv_h [[DRV]] Exiting wr_resp_channel
UVM_INFO axi4_lite_driver.sv(235) @ 2445: uvm_test_top.env_h.act_agent_h.drv_h [[DRV]] After item_done()
UVM_INFO wr_rd_seq.sv(53) @ 2445: uvm_test_top.env_h.act_agent_h.seqr_h@@wr_rd_seq_h [[SEQ]] Response = ----------------------------------------------------------------------------------------------------------
Name                           Type                Size  Value                                            
----------------------------------------------------------------------------------------------------------
item_h                         axi4_lite_seq_item  -     @1972                                            
  awaddr                       integral            32    'hbc                                             
  awvalid                      integral            1     'h0                                              
  awready                      integral            1     'h0                                              
  wdata                        integral            32    'h519c06a8                                       
  wstrb                        integral            4     'hf                                              
  wvalid                       integral            1     'h0                                              
  wready                       integral            1     'h0                                              
  bresp                        integral            3     'h0                                              
  bvalid                       integral            1     'h0                                              
  bready                       integral            1     'h0                                              
  araddr                       integral            32    'haa21f9c0                                       
  arvalid                      integral            1     'h0                                              
  arready                      integral            1     'h0                                              
  rdata                        integral            32    'h0                                              
  rresp                        integral            3     'h0                                              
  rvalid                       integral            1     'h0                                              
  rready                       integral            1     'h0                                              
  is_write                     integral            1     'h1                                              
  rst_f                        integral            1     'h0                                              
  begin_time                   time                64    2375                                             
  end_time                     time                64    2445                                             
  depth                        int                 32    'd2                                              
  parent sequence (name)       string              11    wr_rd_seq_h                                      
  parent sequence (full name)  string              49    uvm_test_top.env_h.act_agent_h.seqr_h.wr_rd_seq_h
  sequencer                    string              37    uvm_test_top.env_h.act_agent_h.seqr_h            
----------------------------------------------------------------------------------------------------------

UVM_INFO wr_rd_seq.sv(41) @ 2455: uvm_test_top.env_h.act_agent_h.seqr_h@@wr_rd_seq_h [AWADDR_SEQ] This is wr_rd_seq : ----------------------------------------------------------------------------------------------------------
Name                           Type                Size  Value                                            
----------------------------------------------------------------------------------------------------------
item_h                         axi4_lite_seq_item  -     @2020                                            
  awaddr                       integral            32    'hdc                                             
  awvalid                      integral            1     'h0                                              
  awready                      integral            1     'h0                                              
  wdata                        integral            32    'h42d48fe5                                       
  wstrb                        integral            4     'h0                                              
  wvalid                       integral            1     'h0                                              
  wready                       integral            1     'h0                                              
  bresp                        integral            3     'h0                                              
  bvalid                       integral            1     'h0                                              
  bready                       integral            1     'h0                                              
  araddr                       integral            32    'hbc                                             
  arvalid                      integral            1     'h0                                              
  arready                      integral            1     'h0                                              
  rdata                        integral            32    'h0                                              
  rresp                        integral            3     'h0                                              
  rvalid                       integral            1     'h0                                              
  rready                       integral            1     'h0                                              
  is_write                     integral            1     'h0                                              
  rst_f                        integral            1     'h0                                              
  begin_time                   time                64    2455                                             
  depth                        int                 32    'd2                                              
  parent sequence (name)       string              11    wr_rd_seq_h                                      
  parent sequence (full name)  string              49    uvm_test_top.env_h.act_agent_h.seqr_h.wr_rd_seq_h
  sequencer                    string              37    uvm_test_top.env_h.act_agent_h.seqr_h            
----------------------------------------------------------------------------------------------------------

UVM_INFO axi4_lite_driver.sv(148) @ 2455: uvm_test_top.env_h.act_agent_h.drv_h [[DRV]] Entered rd_addr_channel
UVM_INFO axi4_lite_act_monitor.sv(97) @ 2480: uvm_test_top.env_h.act_agent_h.mon_h [MON_AR] AR Captured araddr= 0xbc
UVM_INFO design.sv(226) @ 2485: reporter [DESIGN_RDATA] This is RDATA ==519c06a8
UVM_INFO design.sv(227) @ 2485: reporter [DESIGN_MEM] This is memory ==519c06a8
UVM_INFO axi4_lite_driver.sv(176) @ 2485: uvm_test_top.env_h.act_agent_h.drv_h [DRV] DRV araddr_channel: araddr=0xbc
UVM_INFO axi4_lite_driver.sv(177) @ 2485: uvm_test_top.env_h.act_agent_h.drv_h [[DRV]] Existing rd_addr_channel
UVM_INFO axi4_lite_driver.sv(182) @ 2485: uvm_test_top.env_h.act_agent_h.drv_h [[DRV]] Entered rd_data_channel
UVM_INFO axi4_lite_act_monitor.sv(107) @ 2500: uvm_test_top.env_h.act_agent_h.mon_h [MON_RD_TX] READ_TX : araddr=0xbc, rdata=0x519c06a8 rresp=0
UVM_INFO axi4_lite_sb.sv(76) @ 2500: uvm_test_top.env_h.sb_h [[SB]] READ TX received : araddr=0xbc rdata=0x519c06a8 rresp=0
UVM_INFO axi4_lite_sb.sv(81) @ 2500: uvm_test_top.env_h.sb_h [[SB]] READ PASS : araddr=0xbc rdata=0x519c06a8 rresp=OKAY
UVM_INFO axi4_lite_sb.sv(98) @ 2500: uvm_test_top.env_h.sb_h [[SB]] READ ADDR ALIGN PASS : araddr=0xbc is 4-byte aligned
UVM_INFO axi4_lite_driver.sv(207) @ 2525: uvm_test_top.env_h.act_agent_h.drv_h [[DRV]] Existing rd_data_channel
UVM_INFO axi4_lite_driver.sv(235) @ 2525: uvm_test_top.env_h.act_agent_h.drv_h [[DRV]] After item_done()
UVM_INFO wr_rd_seq.sv(53) @ 2525: uvm_test_top.env_h.act_agent_h.seqr_h@@wr_rd_seq_h [[SEQ]] Response = ----------------------------------------------------------------------------------------------------------
Name                           Type                Size  Value                                            
----------------------------------------------------------------------------------------------------------
item_h                         axi4_lite_seq_item  -     @2020                                            
  awaddr                       integral            32    'hdc                                             
  awvalid                      integral            1     'h0                                              
  awready                      integral            1     'h0                                              
  wdata                        integral            32    'h42d48fe5                                       
  wstrb                        integral            4     'h0                                              
  wvalid                       integral            1     'h0                                              
  wready                       integral            1     'h0                                              
  bresp                        integral            3     'h0                                              
  bvalid                       integral            1     'h0                                              
  bready                       integral            1     'h0                                              
  araddr                       integral            32    'hbc                                             
  arvalid                      integral            1     'h0                                              
  arready                      integral            1     'h0                                              
  rdata                        integral            32    'h0                                              
  rresp                        integral            3     'h0                                              
  rvalid                       integral            1     'h0                                              
  rready                       integral            1     'h0                                              
  is_write                     integral            1     'h0                                              
  rst_f                        integral            1     'h0                                              
  begin_time                   time                64    2455                                             
  end_time                     time                64    2525                                             
  depth                        int                 32    'd2                                              
  parent sequence (name)       string              11    wr_rd_seq_h                                      
  parent sequence (full name)  string              49    uvm_test_top.env_h.act_agent_h.seqr_h.wr_rd_seq_h
  sequencer                    string              37    uvm_test_top.env_h.act_agent_h.seqr_h            
----------------------------------------------------------------------------------------------------------

UVM_INFO wr_rd_seq.sv(41) @ 2535: uvm_test_top.env_h.act_agent_h.seqr_h@@wr_rd_seq_h [AWADDR_SEQ] This is wr_rd_seq : ----------------------------------------------------------------------------------------------------------
Name                           Type                Size  Value                                            
----------------------------------------------------------------------------------------------------------
item_h                         axi4_lite_seq_item  -     @2062                                            
  awaddr                       integral            32    'h18                                             
  awvalid                      integral            1     'h0                                              
  awready                      integral            1     'h0                                              
  wdata                        integral            32    'h79a374f1                                       
  wstrb                        integral            4     'hf                                              
  wvalid                       integral            1     'h0                                              
  wready                       integral            1     'h0                                              
  bresp                        integral            3     'h0                                              
  bvalid                       integral            1     'h0                                              
  bready                       integral            1     'h0                                              
  araddr                       integral            32    'hf6ab46e0                                       
  arvalid                      integral            1     'h0                                              
  arready                      integral            1     'h0                                              
  rdata                        integral            32    'h0                                              
  rresp                        integral            3     'h0                                              
  rvalid                       integral            1     'h0                                              
  rready                       integral            1     'h0                                              
  is_write                     integral            1     'h1                                              
  rst_f                        integral            1     'h0                                              
  begin_time                   time                64    2535                                             
  depth                        int                 32    'd2                                              
  parent sequence (name)       string              11    wr_rd_seq_h                                      
  parent sequence (full name)  string              49    uvm_test_top.env_h.act_agent_h.seqr_h.wr_rd_seq_h
  sequencer                    string              37    uvm_test_top.env_h.act_agent_h.seqr_h            
----------------------------------------------------------------------------------------------------------

UVM_INFO axi4_lite_driver.sv(54) @ 2535: uvm_test_top.env_h.act_agent_h.drv_h [[DRV]] Entered wr_addr_channel
UVM_INFO axi4_lite_driver.sv(87) @ 2535: uvm_test_top.env_h.act_agent_h.drv_h [[DRV]] Entered wr_data_channel
UVM_INFO design.sv(138) @ 2545: reporter [DESIGN] This is DUT 519c06a8
UVM_INFO axi4_lite_act_monitor.sv(65) @ 2550: uvm_test_top.env_h.act_agent_h.mon_h [MON_AW] DW Captured : wdata 0x79a374f1
UVM_INFO axi4_lite_driver.sv(110) @ 2555: uvm_test_top.env_h.act_agent_h.drv_h [DRV] DRV DW_CHANNEL : wdata = 0X79a374f1
UVM_INFO axi4_lite_driver.sv(111) @ 2555: uvm_test_top.env_h.act_agent_h.drv_h [[DRV]] Exiting wr_data_channel
UVM_INFO axi4_lite_act_monitor.sv(59) @ 2560: uvm_test_top.env_h.act_agent_h.mon_h [MON_AW] AW Captured : waddr 0x18
UVM_INFO axi4_lite_driver.sv(81) @ 2565: uvm_test_top.env_h.act_agent_h.drv_h [DRV] DRV AW_CHANNEL : awaddr=0x18
UVM_INFO axi4_lite_driver.sv(82) @ 2565: uvm_test_top.env_h.act_agent_h.drv_h [[DRV]] Exiting wr_addr_channel
UVM_INFO axi4_lite_driver.sv(116) @ 2565: uvm_test_top.env_h.act_agent_h.drv_h [[DRV]] Entered wr_resp_channel
UVM_INFO axi4_lite_act_monitor.sv(77) @ 2580: uvm_test_top.env_h.act_agent_h.mon_h [MON_WRITE_TX] WRITE_TX : awaddr = 0x18, wdata= 0x79a374f1, bresp =0
UVM_INFO axi4_lite_sb.sv(45) @ 2580: uvm_test_top.env_h.sb_h [[SB]] WRITE TX received : awaddr=0x18 wdata=0x79a374f1 bresp=0
UVM_INFO axi4_lite_sb.sv(50) @ 2580: uvm_test_top.env_h.sb_h [[SB]] WRITE PASS : awaddr=0x18 wdata=0x79a374f1 bresp=OKAY
UVM_INFO axi4_lite_sb.sv(66) @ 2580: uvm_test_top.env_h.sb_h [[SB]] WRITE ADDR ALIGN PASS : awaddr=0x18 is 4-byte aligned
UVM_INFO axi4_lite_driver.sv(143) @ 2605: uvm_test_top.env_h.act_agent_h.drv_h [[DRV]] Exiting wr_resp_channel
UVM_INFO axi4_lite_driver.sv(235) @ 2605: uvm_test_top.env_h.act_agent_h.drv_h [[DRV]] After item_done()
UVM_INFO wr_rd_seq.sv(53) @ 2605: uvm_test_top.env_h.act_agent_h.seqr_h@@wr_rd_seq_h [[SEQ]] Response = ----------------------------------------------------------------------------------------------------------
Name                           Type                Size  Value                                            
----------------------------------------------------------------------------------------------------------
item_h                         axi4_lite_seq_item  -     @2062                                            
  awaddr                       integral            32    'h18                                             
  awvalid                      integral            1     'h0                                              
  awready                      integral            1     'h0                                              
  wdata                        integral            32    'h79a374f1                                       
  wstrb                        integral            4     'hf                                              
  wvalid                       integral            1     'h0                                              
  wready                       integral            1     'h0                                              
  bresp                        integral            3     'h0                                              
  bvalid                       integral            1     'h0                                              
  bready                       integral            1     'h0                                              
  araddr                       integral            32    'hf6ab46e0                                       
  arvalid                      integral            1     'h0                                              
  arready                      integral            1     'h0                                              
  rdata                        integral            32    'h0                                              
  rresp                        integral            3     'h0                                              
  rvalid                       integral            1     'h0                                              
  rready                       integral            1     'h0                                              
  is_write                     integral            1     'h1                                              
  rst_f                        integral            1     'h0                                              
  begin_time                   time                64    2535                                             
  end_time                     time                64    2605                                             
  depth                        int                 32    'd2                                              
  parent sequence (name)       string              11    wr_rd_seq_h                                      
  parent sequence (full name)  string              49    uvm_test_top.env_h.act_agent_h.seqr_h.wr_rd_seq_h
  sequencer                    string              37    uvm_test_top.env_h.act_agent_h.seqr_h            
----------------------------------------------------------------------------------------------------------

UVM_INFO wr_rd_seq.sv(41) @ 2615: uvm_test_top.env_h.act_agent_h.seqr_h@@wr_rd_seq_h [AWADDR_SEQ] This is wr_rd_seq : ----------------------------------------------------------------------------------------------------------
Name                           Type                Size  Value                                            
----------------------------------------------------------------------------------------------------------
item_h                         axi4_lite_seq_item  -     @2110                                            
  awaddr                       integral            32    'h7c                                             
  awvalid                      integral            1     'h0                                              
  awready                      integral            1     'h0                                              
  wdata                        integral            32    'hb5057387                                       
  wstrb                        integral            4     'h0                                              
  wvalid                       integral            1     'h0                                              
  wready                       integral            1     'h0                                              
  bresp                        integral            3     'h0                                              
  bvalid                       integral            1     'h0                                              
  bready                       integral            1     'h0                                              
  araddr                       integral            32    'h18                                             
  arvalid                      integral            1     'h0                                              
  arready                      integral            1     'h0                                              
  rdata                        integral            32    'h0                                              
  rresp                        integral            3     'h0                                              
  rvalid                       integral            1     'h0                                              
  rready                       integral            1     'h0                                              
  is_write                     integral            1     'h0                                              
  rst_f                        integral            1     'h0                                              
  begin_time                   time                64    2615                                             
  depth                        int                 32    'd2                                              
  parent sequence (name)       string              11    wr_rd_seq_h                                      
  parent sequence (full name)  string              49    uvm_test_top.env_h.act_agent_h.seqr_h.wr_rd_seq_h
  sequencer                    string              37    uvm_test_top.env_h.act_agent_h.seqr_h            
----------------------------------------------------------------------------------------------------------

UVM_INFO axi4_lite_driver.sv(148) @ 2615: uvm_test_top.env_h.act_agent_h.drv_h [[DRV]] Entered rd_addr_channel
UVM_INFO axi4_lite_act_monitor.sv(97) @ 2640: uvm_test_top.env_h.act_agent_h.mon_h [MON_AR] AR Captured araddr= 0x18
UVM_INFO design.sv(226) @ 2645: reporter [DESIGN_RDATA] This is RDATA ==79a374f1
UVM_INFO design.sv(227) @ 2645: reporter [DESIGN_MEM] This is memory ==79a374f1
UVM_INFO axi4_lite_driver.sv(176) @ 2645: uvm_test_top.env_h.act_agent_h.drv_h [DRV] DRV araddr_channel: araddr=0x18
UVM_INFO axi4_lite_driver.sv(177) @ 2645: uvm_test_top.env_h.act_agent_h.drv_h [[DRV]] Existing rd_addr_channel
UVM_INFO axi4_lite_driver.sv(182) @ 2645: uvm_test_top.env_h.act_agent_h.drv_h [[DRV]] Entered rd_data_channel
UVM_INFO axi4_lite_act_monitor.sv(107) @ 2660: uvm_test_top.env_h.act_agent_h.mon_h [MON_RD_TX] READ_TX : araddr=0x18, rdata=0x79a374f1 rresp=0
UVM_INFO axi4_lite_sb.sv(76) @ 2660: uvm_test_top.env_h.sb_h [[SB]] READ TX received : araddr=0x18 rdata=0x79a374f1 rresp=0
UVM_INFO axi4_lite_sb.sv(81) @ 2660: uvm_test_top.env_h.sb_h [[SB]] READ PASS : araddr=0x18 rdata=0x79a374f1 rresp=OKAY
UVM_INFO axi4_lite_sb.sv(98) @ 2660: uvm_test_top.env_h.sb_h [[SB]] READ ADDR ALIGN PASS : araddr=0x18 is 4-byte aligned
UVM_INFO axi4_lite_driver.sv(207) @ 2685: uvm_test_top.env_h.act_agent_h.drv_h [[DRV]] Existing rd_data_channel
UVM_INFO axi4_lite_driver.sv(235) @ 2685: uvm_test_top.env_h.act_agent_h.drv_h [[DRV]] After item_done()
UVM_INFO wr_rd_seq.sv(53) @ 2685: uvm_test_top.env_h.act_agent_h.seqr_h@@wr_rd_seq_h [[SEQ]] Response = ----------------------------------------------------------------------------------------------------------
Name                           Type                Size  Value                                            
----------------------------------------------------------------------------------------------------------
item_h                         axi4_lite_seq_item  -     @2110                                            
  awaddr                       integral            32    'h7c                                             
  awvalid                      integral            1     'h0                                              
  awready                      integral            1     'h0                                              
  wdata                        integral            32    'hb5057387                                       
  wstrb                        integral            4     'h0                                              
  wvalid                       integral            1     'h0                                              
  wready                       integral            1     'h0                                              
  bresp                        integral            3     'h0                                              
  bvalid                       integral            1     'h0                                              
  bready                       integral            1     'h0                                              
  araddr                       integral            32    'h18                                             
  arvalid                      integral            1     'h0                                              
  arready                      integral            1     'h0                                              
  rdata                        integral            32    'h0                                              
  rresp                        integral            3     'h0                                              
  rvalid                       integral            1     'h0                                              
  rready                       integral            1     'h0                                              
  is_write                     integral            1     'h0                                              
  rst_f                        integral            1     'h0                                              
  begin_time                   time                64    2615                                             
  end_time                     time                64    2685                                             
  depth                        int                 32    'd2                                              
  parent sequence (name)       string              11    wr_rd_seq_h                                      
  parent sequence (full name)  string              49    uvm_test_top.env_h.act_agent_h.seqr_h.wr_rd_seq_h
  sequencer                    string              37    uvm_test_top.env_h.act_agent_h.seqr_h            
----------------------------------------------------------------------------------------------------------

UVM_INFO wr_rd_seq.sv(41) @ 2695: uvm_test_top.env_h.act_agent_h.seqr_h@@wr_rd_seq_h [AWADDR_SEQ] This is wr_rd_seq : ----------------------------------------------------------------------------------------------------------
Name                           Type                Size  Value                                            
----------------------------------------------------------------------------------------------------------
item_h                         axi4_lite_seq_item  -     @2152                                            
  awaddr                       integral            32    'he4                                             
  awvalid                      integral            1     'h0                                              
  awready                      integral            1     'h0                                              
  wdata                        integral            32    'h4c52843                                        
  wstrb                        integral            4     'hf                                              
  wvalid                       integral            1     'h0                                              
  wready                       integral            1     'h0                                              
  bresp                        integral            3     'h0                                              
  bvalid                       integral            1     'h0                                              
  bready                       integral            1     'h0                                              
  araddr                       integral            32    'h394cb76c                                       
  arvalid                      integral            1     'h0                                              
  arready                      integral            1     'h0                                              
  rdata                        integral            32    'h0                                              
  rresp                        integral            3     'h0                                              
  rvalid                       integral            1     'h0                                              
  rready                       integral            1     'h0                                              
  is_write                     integral            1     'h1                                              
  rst_f                        integral            1     'h0                                              
  begin_time                   time                64    2695                                             
  depth                        int                 32    'd2                                              
  parent sequence (name)       string              11    wr_rd_seq_h                                      
  parent sequence (full name)  string              49    uvm_test_top.env_h.act_agent_h.seqr_h.wr_rd_seq_h
  sequencer                    string              37    uvm_test_top.env_h.act_agent_h.seqr_h            
----------------------------------------------------------------------------------------------------------

UVM_INFO axi4_lite_driver.sv(54) @ 2695: uvm_test_top.env_h.act_agent_h.drv_h [[DRV]] Entered wr_addr_channel
UVM_INFO axi4_lite_driver.sv(87) @ 2695: uvm_test_top.env_h.act_agent_h.drv_h [[DRV]] Entered wr_data_channel
UVM_INFO design.sv(138) @ 2705: reporter [DESIGN] This is DUT 79a374f1
UVM_INFO axi4_lite_act_monitor.sv(65) @ 2710: uvm_test_top.env_h.act_agent_h.mon_h [MON_AW] DW Captured : wdata 0x4c52843
UVM_INFO axi4_lite_driver.sv(110) @ 2715: uvm_test_top.env_h.act_agent_h.drv_h [DRV] DRV DW_CHANNEL : wdata = 0X4c52843
UVM_INFO axi4_lite_driver.sv(111) @ 2715: uvm_test_top.env_h.act_agent_h.drv_h [[DRV]] Exiting wr_data_channel
UVM_INFO axi4_lite_act_monitor.sv(59) @ 2720: uvm_test_top.env_h.act_agent_h.mon_h [MON_AW] AW Captured : waddr 0xe4
UVM_INFO axi4_lite_driver.sv(81) @ 2725: uvm_test_top.env_h.act_agent_h.drv_h [DRV] DRV AW_CHANNEL : awaddr=0xe4
UVM_INFO axi4_lite_driver.sv(82) @ 2725: uvm_test_top.env_h.act_agent_h.drv_h [[DRV]] Exiting wr_addr_channel
UVM_INFO axi4_lite_driver.sv(116) @ 2725: uvm_test_top.env_h.act_agent_h.drv_h [[DRV]] Entered wr_resp_channel
UVM_INFO axi4_lite_act_monitor.sv(77) @ 2740: uvm_test_top.env_h.act_agent_h.mon_h [MON_WRITE_TX] WRITE_TX : awaddr = 0xe4, wdata= 0x4c52843, bresp =0
UVM_INFO axi4_lite_sb.sv(45) @ 2740: uvm_test_top.env_h.sb_h [[SB]] WRITE TX received : awaddr=0xe4 wdata=0x4c52843 bresp=0
UVM_INFO axi4_lite_sb.sv(50) @ 2740: uvm_test_top.env_h.sb_h [[SB]] WRITE PASS : awaddr=0xe4 wdata=0x4c52843 bresp=OKAY
UVM_INFO axi4_lite_sb.sv(66) @ 2740: uvm_test_top.env_h.sb_h [[SB]] WRITE ADDR ALIGN PASS : awaddr=0xe4 is 4-byte aligned
UVM_INFO axi4_lite_driver.sv(143) @ 2765: uvm_test_top.env_h.act_agent_h.drv_h [[DRV]] Exiting wr_resp_channel
UVM_INFO axi4_lite_driver.sv(235) @ 2765: uvm_test_top.env_h.act_agent_h.drv_h [[DRV]] After item_done()
UVM_INFO wr_rd_seq.sv(53) @ 2765: uvm_test_top.env_h.act_agent_h.seqr_h@@wr_rd_seq_h [[SEQ]] Response = ----------------------------------------------------------------------------------------------------------
Name                           Type                Size  Value                                            
----------------------------------------------------------------------------------------------------------
item_h                         axi4_lite_seq_item  -     @2152                                            
  awaddr                       integral            32    'he4                                             
  awvalid                      integral            1     'h0                                              
  awready                      integral            1     'h0                                              
  wdata                        integral            32    'h4c52843                                        
  wstrb                        integral            4     'hf                                              
  wvalid                       integral            1     'h0                                              
  wready                       integral            1     'h0                                              
  bresp                        integral            3     'h0                                              
  bvalid                       integral            1     'h0                                              
  bready                       integral            1     'h0                                              
  araddr                       integral            32    'h394cb76c                                       
  arvalid                      integral            1     'h0                                              
  arready                      integral            1     'h0                                              
  rdata                        integral            32    'h0                                              
  rresp                        integral            3     'h0                                              
  rvalid                       integral            1     'h0                                              
  rready                       integral            1     'h0                                              
  is_write                     integral            1     'h1                                              
  rst_f                        integral            1     'h0                                              
  begin_time                   time                64    2695                                             
  end_time                     time                64    2765                                             
  depth                        int                 32    'd2                                              
  parent sequence (name)       string              11    wr_rd_seq_h                                      
  parent sequence (full name)  string              49    uvm_test_top.env_h.act_agent_h.seqr_h.wr_rd_seq_h
  sequencer                    string              37    uvm_test_top.env_h.act_agent_h.seqr_h            
----------------------------------------------------------------------------------------------------------

UVM_INFO wr_rd_seq.sv(41) @ 2775: uvm_test_top.env_h.act_agent_h.seqr_h@@wr_rd_seq_h [AWADDR_SEQ] This is wr_rd_seq : ----------------------------------------------------------------------------------------------------------
Name                           Type                Size  Value                                            
----------------------------------------------------------------------------------------------------------
item_h                         axi4_lite_seq_item  -     @2200                                            
  awaddr                       integral            32    'h40                                             
  awvalid                      integral            1     'h0                                              
  awready                      integral            1     'h0                                              
  wdata                        integral            32    'hc503c595                                       
  wstrb                        integral            4     'h0                                              
  wvalid                       integral            1     'h0                                              
  wready                       integral            1     'h0                                              
  bresp                        integral            3     'h0                                              
  bvalid                       integral            1     'h0                                              
  bready                       integral            1     'h0                                              
  araddr                       integral            32    'he4                                             
  arvalid                      integral            1     'h0                                              
  arready                      integral            1     'h0                                              
  rdata                        integral            32    'h0                                              
  rresp                        integral            3     'h0                                              
  rvalid                       integral            1     'h0                                              
  rready                       integral            1     'h0                                              
  is_write                     integral            1     'h0                                              
  rst_f                        integral            1     'h0                                              
  begin_time                   time                64    2775                                             
  depth                        int                 32    'd2                                              
  parent sequence (name)       string              11    wr_rd_seq_h                                      
  parent sequence (full name)  string              49    uvm_test_top.env_h.act_agent_h.seqr_h.wr_rd_seq_h
  sequencer                    string              37    uvm_test_top.env_h.act_agent_h.seqr_h            
----------------------------------------------------------------------------------------------------------

UVM_INFO axi4_lite_driver.sv(148) @ 2775: uvm_test_top.env_h.act_agent_h.drv_h [[DRV]] Entered rd_addr_channel
UVM_INFO axi4_lite_act_monitor.sv(97) @ 2800: uvm_test_top.env_h.act_agent_h.mon_h [MON_AR] AR Captured araddr= 0xe4
UVM_INFO design.sv(226) @ 2805: reporter [DESIGN_RDATA] This is RDATA ==4c52843
UVM_INFO design.sv(227) @ 2805: reporter [DESIGN_MEM] This is memory ==4c52843
UVM_INFO axi4_lite_driver.sv(176) @ 2805: uvm_test_top.env_h.act_agent_h.drv_h [DRV] DRV araddr_channel: araddr=0xe4
UVM_INFO axi4_lite_driver.sv(177) @ 2805: uvm_test_top.env_h.act_agent_h.drv_h [[DRV]] Existing rd_addr_channel
UVM_INFO axi4_lite_driver.sv(182) @ 2805: uvm_test_top.env_h.act_agent_h.drv_h [[DRV]] Entered rd_data_channel
UVM_INFO axi4_lite_act_monitor.sv(107) @ 2820: uvm_test_top.env_h.act_agent_h.mon_h [MON_RD_TX] READ_TX : araddr=0xe4, rdata=0x4c52843 rresp=0
UVM_INFO axi4_lite_sb.sv(76) @ 2820: uvm_test_top.env_h.sb_h [[SB]] READ TX received : araddr=0xe4 rdata=0x4c52843 rresp=0
UVM_INFO axi4_lite_sb.sv(81) @ 2820: uvm_test_top.env_h.sb_h [[SB]] READ PASS : araddr=0xe4 rdata=0x4c52843 rresp=OKAY
UVM_INFO axi4_lite_sb.sv(98) @ 2820: uvm_test_top.env_h.sb_h [[SB]] READ ADDR ALIGN PASS : araddr=0xe4 is 4-byte aligned
UVM_INFO axi4_lite_driver.sv(207) @ 2845: uvm_test_top.env_h.act_agent_h.drv_h [[DRV]] Existing rd_data_channel
UVM_INFO axi4_lite_driver.sv(235) @ 2845: uvm_test_top.env_h.act_agent_h.drv_h [[DRV]] After item_done()
UVM_INFO wr_rd_seq.sv(53) @ 2845: uvm_test_top.env_h.act_agent_h.seqr_h@@wr_rd_seq_h [[SEQ]] Response = ----------------------------------------------------------------------------------------------------------
Name                           Type                Size  Value                                            
----------------------------------------------------------------------------------------------------------
item_h                         axi4_lite_seq_item  -     @2200                                            
  awaddr                       integral            32    'h40                                             
  awvalid                      integral            1     'h0                                              
  awready                      integral            1     'h0                                              
  wdata                        integral            32    'hc503c595                                       
  wstrb                        integral            4     'h0                                              
  wvalid                       integral            1     'h0                                              
  wready                       integral            1     'h0                                              
  bresp                        integral            3     'h0                                              
  bvalid                       integral            1     'h0                                              
  bready                       integral            1     'h0                                              
  araddr                       integral            32    'he4                                             
  arvalid                      integral            1     'h0                                              
  arready                      integral            1     'h0                                              
  rdata                        integral            32    'h0                                              
  rresp                        integral            3     'h0                                              
  rvalid                       integral            1     'h0                                              
  rready                       integral            1     'h0                                              
  is_write                     integral            1     'h0                                              
  rst_f                        integral            1     'h0                                              
  begin_time                   time                64    2775                                             
  end_time                     time                64    2845                                             
  depth                        int                 32    'd2                                              
  parent sequence (name)       string              11    wr_rd_seq_h                                      
  parent sequence (full name)  string              49    uvm_test_top.env_h.act_agent_h.seqr_h.wr_rd_seq_h
  sequencer                    string              37    uvm_test_top.env_h.act_agent_h.seqr_h            
----------------------------------------------------------------------------------------------------------

UVM_INFO wr_rd_seq.sv(41) @ 2855: uvm_test_top.env_h.act_agent_h.seqr_h@@wr_rd_seq_h [AWADDR_SEQ] This is wr_rd_seq : ----------------------------------------------------------------------------------------------------------
Name                           Type                Size  Value                                            
----------------------------------------------------------------------------------------------------------
item_h                         axi4_lite_seq_item  -     @2242                                            
  awaddr                       integral            32    'hf0                                             
  awvalid                      integral            1     'h0                                              
  awready                      integral            1     'h0                                              
  wdata                        integral            32    'hddc8dd5                                        
  wstrb                        integral            4     'hf                                              
  wvalid                       integral            1     'h0                                              
  wready                       integral            1     'h0                                              
  bresp                        integral            3     'h0                                              
  bvalid                       integral            1     'h0                                              
  bready                       integral            1     'h0                                              
  araddr                       integral            32    'hde7d0bf4                                       
  arvalid                      integral            1     'h0                                              
  arready                      integral            1     'h0                                              
  rdata                        integral            32    'h0                                              
  rresp                        integral            3     'h0                                              
  rvalid                       integral            1     'h0                                              
  rready                       integral            1     'h0                                              
  is_write                     integral            1     'h1                                              
  rst_f                        integral            1     'h0                                              
  begin_time                   time                64    2855                                             
  depth                        int                 32    'd2                                              
  parent sequence (name)       string              11    wr_rd_seq_h                                      
  parent sequence (full name)  string              49    uvm_test_top.env_h.act_agent_h.seqr_h.wr_rd_seq_h
  sequencer                    string              37    uvm_test_top.env_h.act_agent_h.seqr_h            
----------------------------------------------------------------------------------------------------------

UVM_INFO axi4_lite_driver.sv(54) @ 2855: uvm_test_top.env_h.act_agent_h.drv_h [[DRV]] Entered wr_addr_channel
UVM_INFO axi4_lite_driver.sv(87) @ 2855: uvm_test_top.env_h.act_agent_h.drv_h [[DRV]] Entered wr_data_channel
UVM_INFO design.sv(138) @ 2865: reporter [DESIGN] This is DUT 4c52843
UVM_INFO axi4_lite_act_monitor.sv(65) @ 2870: uvm_test_top.env_h.act_agent_h.mon_h [MON_AW] DW Captured : wdata 0xddc8dd5
UVM_INFO axi4_lite_driver.sv(110) @ 2875: uvm_test_top.env_h.act_agent_h.drv_h [DRV] DRV DW_CHANNEL : wdata = 0Xddc8dd5
UVM_INFO axi4_lite_driver.sv(111) @ 2875: uvm_test_top.env_h.act_agent_h.drv_h [[DRV]] Exiting wr_data_channel
UVM_INFO axi4_lite_act_monitor.sv(59) @ 2880: uvm_test_top.env_h.act_agent_h.mon_h [MON_AW] AW Captured : waddr 0xf0
UVM_INFO axi4_lite_driver.sv(81) @ 2885: uvm_test_top.env_h.act_agent_h.drv_h [DRV] DRV AW_CHANNEL : awaddr=0xf0
UVM_INFO axi4_lite_driver.sv(82) @ 2885: uvm_test_top.env_h.act_agent_h.drv_h [[DRV]] Exiting wr_addr_channel
UVM_INFO axi4_lite_driver.sv(116) @ 2885: uvm_test_top.env_h.act_agent_h.drv_h [[DRV]] Entered wr_resp_channel
UVM_INFO axi4_lite_act_monitor.sv(77) @ 2900: uvm_test_top.env_h.act_agent_h.mon_h [MON_WRITE_TX] WRITE_TX : awaddr = 0xf0, wdata= 0xddc8dd5, bresp =0
UVM_INFO axi4_lite_sb.sv(45) @ 2900: uvm_test_top.env_h.sb_h [[SB]] WRITE TX received : awaddr=0xf0 wdata=0xddc8dd5 bresp=0
UVM_INFO axi4_lite_sb.sv(50) @ 2900: uvm_test_top.env_h.sb_h [[SB]] WRITE PASS : awaddr=0xf0 wdata=0xddc8dd5 bresp=OKAY
UVM_INFO axi4_lite_sb.sv(66) @ 2900: uvm_test_top.env_h.sb_h [[SB]] WRITE ADDR ALIGN PASS : awaddr=0xf0 is 4-byte aligned
UVM_INFO axi4_lite_driver.sv(143) @ 2925: uvm_test_top.env_h.act_agent_h.drv_h [[DRV]] Exiting wr_resp_channel
UVM_INFO axi4_lite_driver.sv(235) @ 2925: uvm_test_top.env_h.act_agent_h.drv_h [[DRV]] After item_done()
UVM_INFO wr_rd_seq.sv(53) @ 2925: uvm_test_top.env_h.act_agent_h.seqr_h@@wr_rd_seq_h [[SEQ]] Response = ----------------------------------------------------------------------------------------------------------
Name                           Type                Size  Value                                            
----------------------------------------------------------------------------------------------------------
item_h                         axi4_lite_seq_item  -     @2242                                            
  awaddr                       integral            32    'hf0                                             
  awvalid                      integral            1     'h0                                              
  awready                      integral            1     'h0                                              
  wdata                        integral            32    'hddc8dd5                                        
  wstrb                        integral            4     'hf                                              
  wvalid                       integral            1     'h0                                              
  wready                       integral            1     'h0                                              
  bresp                        integral            3     'h0                                              
  bvalid                       integral            1     'h0                                              
  bready                       integral            1     'h0                                              
  araddr                       integral            32    'hde7d0bf4                                       
  arvalid                      integral            1     'h0                                              
  arready                      integral            1     'h0                                              
  rdata                        integral            32    'h0                                              
  rresp                        integral            3     'h0                                              
  rvalid                       integral            1     'h0                                              
  rready                       integral            1     'h0                                              
  is_write                     integral            1     'h1                                              
  rst_f                        integral            1     'h0                                              
  begin_time                   time                64    2855                                             
  end_time                     time                64    2925                                             
  depth                        int                 32    'd2                                              
  parent sequence (name)       string              11    wr_rd_seq_h                                      
  parent sequence (full name)  string              49    uvm_test_top.env_h.act_agent_h.seqr_h.wr_rd_seq_h
  sequencer                    string              37    uvm_test_top.env_h.act_agent_h.seqr_h            
----------------------------------------------------------------------------------------------------------

UVM_INFO wr_rd_seq.sv(41) @ 2935: uvm_test_top.env_h.act_agent_h.seqr_h@@wr_rd_seq_h [AWADDR_SEQ] This is wr_rd_seq : ----------------------------------------------------------------------------------------------------------
Name                           Type                Size  Value                                            
----------------------------------------------------------------------------------------------------------
item_h                         axi4_lite_seq_item  -     @2290                                            
  awaddr                       integral            32    'hd8                                             
  awvalid                      integral            1     'h0                                              
  awready                      integral            1     'h0                                              
  wdata                        integral            32    'hecbfedd4                                       
  wstrb                        integral            4     'h0                                              
  wvalid                       integral            1     'h0                                              
  wready                       integral            1     'h0                                              
  bresp                        integral            3     'h0                                              
  bvalid                       integral            1     'h0                                              
  bready                       integral            1     'h0                                              
  araddr                       integral            32    'hf0                                             
  arvalid                      integral            1     'h0                                              
  arready                      integral            1     'h0                                              
  rdata                        integral            32    'h0                                              
  rresp                        integral            3     'h0                                              
  rvalid                       integral            1     'h0                                              
  rready                       integral            1     'h0                                              
  is_write                     integral            1     'h0                                              
  rst_f                        integral            1     'h0                                              
  begin_time                   time                64    2935                                             
  depth                        int                 32    'd2                                              
  parent sequence (name)       string              11    wr_rd_seq_h                                      
  parent sequence (full name)  string              49    uvm_test_top.env_h.act_agent_h.seqr_h.wr_rd_seq_h
  sequencer                    string              37    uvm_test_top.env_h.act_agent_h.seqr_h            
----------------------------------------------------------------------------------------------------------

UVM_INFO axi4_lite_driver.sv(148) @ 2935: uvm_test_top.env_h.act_agent_h.drv_h [[DRV]] Entered rd_addr_channel
UVM_INFO axi4_lite_act_monitor.sv(97) @ 2960: uvm_test_top.env_h.act_agent_h.mon_h [MON_AR] AR Captured araddr= 0xf0
UVM_INFO design.sv(226) @ 2965: reporter [DESIGN_RDATA] This is RDATA ==ddc8dd5
UVM_INFO design.sv(227) @ 2965: reporter [DESIGN_MEM] This is memory ==ddc8dd5
UVM_INFO axi4_lite_driver.sv(176) @ 2965: uvm_test_top.env_h.act_agent_h.drv_h [DRV] DRV araddr_channel: araddr=0xf0
UVM_INFO axi4_lite_driver.sv(177) @ 2965: uvm_test_top.env_h.act_agent_h.drv_h [[DRV]] Existing rd_addr_channel
UVM_INFO axi4_lite_driver.sv(182) @ 2965: uvm_test_top.env_h.act_agent_h.drv_h [[DRV]] Entered rd_data_channel
UVM_INFO axi4_lite_act_monitor.sv(107) @ 2980: uvm_test_top.env_h.act_agent_h.mon_h [MON_RD_TX] READ_TX : araddr=0xf0, rdata=0xddc8dd5 rresp=0
UVM_INFO axi4_lite_sb.sv(76) @ 2980: uvm_test_top.env_h.sb_h [[SB]] READ TX received : araddr=0xf0 rdata=0xddc8dd5 rresp=0
UVM_INFO axi4_lite_sb.sv(81) @ 2980: uvm_test_top.env_h.sb_h [[SB]] READ PASS : araddr=0xf0 rdata=0xddc8dd5 rresp=OKAY
UVM_INFO axi4_lite_sb.sv(98) @ 2980: uvm_test_top.env_h.sb_h [[SB]] READ ADDR ALIGN PASS : araddr=0xf0 is 4-byte aligned
UVM_INFO axi4_lite_driver.sv(207) @ 3005: uvm_test_top.env_h.act_agent_h.drv_h [[DRV]] Existing rd_data_channel
UVM_INFO axi4_lite_driver.sv(235) @ 3005: uvm_test_top.env_h.act_agent_h.drv_h [[DRV]] After item_done()
UVM_INFO wr_rd_seq.sv(53) @ 3005: uvm_test_top.env_h.act_agent_h.seqr_h@@wr_rd_seq_h [[SEQ]] Response = ----------------------------------------------------------------------------------------------------------
Name                           Type                Size  Value                                            
----------------------------------------------------------------------------------------------------------
item_h                         axi4_lite_seq_item  -     @2290                                            
  awaddr                       integral            32    'hd8                                             
  awvalid                      integral            1     'h0                                              
  awready                      integral            1     'h0                                              
  wdata                        integral            32    'hecbfedd4                                       
  wstrb                        integral            4     'h0                                              
  wvalid                       integral            1     'h0                                              
  wready                       integral            1     'h0                                              
  bresp                        integral            3     'h0                                              
  bvalid                       integral            1     'h0                                              
  bready                       integral            1     'h0                                              
  araddr                       integral            32    'hf0                                             
  arvalid                      integral            1     'h0                                              
  arready                      integral            1     'h0                                              
  rdata                        integral            32    'h0                                              
  rresp                        integral            3     'h0                                              
  rvalid                       integral            1     'h0                                              
  rready                       integral            1     'h0                                              
  is_write                     integral            1     'h0                                              
  rst_f                        integral            1     'h0                                              
  begin_time                   time                64    2935                                             
  end_time                     time                64    3005                                             
  depth                        int                 32    'd2                                              
  parent sequence (name)       string              11    wr_rd_seq_h                                      
  parent sequence (full name)  string              49    uvm_test_top.env_h.act_agent_h.seqr_h.wr_rd_seq_h
  sequencer                    string              37    uvm_test_top.env_h.act_agent_h.seqr_h            
----------------------------------------------------------------------------------------------------------

UVM_INFO wr_rd_seq.sv(41) @ 3015: uvm_test_top.env_h.act_agent_h.seqr_h@@wr_rd_seq_h [AWADDR_SEQ] This is wr_rd_seq : ----------------------------------------------------------------------------------------------------------
Name                           Type                Size  Value                                            
----------------------------------------------------------------------------------------------------------
item_h                         axi4_lite_seq_item  -     @2332                                            
  awaddr                       integral            32    'he8                                             
  awvalid                      integral            1     'h0                                              
  awready                      integral            1     'h0                                              
  wdata                        integral            32    'ha95a6b69                                       
  wstrb                        integral            4     'hf                                              
  wvalid                       integral            1     'h0                                              
  wready                       integral            1     'h0                                              
  bresp                        integral            3     'h0                                              
  bvalid                       integral            1     'h0                                              
  bready                       integral            1     'h0                                              
  araddr                       integral            32    'hc5e5ceb0                                       
  arvalid                      integral            1     'h0                                              
  arready                      integral            1     'h0                                              
  rdata                        integral            32    'h0                                              
  rresp                        integral            3     'h0                                              
  rvalid                       integral            1     'h0                                              
  rready                       integral            1     'h0                                              
  is_write                     integral            1     'h1                                              
  rst_f                        integral            1     'h0                                              
  begin_time                   time                64    3015                                             
  depth                        int                 32    'd2                                              
  parent sequence (name)       string              11    wr_rd_seq_h                                      
  parent sequence (full name)  string              49    uvm_test_top.env_h.act_agent_h.seqr_h.wr_rd_seq_h
  sequencer                    string              37    uvm_test_top.env_h.act_agent_h.seqr_h            
----------------------------------------------------------------------------------------------------------

UVM_INFO axi4_lite_driver.sv(54) @ 3015: uvm_test_top.env_h.act_agent_h.drv_h [[DRV]] Entered wr_addr_channel
UVM_INFO axi4_lite_driver.sv(87) @ 3015: uvm_test_top.env_h.act_agent_h.drv_h [[DRV]] Entered wr_data_channel
UVM_INFO design.sv(138) @ 3025: reporter [DESIGN] This is DUT ddc8dd5
UVM_INFO axi4_lite_act_monitor.sv(65) @ 3030: uvm_test_top.env_h.act_agent_h.mon_h [MON_AW] DW Captured : wdata 0xa95a6b69
UVM_INFO axi4_lite_driver.sv(110) @ 3035: uvm_test_top.env_h.act_agent_h.drv_h [DRV] DRV DW_CHANNEL : wdata = 0Xa95a6b69
UVM_INFO axi4_lite_driver.sv(111) @ 3035: uvm_test_top.env_h.act_agent_h.drv_h [[DRV]] Exiting wr_data_channel
UVM_INFO axi4_lite_act_monitor.sv(59) @ 3040: uvm_test_top.env_h.act_agent_h.mon_h [MON_AW] AW Captured : waddr 0xe8
UVM_INFO axi4_lite_driver.sv(81) @ 3045: uvm_test_top.env_h.act_agent_h.drv_h [DRV] DRV AW_CHANNEL : awaddr=0xe8
UVM_INFO axi4_lite_driver.sv(82) @ 3045: uvm_test_top.env_h.act_agent_h.drv_h [[DRV]] Exiting wr_addr_channel
UVM_INFO axi4_lite_driver.sv(116) @ 3045: uvm_test_top.env_h.act_agent_h.drv_h [[DRV]] Entered wr_resp_channel
UVM_INFO axi4_lite_act_monitor.sv(77) @ 3060: uvm_test_top.env_h.act_agent_h.mon_h [MON_WRITE_TX] WRITE_TX : awaddr = 0xe8, wdata= 0xa95a6b69, bresp =0
UVM_INFO axi4_lite_sb.sv(45) @ 3060: uvm_test_top.env_h.sb_h [[SB]] WRITE TX received : awaddr=0xe8 wdata=0xa95a6b69 bresp=0
UVM_INFO axi4_lite_sb.sv(50) @ 3060: uvm_test_top.env_h.sb_h [[SB]] WRITE PASS : awaddr=0xe8 wdata=0xa95a6b69 bresp=OKAY
UVM_INFO axi4_lite_sb.sv(66) @ 3060: uvm_test_top.env_h.sb_h [[SB]] WRITE ADDR ALIGN PASS : awaddr=0xe8 is 4-byte aligned
UVM_INFO axi4_lite_driver.sv(143) @ 3085: uvm_test_top.env_h.act_agent_h.drv_h [[DRV]] Exiting wr_resp_channel
UVM_INFO axi4_lite_driver.sv(235) @ 3085: uvm_test_top.env_h.act_agent_h.drv_h [[DRV]] After item_done()
UVM_INFO wr_rd_seq.sv(53) @ 3085: uvm_test_top.env_h.act_agent_h.seqr_h@@wr_rd_seq_h [[SEQ]] Response = ----------------------------------------------------------------------------------------------------------
Name                           Type                Size  Value                                            
----------------------------------------------------------------------------------------------------------
item_h                         axi4_lite_seq_item  -     @2332                                            
  awaddr                       integral            32    'he8                                             
  awvalid                      integral            1     'h0                                              
  awready                      integral            1     'h0                                              
  wdata                        integral            32    'ha95a6b69                                       
  wstrb                        integral            4     'hf                                              
  wvalid                       integral            1     'h0                                              
  wready                       integral            1     'h0                                              
  bresp                        integral            3     'h0                                              
  bvalid                       integral            1     'h0                                              
  bready                       integral            1     'h0                                              
  araddr                       integral            32    'hc5e5ceb0                                       
  arvalid                      integral            1     'h0                                              
  arready                      integral            1     'h0                                              
  rdata                        integral            32    'h0                                              
  rresp                        integral            3     'h0                                              
  rvalid                       integral            1     'h0                                              
  rready                       integral            1     'h0                                              
  is_write                     integral            1     'h1                                              
  rst_f                        integral            1     'h0                                              
  begin_time                   time                64    3015                                             
  end_time                     time                64    3085                                             
  depth                        int                 32    'd2                                              
  parent sequence (name)       string              11    wr_rd_seq_h                                      
  parent sequence (full name)  string              49    uvm_test_top.env_h.act_agent_h.seqr_h.wr_rd_seq_h
  sequencer                    string              37    uvm_test_top.env_h.act_agent_h.seqr_h            
----------------------------------------------------------------------------------------------------------

UVM_INFO wr_rd_seq.sv(41) @ 3095: uvm_test_top.env_h.act_agent_h.seqr_h@@wr_rd_seq_h [AWADDR_SEQ] This is wr_rd_seq : ----------------------------------------------------------------------------------------------------------
Name                           Type                Size  Value                                            
----------------------------------------------------------------------------------------------------------
item_h                         axi4_lite_seq_item  -     @2380                                            
  awaddr                       integral            32    'he8                                             
  awvalid                      integral            1     'h0                                              
  awready                      integral            1     'h0                                              
  wdata                        integral            32    'he40cfb37                                       
  wstrb                        integral            4     'h0                                              
  wvalid                       integral            1     'h0                                              
  wready                       integral            1     'h0                                              
  bresp                        integral            3     'h0                                              
  bvalid                       integral            1     'h0                                              
  bready                       integral            1     'h0                                              
  araddr                       integral            32    'he8                                             
  arvalid                      integral            1     'h0                                              
  arready                      integral            1     'h0                                              
  rdata                        integral            32    'h0                                              
  rresp                        integral            3     'h0                                              
  rvalid                       integral            1     'h0                                              
  rready                       integral            1     'h0                                              
  is_write                     integral            1     'h0                                              
  rst_f                        integral            1     'h0                                              
  begin_time                   time                64    3095                                             
  depth                        int                 32    'd2                                              
  parent sequence (name)       string              11    wr_rd_seq_h                                      
  parent sequence (full name)  string              49    uvm_test_top.env_h.act_agent_h.seqr_h.wr_rd_seq_h
  sequencer                    string              37    uvm_test_top.env_h.act_agent_h.seqr_h            
----------------------------------------------------------------------------------------------------------

UVM_INFO axi4_lite_driver.sv(148) @ 3095: uvm_test_top.env_h.act_agent_h.drv_h [[DRV]] Entered rd_addr_channel
UVM_INFO axi4_lite_act_monitor.sv(97) @ 3120: uvm_test_top.env_h.act_agent_h.mon_h [MON_AR] AR Captured araddr= 0xe8
UVM_INFO design.sv(226) @ 3125: reporter [DESIGN_RDATA] This is RDATA ==a95a6b69
UVM_INFO design.sv(227) @ 3125: reporter [DESIGN_MEM] This is memory ==a95a6b69
UVM_INFO axi4_lite_driver.sv(176) @ 3125: uvm_test_top.env_h.act_agent_h.drv_h [DRV] DRV araddr_channel: araddr=0xe8
UVM_INFO axi4_lite_driver.sv(177) @ 3125: uvm_test_top.env_h.act_agent_h.drv_h [[DRV]] Existing rd_addr_channel
UVM_INFO axi4_lite_driver.sv(182) @ 3125: uvm_test_top.env_h.act_agent_h.drv_h [[DRV]] Entered rd_data_channel
UVM_INFO axi4_lite_act_monitor.sv(107) @ 3140: uvm_test_top.env_h.act_agent_h.mon_h [MON_RD_TX] READ_TX : araddr=0xe8, rdata=0xa95a6b69 rresp=0
UVM_INFO axi4_lite_sb.sv(76) @ 3140: uvm_test_top.env_h.sb_h [[SB]] READ TX received : araddr=0xe8 rdata=0xa95a6b69 rresp=0
UVM_INFO axi4_lite_sb.sv(81) @ 3140: uvm_test_top.env_h.sb_h [[SB]] READ PASS : araddr=0xe8 rdata=0xa95a6b69 rresp=OKAY
UVM_INFO axi4_lite_sb.sv(98) @ 3140: uvm_test_top.env_h.sb_h [[SB]] READ ADDR ALIGN PASS : araddr=0xe8 is 4-byte aligned
UVM_INFO axi4_lite_driver.sv(207) @ 3165: uvm_test_top.env_h.act_agent_h.drv_h [[DRV]] Existing rd_data_channel
UVM_INFO axi4_lite_driver.sv(235) @ 3165: uvm_test_top.env_h.act_agent_h.drv_h [[DRV]] After item_done()
UVM_INFO wr_rd_seq.sv(53) @ 3165: uvm_test_top.env_h.act_agent_h.seqr_h@@wr_rd_seq_h [[SEQ]] Response = ----------------------------------------------------------------------------------------------------------
Name                           Type                Size  Value                                            
----------------------------------------------------------------------------------------------------------
item_h                         axi4_lite_seq_item  -     @2380                                            
  awaddr                       integral            32    'he8                                             
  awvalid                      integral            1     'h0                                              
  awready                      integral            1     'h0                                              
  wdata                        integral            32    'he40cfb37                                       
  wstrb                        integral            4     'h0                                              
  wvalid                       integral            1     'h0                                              
  wready                       integral            1     'h0                                              
  bresp                        integral            3     'h0                                              
  bvalid                       integral            1     'h0                                              
  bready                       integral            1     'h0                                              
  araddr                       integral            32    'he8                                             
  arvalid                      integral            1     'h0                                              
  arready                      integral            1     'h0                                              
  rdata                        integral            32    'h0                                              
  rresp                        integral            3     'h0                                              
  rvalid                       integral            1     'h0                                              
  rready                       integral            1     'h0                                              
  is_write                     integral            1     'h0                                              
  rst_f                        integral            1     'h0                                              
  begin_time                   time                64    3095                                             
  end_time                     time                64    3165                                             
  depth                        int                 32    'd2                                              
  parent sequence (name)       string              11    wr_rd_seq_h                                      
  parent sequence (full name)  string              49    uvm_test_top.env_h.act_agent_h.seqr_h.wr_rd_seq_h
  sequencer                    string              37    uvm_test_top.env_h.act_agent_h.seqr_h            
----------------------------------------------------------------------------------------------------------

UVM_INFO wr_rd_seq.sv(41) @ 3175: uvm_test_top.env_h.act_agent_h.seqr_h@@wr_rd_seq_h [AWADDR_SEQ] This is wr_rd_seq : ----------------------------------------------------------------------------------------------------------
Name                           Type                Size  Value                                            
----------------------------------------------------------------------------------------------------------
item_h                         axi4_lite_seq_item  -     @2422                                            
  awaddr                       integral            32    'h98                                             
  awvalid                      integral            1     'h0                                              
  awready                      integral            1     'h0                                              
  wdata                        integral            32    'had53ae8c                                       
  wstrb                        integral            4     'hf                                              
  wvalid                       integral            1     'h0                                              
  wready                       integral            1     'h0                                              
  bresp                        integral            3     'h0                                              
  bvalid                       integral            1     'h0                                              
  bready                       integral            1     'h0                                              
  araddr                       integral            32    'hd1cb7ad0                                       
  arvalid                      integral            1     'h0                                              
  arready                      integral            1     'h0                                              
  rdata                        integral            32    'h0                                              
  rresp                        integral            3     'h0                                              
  rvalid                       integral            1     'h0                                              
  rready                       integral            1     'h0                                              
  is_write                     integral            1     'h1                                              
  rst_f                        integral            1     'h0                                              
  begin_time                   time                64    3175                                             
  depth                        int                 32    'd2                                              
  parent sequence (name)       string              11    wr_rd_seq_h                                      
  parent sequence (full name)  string              49    uvm_test_top.env_h.act_agent_h.seqr_h.wr_rd_seq_h
  sequencer                    string              37    uvm_test_top.env_h.act_agent_h.seqr_h            
----------------------------------------------------------------------------------------------------------

UVM_INFO axi4_lite_driver.sv(54) @ 3175: uvm_test_top.env_h.act_agent_h.drv_h [[DRV]] Entered wr_addr_channel
UVM_INFO axi4_lite_driver.sv(87) @ 3175: uvm_test_top.env_h.act_agent_h.drv_h [[DRV]] Entered wr_data_channel
UVM_INFO design.sv(138) @ 3185: reporter [DESIGN] This is DUT a95a6b69
UVM_INFO axi4_lite_act_monitor.sv(65) @ 3190: uvm_test_top.env_h.act_agent_h.mon_h [MON_AW] DW Captured : wdata 0xad53ae8c
UVM_INFO axi4_lite_driver.sv(110) @ 3195: uvm_test_top.env_h.act_agent_h.drv_h [DRV] DRV DW_CHANNEL : wdata = 0Xad53ae8c
UVM_INFO axi4_lite_driver.sv(111) @ 3195: uvm_test_top.env_h.act_agent_h.drv_h [[DRV]] Exiting wr_data_channel
UVM_INFO axi4_lite_act_monitor.sv(59) @ 3200: uvm_test_top.env_h.act_agent_h.mon_h [MON_AW] AW Captured : waddr 0x98
UVM_INFO axi4_lite_driver.sv(81) @ 3205: uvm_test_top.env_h.act_agent_h.drv_h [DRV] DRV AW_CHANNEL : awaddr=0x98
UVM_INFO axi4_lite_driver.sv(82) @ 3205: uvm_test_top.env_h.act_agent_h.drv_h [[DRV]] Exiting wr_addr_channel
UVM_INFO axi4_lite_driver.sv(116) @ 3205: uvm_test_top.env_h.act_agent_h.drv_h [[DRV]] Entered wr_resp_channel
UVM_INFO axi4_lite_act_monitor.sv(77) @ 3220: uvm_test_top.env_h.act_agent_h.mon_h [MON_WRITE_TX] WRITE_TX : awaddr = 0x98, wdata= 0xad53ae8c, bresp =0
UVM_INFO axi4_lite_sb.sv(45) @ 3220: uvm_test_top.env_h.sb_h [[SB]] WRITE TX received : awaddr=0x98 wdata=0xad53ae8c bresp=0
UVM_INFO axi4_lite_sb.sv(50) @ 3220: uvm_test_top.env_h.sb_h [[SB]] WRITE PASS : awaddr=0x98 wdata=0xad53ae8c bresp=OKAY
UVM_INFO axi4_lite_sb.sv(66) @ 3220: uvm_test_top.env_h.sb_h [[SB]] WRITE ADDR ALIGN PASS : awaddr=0x98 is 4-byte aligned
UVM_INFO axi4_lite_driver.sv(143) @ 3245: uvm_test_top.env_h.act_agent_h.drv_h [[DRV]] Exiting wr_resp_channel
UVM_INFO axi4_lite_driver.sv(235) @ 3245: uvm_test_top.env_h.act_agent_h.drv_h [[DRV]] After item_done()
UVM_INFO wr_rd_seq.sv(53) @ 3245: uvm_test_top.env_h.act_agent_h.seqr_h@@wr_rd_seq_h [[SEQ]] Response = ----------------------------------------------------------------------------------------------------------
Name                           Type                Size  Value                                            
----------------------------------------------------------------------------------------------------------
item_h                         axi4_lite_seq_item  -     @2422                                            
  awaddr                       integral            32    'h98                                             
  awvalid                      integral            1     'h0                                              
  awready                      integral            1     'h0                                              
  wdata                        integral            32    'had53ae8c                                       
  wstrb                        integral            4     'hf                                              
  wvalid                       integral            1     'h0                                              
  wready                       integral            1     'h0                                              
  bresp                        integral            3     'h0                                              
  bvalid                       integral            1     'h0                                              
  bready                       integral            1     'h0                                              
  araddr                       integral            32    'hd1cb7ad0                                       
  arvalid                      integral            1     'h0                                              
  arready                      integral            1     'h0                                              
  rdata                        integral            32    'h0                                              
  rresp                        integral            3     'h0                                              
  rvalid                       integral            1     'h0                                              
  rready                       integral            1     'h0                                              
  is_write                     integral            1     'h1                                              
  rst_f                        integral            1     'h0                                              
  begin_time                   time                64    3175                                             
  end_time                     time                64    3245                                             
  depth                        int                 32    'd2                                              
  parent sequence (name)       string              11    wr_rd_seq_h                                      
  parent sequence (full name)  string              49    uvm_test_top.env_h.act_agent_h.seqr_h.wr_rd_seq_h
  sequencer                    string              37    uvm_test_top.env_h.act_agent_h.seqr_h            
----------------------------------------------------------------------------------------------------------

UVM_INFO wr_rd_seq.sv(41) @ 3255: uvm_test_top.env_h.act_agent_h.seqr_h@@wr_rd_seq_h [AWADDR_SEQ] This is wr_rd_seq : ----------------------------------------------------------------------------------------------------------
Name                           Type                Size  Value                                            
----------------------------------------------------------------------------------------------------------
item_h                         axi4_lite_seq_item  -     @2470                                            
  awaddr                       integral            32    'h48                                             
  awvalid                      integral            1     'h0                                              
  awready                      integral            1     'h0                                              
  wdata                        integral            32    'h4b948265                                       
  wstrb                        integral            4     'h0                                              
  wvalid                       integral            1     'h0                                              
  wready                       integral            1     'h0                                              
  bresp                        integral            3     'h0                                              
  bvalid                       integral            1     'h0                                              
  bready                       integral            1     'h0                                              
  araddr                       integral            32    'h98                                             
  arvalid                      integral            1     'h0                                              
  arready                      integral            1     'h0                                              
  rdata                        integral            32    'h0                                              
  rresp                        integral            3     'h0                                              
  rvalid                       integral            1     'h0                                              
  rready                       integral            1     'h0                                              
  is_write                     integral            1     'h0                                              
  rst_f                        integral            1     'h0                                              
  begin_time                   time                64    3255                                             
  depth                        int                 32    'd2                                              
  parent sequence (name)       string              11    wr_rd_seq_h                                      
  parent sequence (full name)  string              49    uvm_test_top.env_h.act_agent_h.seqr_h.wr_rd_seq_h
  sequencer                    string              37    uvm_test_top.env_h.act_agent_h.seqr_h            
----------------------------------------------------------------------------------------------------------

UVM_INFO axi4_lite_driver.sv(148) @ 3255: uvm_test_top.env_h.act_agent_h.drv_h [[DRV]] Entered rd_addr_channel
UVM_INFO axi4_lite_act_monitor.sv(97) @ 3280: uvm_test_top.env_h.act_agent_h.mon_h [MON_AR] AR Captured araddr= 0x98
UVM_INFO design.sv(226) @ 3285: reporter [DESIGN_RDATA] This is RDATA ==ad53ae8c
UVM_INFO design.sv(227) @ 3285: reporter [DESIGN_MEM] This is memory ==ad53ae8c
UVM_INFO axi4_lite_driver.sv(176) @ 3285: uvm_test_top.env_h.act_agent_h.drv_h [DRV] DRV araddr_channel: araddr=0x98
UVM_INFO axi4_lite_driver.sv(177) @ 3285: uvm_test_top.env_h.act_agent_h.drv_h [[DRV]] Existing rd_addr_channel
UVM_INFO axi4_lite_driver.sv(182) @ 3285: uvm_test_top.env_h.act_agent_h.drv_h [[DRV]] Entered rd_data_channel
UVM_INFO axi4_lite_act_monitor.sv(107) @ 3300: uvm_test_top.env_h.act_agent_h.mon_h [MON_RD_TX] READ_TX : araddr=0x98, rdata=0xad53ae8c rresp=0
UVM_INFO axi4_lite_sb.sv(76) @ 3300: uvm_test_top.env_h.sb_h [[SB]] READ TX received : araddr=0x98 rdata=0xad53ae8c rresp=0
UVM_INFO axi4_lite_sb.sv(81) @ 3300: uvm_test_top.env_h.sb_h [[SB]] READ PASS : araddr=0x98 rdata=0xad53ae8c rresp=OKAY
UVM_INFO axi4_lite_sb.sv(98) @ 3300: uvm_test_top.env_h.sb_h [[SB]] READ ADDR ALIGN PASS : araddr=0x98 is 4-byte aligned
UVM_INFO axi4_lite_driver.sv(207) @ 3325: uvm_test_top.env_h.act_agent_h.drv_h [[DRV]] Existing rd_data_channel
UVM_INFO axi4_lite_driver.sv(235) @ 3325: uvm_test_top.env_h.act_agent_h.drv_h [[DRV]] After item_done()
UVM_INFO wr_rd_seq.sv(53) @ 3325: uvm_test_top.env_h.act_agent_h.seqr_h@@wr_rd_seq_h [[SEQ]] Response = ----------------------------------------------------------------------------------------------------------
Name                           Type                Size  Value                                            
----------------------------------------------------------------------------------------------------------
item_h                         axi4_lite_seq_item  -     @2470                                            
  awaddr                       integral            32    'h48                                             
  awvalid                      integral            1     'h0                                              
  awready                      integral            1     'h0                                              
  wdata                        integral            32    'h4b948265                                       
  wstrb                        integral            4     'h0                                              
  wvalid                       integral            1     'h0                                              
  wready                       integral            1     'h0                                              
  bresp                        integral            3     'h0                                              
  bvalid                       integral            1     'h0                                              
  bready                       integral            1     'h0                                              
  araddr                       integral            32    'h98                                             
  arvalid                      integral            1     'h0                                              
  arready                      integral            1     'h0                                              
  rdata                        integral            32    'h0                                              
  rresp                        integral            3     'h0                                              
  rvalid                       integral            1     'h0                                              
  rready                       integral            1     'h0                                              
  is_write                     integral            1     'h0                                              
  rst_f                        integral            1     'h0                                              
  begin_time                   time                64    3255                                             
  end_time                     time                64    3325                                             
  depth                        int                 32    'd2                                              
  parent sequence (name)       string              11    wr_rd_seq_h                                      
  parent sequence (full name)  string              49    uvm_test_top.env_h.act_agent_h.seqr_h.wr_rd_seq_h
  sequencer                    string              37    uvm_test_top.env_h.act_agent_h.seqr_h            
----------------------------------------------------------------------------------------------------------

UVM_INFO wr_rd_seq.sv(41) @ 3335: uvm_test_top.env_h.act_agent_h.seqr_h@@wr_rd_seq_h [AWADDR_SEQ] This is wr_rd_seq : ----------------------------------------------------------------------------------------------------------
Name                           Type                Size  Value                                            
----------------------------------------------------------------------------------------------------------
item_h                         axi4_lite_seq_item  -     @2512                                            
  awaddr                       integral            32    'he0                                             
  awvalid                      integral            1     'h0                                              
  awready                      integral            1     'h0                                              
  wdata                        integral            32    'hc295afff                                       
  wstrb                        integral            4     'hf                                              
  wvalid                       integral            1     'h0                                              
  wready                       integral            1     'h0                                              
  bresp                        integral            3     'h0                                              
  bvalid                       integral            1     'h0                                              
  bready                       integral            1     'h0                                              
  araddr                       integral            32    'hf4fe41a8                                       
  arvalid                      integral            1     'h0                                              
  arready                      integral            1     'h0                                              
  rdata                        integral            32    'h0                                              
  rresp                        integral            3     'h0                                              
  rvalid                       integral            1     'h0                                              
  rready                       integral            1     'h0                                              
  is_write                     integral            1     'h1                                              
  rst_f                        integral            1     'h0                                              
  begin_time                   time                64    3335                                             
  depth                        int                 32    'd2                                              
  parent sequence (name)       string              11    wr_rd_seq_h                                      
  parent sequence (full name)  string              49    uvm_test_top.env_h.act_agent_h.seqr_h.wr_rd_seq_h
  sequencer                    string              37    uvm_test_top.env_h.act_agent_h.seqr_h            
----------------------------------------------------------------------------------------------------------

UVM_INFO axi4_lite_driver.sv(54) @ 3335: uvm_test_top.env_h.act_agent_h.drv_h [[DRV]] Entered wr_addr_channel
UVM_INFO axi4_lite_driver.sv(87) @ 3335: uvm_test_top.env_h.act_agent_h.drv_h [[DRV]] Entered wr_data_channel
UVM_INFO design.sv(138) @ 3345: reporter [DESIGN] This is DUT ad53ae8c
UVM_INFO axi4_lite_act_monitor.sv(65) @ 3350: uvm_test_top.env_h.act_agent_h.mon_h [MON_AW] DW Captured : wdata 0xc295afff
UVM_INFO axi4_lite_driver.sv(110) @ 3355: uvm_test_top.env_h.act_agent_h.drv_h [DRV] DRV DW_CHANNEL : wdata = 0Xc295afff
UVM_INFO axi4_lite_driver.sv(111) @ 3355: uvm_test_top.env_h.act_agent_h.drv_h [[DRV]] Exiting wr_data_channel
UVM_INFO axi4_lite_act_monitor.sv(59) @ 3360: uvm_test_top.env_h.act_agent_h.mon_h [MON_AW] AW Captured : waddr 0xe0
UVM_INFO axi4_lite_driver.sv(81) @ 3365: uvm_test_top.env_h.act_agent_h.drv_h [DRV] DRV AW_CHANNEL : awaddr=0xe0
UVM_INFO axi4_lite_driver.sv(82) @ 3365: uvm_test_top.env_h.act_agent_h.drv_h [[DRV]] Exiting wr_addr_channel
UVM_INFO axi4_lite_driver.sv(116) @ 3365: uvm_test_top.env_h.act_agent_h.drv_h [[DRV]] Entered wr_resp_channel
UVM_INFO axi4_lite_act_monitor.sv(77) @ 3380: uvm_test_top.env_h.act_agent_h.mon_h [MON_WRITE_TX] WRITE_TX : awaddr = 0xe0, wdata= 0xc295afff, bresp =0
UVM_INFO axi4_lite_sb.sv(45) @ 3380: uvm_test_top.env_h.sb_h [[SB]] WRITE TX received : awaddr=0xe0 wdata=0xc295afff bresp=0
UVM_INFO axi4_lite_sb.sv(50) @ 3380: uvm_test_top.env_h.sb_h [[SB]] WRITE PASS : awaddr=0xe0 wdata=0xc295afff bresp=OKAY
UVM_INFO axi4_lite_sb.sv(66) @ 3380: uvm_test_top.env_h.sb_h [[SB]] WRITE ADDR ALIGN PASS : awaddr=0xe0 is 4-byte aligned
UVM_INFO axi4_lite_driver.sv(143) @ 3405: uvm_test_top.env_h.act_agent_h.drv_h [[DRV]] Exiting wr_resp_channel
UVM_INFO axi4_lite_driver.sv(235) @ 3405: uvm_test_top.env_h.act_agent_h.drv_h [[DRV]] After item_done()
UVM_INFO wr_rd_seq.sv(53) @ 3405: uvm_test_top.env_h.act_agent_h.seqr_h@@wr_rd_seq_h [[SEQ]] Response = ----------------------------------------------------------------------------------------------------------
Name                           Type                Size  Value                                            
----------------------------------------------------------------------------------------------------------
item_h                         axi4_lite_seq_item  -     @2512                                            
  awaddr                       integral            32    'he0                                             
  awvalid                      integral            1     'h0                                              
  awready                      integral            1     'h0                                              
  wdata                        integral            32    'hc295afff                                       
  wstrb                        integral            4     'hf                                              
  wvalid                       integral            1     'h0                                              
  wready                       integral            1     'h0                                              
  bresp                        integral            3     'h0                                              
  bvalid                       integral            1     'h0                                              
  bready                       integral            1     'h0                                              
  araddr                       integral            32    'hf4fe41a8                                       
  arvalid                      integral            1     'h0                                              
  arready                      integral            1     'h0                                              
  rdata                        integral            32    'h0                                              
  rresp                        integral            3     'h0                                              
  rvalid                       integral            1     'h0                                              
  rready                       integral            1     'h0                                              
  is_write                     integral            1     'h1                                              
  rst_f                        integral            1     'h0                                              
  begin_time                   time                64    3335                                             
  end_time                     time                64    3405                                             
  depth                        int                 32    'd2                                              
  parent sequence (name)       string              11    wr_rd_seq_h                                      
  parent sequence (full name)  string              49    uvm_test_top.env_h.act_agent_h.seqr_h.wr_rd_seq_h
  sequencer                    string              37    uvm_test_top.env_h.act_agent_h.seqr_h            
----------------------------------------------------------------------------------------------------------

UVM_INFO wr_rd_seq.sv(41) @ 3415: uvm_test_top.env_h.act_agent_h.seqr_h@@wr_rd_seq_h [AWADDR_SEQ] This is wr_rd_seq : ----------------------------------------------------------------------------------------------------------
Name                           Type                Size  Value                                            
----------------------------------------------------------------------------------------------------------
item_h                         axi4_lite_seq_item  -     @2560                                            
  awaddr                       integral            32    'h6c                                             
  awvalid                      integral            1     'h0                                              
  awready                      integral            1     'h0                                              
  wdata                        integral            32    'h23e8c51f                                       
  wstrb                        integral            4     'h0                                              
  wvalid                       integral            1     'h0                                              
  wready                       integral            1     'h0                                              
  bresp                        integral            3     'h0                                              
  bvalid                       integral            1     'h0                                              
  bready                       integral            1     'h0                                              
  araddr                       integral            32    'he0                                             
  arvalid                      integral            1     'h0                                              
  arready                      integral            1     'h0                                              
  rdata                        integral            32    'h0                                              
  rresp                        integral            3     'h0                                              
  rvalid                       integral            1     'h0                                              
  rready                       integral            1     'h0                                              
  is_write                     integral            1     'h0                                              
  rst_f                        integral            1     'h0                                              
  begin_time                   time                64    3415                                             
  depth                        int                 32    'd2                                              
  parent sequence (name)       string              11    wr_rd_seq_h                                      
  parent sequence (full name)  string              49    uvm_test_top.env_h.act_agent_h.seqr_h.wr_rd_seq_h
  sequencer                    string              37    uvm_test_top.env_h.act_agent_h.seqr_h            
----------------------------------------------------------------------------------------------------------

UVM_INFO axi4_lite_driver.sv(148) @ 3415: uvm_test_top.env_h.act_agent_h.drv_h [[DRV]] Entered rd_addr_channel
UVM_INFO axi4_lite_act_monitor.sv(97) @ 3440: uvm_test_top.env_h.act_agent_h.mon_h [MON_AR] AR Captured araddr= 0xe0
UVM_INFO design.sv(226) @ 3445: reporter [DESIGN_RDATA] This is RDATA ==c295afff
UVM_INFO design.sv(227) @ 3445: reporter [DESIGN_MEM] This is memory ==c295afff
UVM_INFO axi4_lite_driver.sv(176) @ 3445: uvm_test_top.env_h.act_agent_h.drv_h [DRV] DRV araddr_channel: araddr=0xe0
UVM_INFO axi4_lite_driver.sv(177) @ 3445: uvm_test_top.env_h.act_agent_h.drv_h [[DRV]] Existing rd_addr_channel
UVM_INFO axi4_lite_driver.sv(182) @ 3445: uvm_test_top.env_h.act_agent_h.drv_h [[DRV]] Entered rd_data_channel
UVM_INFO axi4_lite_act_monitor.sv(107) @ 3460: uvm_test_top.env_h.act_agent_h.mon_h [MON_RD_TX] READ_TX : araddr=0xe0, rdata=0xc295afff rresp=0
UVM_INFO axi4_lite_sb.sv(76) @ 3460: uvm_test_top.env_h.sb_h [[SB]] READ TX received : araddr=0xe0 rdata=0xc295afff rresp=0
UVM_INFO axi4_lite_sb.sv(81) @ 3460: uvm_test_top.env_h.sb_h [[SB]] READ PASS : araddr=0xe0 rdata=0xc295afff rresp=OKAY
UVM_INFO axi4_lite_sb.sv(98) @ 3460: uvm_test_top.env_h.sb_h [[SB]] READ ADDR ALIGN PASS : araddr=0xe0 is 4-byte aligned
UVM_INFO axi4_lite_driver.sv(207) @ 3485: uvm_test_top.env_h.act_agent_h.drv_h [[DRV]] Existing rd_data_channel
UVM_INFO axi4_lite_driver.sv(235) @ 3485: uvm_test_top.env_h.act_agent_h.drv_h [[DRV]] After item_done()
UVM_INFO wr_rd_seq.sv(53) @ 3485: uvm_test_top.env_h.act_agent_h.seqr_h@@wr_rd_seq_h [[SEQ]] Response = ----------------------------------------------------------------------------------------------------------
Name                           Type                Size  Value                                            
----------------------------------------------------------------------------------------------------------
item_h                         axi4_lite_seq_item  -     @2560                                            
  awaddr                       integral            32    'h6c                                             
  awvalid                      integral            1     'h0                                              
  awready                      integral            1     'h0                                              
  wdata                        integral            32    'h23e8c51f                                       
  wstrb                        integral            4     'h0                                              
  wvalid                       integral            1     'h0                                              
  wready                       integral            1     'h0                                              
  bresp                        integral            3     'h0                                              
  bvalid                       integral            1     'h0                                              
  bready                       integral            1     'h0                                              
  araddr                       integral            32    'he0                                             
  arvalid                      integral            1     'h0                                              
  arready                      integral            1     'h0                                              
  rdata                        integral            32    'h0                                              
  rresp                        integral            3     'h0                                              
  rvalid                       integral            1     'h0                                              
  rready                       integral            1     'h0                                              
  is_write                     integral            1     'h0                                              
  rst_f                        integral            1     'h0                                              
  begin_time                   time                64    3415                                             
  end_time                     time                64    3485                                             
  depth                        int                 32    'd2                                              
  parent sequence (name)       string              11    wr_rd_seq_h                                      
  parent sequence (full name)  string              49    uvm_test_top.env_h.act_agent_h.seqr_h.wr_rd_seq_h
  sequencer                    string              37    uvm_test_top.env_h.act_agent_h.seqr_h            
----------------------------------------------------------------------------------------------------------

UVM_INFO wr_rd_seq.sv(41) @ 3495: uvm_test_top.env_h.act_agent_h.seqr_h@@wr_rd_seq_h [AWADDR_SEQ] This is wr_rd_seq : ----------------------------------------------------------------------------------------------------------
Name                           Type                Size  Value                                            
----------------------------------------------------------------------------------------------------------
item_h                         axi4_lite_seq_item  -     @2602                                            
  awaddr                       integral            32    'ha8                                             
  awvalid                      integral            1     'h0                                              
  awready                      integral            1     'h0                                              
  wdata                        integral            32    'hb90f16d6                                       
  wstrb                        integral            4     'hf                                              
  wvalid                       integral            1     'h0                                              
  wready                       integral            1     'h0                                              
  bresp                        integral            3     'h0                                              
  bvalid                       integral            1     'h0                                              
  bready                       integral            1     'h0                                              
  araddr                       integral            32    'h3a11dc4c                                       
  arvalid                      integral            1     'h0                                              
  arready                      integral            1     'h0                                              
  rdata                        integral            32    'h0                                              
  rresp                        integral            3     'h0                                              
  rvalid                       integral            1     'h0                                              
  rready                       integral            1     'h0                                              
  is_write                     integral            1     'h1                                              
  rst_f                        integral            1     'h0                                              
  begin_time                   time                64    3495                                             
  depth                        int                 32    'd2                                              
  parent sequence (name)       string              11    wr_rd_seq_h                                      
  parent sequence (full name)  string              49    uvm_test_top.env_h.act_agent_h.seqr_h.wr_rd_seq_h
  sequencer                    string              37    uvm_test_top.env_h.act_agent_h.seqr_h            
----------------------------------------------------------------------------------------------------------

UVM_INFO axi4_lite_driver.sv(54) @ 3495: uvm_test_top.env_h.act_agent_h.drv_h [[DRV]] Entered wr_addr_channel
UVM_INFO axi4_lite_driver.sv(87) @ 3495: uvm_test_top.env_h.act_agent_h.drv_h [[DRV]] Entered wr_data_channel
UVM_INFO design.sv(138) @ 3505: reporter [DESIGN] This is DUT c295afff
UVM_INFO axi4_lite_act_monitor.sv(65) @ 3510: uvm_test_top.env_h.act_agent_h.mon_h [MON_AW] DW Captured : wdata 0xb90f16d6
UVM_INFO axi4_lite_driver.sv(110) @ 3515: uvm_test_top.env_h.act_agent_h.drv_h [DRV] DRV DW_CHANNEL : wdata = 0Xb90f16d6
UVM_INFO axi4_lite_driver.sv(111) @ 3515: uvm_test_top.env_h.act_agent_h.drv_h [[DRV]] Exiting wr_data_channel
UVM_INFO axi4_lite_act_monitor.sv(59) @ 3520: uvm_test_top.env_h.act_agent_h.mon_h [MON_AW] AW Captured : waddr 0xa8
UVM_INFO axi4_lite_driver.sv(81) @ 3525: uvm_test_top.env_h.act_agent_h.drv_h [DRV] DRV AW_CHANNEL : awaddr=0xa8
UVM_INFO axi4_lite_driver.sv(82) @ 3525: uvm_test_top.env_h.act_agent_h.drv_h [[DRV]] Exiting wr_addr_channel
UVM_INFO axi4_lite_driver.sv(116) @ 3525: uvm_test_top.env_h.act_agent_h.drv_h [[DRV]] Entered wr_resp_channel
UVM_INFO axi4_lite_act_monitor.sv(77) @ 3540: uvm_test_top.env_h.act_agent_h.mon_h [MON_WRITE_TX] WRITE_TX : awaddr = 0xa8, wdata= 0xb90f16d6, bresp =0
UVM_INFO axi4_lite_sb.sv(45) @ 3540: uvm_test_top.env_h.sb_h [[SB]] WRITE TX received : awaddr=0xa8 wdata=0xb90f16d6 bresp=0
UVM_INFO axi4_lite_sb.sv(50) @ 3540: uvm_test_top.env_h.sb_h [[SB]] WRITE PASS : awaddr=0xa8 wdata=0xb90f16d6 bresp=OKAY
UVM_INFO axi4_lite_sb.sv(66) @ 3540: uvm_test_top.env_h.sb_h [[SB]] WRITE ADDR ALIGN PASS : awaddr=0xa8 is 4-byte aligned
UVM_INFO axi4_lite_driver.sv(143) @ 3565: uvm_test_top.env_h.act_agent_h.drv_h [[DRV]] Exiting wr_resp_channel
UVM_INFO axi4_lite_driver.sv(235) @ 3565: uvm_test_top.env_h.act_agent_h.drv_h [[DRV]] After item_done()
UVM_INFO wr_rd_seq.sv(53) @ 3565: uvm_test_top.env_h.act_agent_h.seqr_h@@wr_rd_seq_h [[SEQ]] Response = ----------------------------------------------------------------------------------------------------------
Name                           Type                Size  Value                                            
----------------------------------------------------------------------------------------------------------
item_h                         axi4_lite_seq_item  -     @2602                                            
  awaddr                       integral            32    'ha8                                             
  awvalid                      integral            1     'h0                                              
  awready                      integral            1     'h0                                              
  wdata                        integral            32    'hb90f16d6                                       
  wstrb                        integral            4     'hf                                              
  wvalid                       integral            1     'h0                                              
  wready                       integral            1     'h0                                              
  bresp                        integral            3     'h0                                              
  bvalid                       integral            1     'h0                                              
  bready                       integral            1     'h0                                              
  araddr                       integral            32    'h3a11dc4c                                       
  arvalid                      integral            1     'h0                                              
  arready                      integral            1     'h0                                              
  rdata                        integral            32    'h0                                              
  rresp                        integral            3     'h0                                              
  rvalid                       integral            1     'h0                                              
  rready                       integral            1     'h0                                              
  is_write                     integral            1     'h1                                              
  rst_f                        integral            1     'h0                                              
  begin_time                   time                64    3495                                             
  end_time                     time                64    3565                                             
  depth                        int                 32    'd2                                              
  parent sequence (name)       string              11    wr_rd_seq_h                                      
  parent sequence (full name)  string              49    uvm_test_top.env_h.act_agent_h.seqr_h.wr_rd_seq_h
  sequencer                    string              37    uvm_test_top.env_h.act_agent_h.seqr_h            
----------------------------------------------------------------------------------------------------------

UVM_INFO wr_rd_seq.sv(41) @ 3575: uvm_test_top.env_h.act_agent_h.seqr_h@@wr_rd_seq_h [AWADDR_SEQ] This is wr_rd_seq : ----------------------------------------------------------------------------------------------------------
Name                           Type                Size  Value                                            
----------------------------------------------------------------------------------------------------------
item_h                         axi4_lite_seq_item  -     @2650                                            
  awaddr                       integral            32    'he0                                             
  awvalid                      integral            1     'h0                                              
  awready                      integral            1     'h0                                              
  wdata                        integral            32    'hc41a09e7                                       
  wstrb                        integral            4     'h0                                              
  wvalid                       integral            1     'h0                                              
  wready                       integral            1     'h0                                              
  bresp                        integral            3     'h0                                              
  bvalid                       integral            1     'h0                                              
  bready                       integral            1     'h0                                              
  araddr                       integral            32    'ha8                                             
  arvalid                      integral            1     'h0                                              
  arready                      integral            1     'h0                                              
  rdata                        integral            32    'h0                                              
  rresp                        integral            3     'h0                                              
  rvalid                       integral            1     'h0                                              
  rready                       integral            1     'h0                                              
  is_write                     integral            1     'h0                                              
  rst_f                        integral            1     'h0                                              
  begin_time                   time                64    3575                                             
  depth                        int                 32    'd2                                              
  parent sequence (name)       string              11    wr_rd_seq_h                                      
  parent sequence (full name)  string              49    uvm_test_top.env_h.act_agent_h.seqr_h.wr_rd_seq_h
  sequencer                    string              37    uvm_test_top.env_h.act_agent_h.seqr_h            
----------------------------------------------------------------------------------------------------------

UVM_INFO axi4_lite_driver.sv(148) @ 3575: uvm_test_top.env_h.act_agent_h.drv_h [[DRV]] Entered rd_addr_channel
UVM_INFO axi4_lite_act_monitor.sv(97) @ 3600: uvm_test_top.env_h.act_agent_h.mon_h [MON_AR] AR Captured araddr= 0xa8
UVM_INFO design.sv(226) @ 3605: reporter [DESIGN_RDATA] This is RDATA ==b90f16d6
UVM_INFO design.sv(227) @ 3605: reporter [DESIGN_MEM] This is memory ==b90f16d6
UVM_INFO axi4_lite_driver.sv(176) @ 3605: uvm_test_top.env_h.act_agent_h.drv_h [DRV] DRV araddr_channel: araddr=0xa8
UVM_INFO axi4_lite_driver.sv(177) @ 3605: uvm_test_top.env_h.act_agent_h.drv_h [[DRV]] Existing rd_addr_channel
UVM_INFO axi4_lite_driver.sv(182) @ 3605: uvm_test_top.env_h.act_agent_h.drv_h [[DRV]] Entered rd_data_channel
UVM_INFO axi4_lite_act_monitor.sv(107) @ 3620: uvm_test_top.env_h.act_agent_h.mon_h [MON_RD_TX] READ_TX : araddr=0xa8, rdata=0xb90f16d6 rresp=0
UVM_INFO axi4_lite_sb.sv(76) @ 3620: uvm_test_top.env_h.sb_h [[SB]] READ TX received : araddr=0xa8 rdata=0xb90f16d6 rresp=0
UVM_INFO axi4_lite_sb.sv(81) @ 3620: uvm_test_top.env_h.sb_h [[SB]] READ PASS : araddr=0xa8 rdata=0xb90f16d6 rresp=OKAY
UVM_INFO axi4_lite_sb.sv(98) @ 3620: uvm_test_top.env_h.sb_h [[SB]] READ ADDR ALIGN PASS : araddr=0xa8 is 4-byte aligned
UVM_INFO axi4_lite_driver.sv(207) @ 3645: uvm_test_top.env_h.act_agent_h.drv_h [[DRV]] Existing rd_data_channel
UVM_INFO axi4_lite_driver.sv(235) @ 3645: uvm_test_top.env_h.act_agent_h.drv_h [[DRV]] After item_done()
UVM_INFO wr_rd_seq.sv(53) @ 3645: uvm_test_top.env_h.act_agent_h.seqr_h@@wr_rd_seq_h [[SEQ]] Response = ----------------------------------------------------------------------------------------------------------
Name                           Type                Size  Value                                            
----------------------------------------------------------------------------------------------------------
item_h                         axi4_lite_seq_item  -     @2650                                            
  awaddr                       integral            32    'he0                                             
  awvalid                      integral            1     'h0                                              
  awready                      integral            1     'h0                                              
  wdata                        integral            32    'hc41a09e7                                       
  wstrb                        integral            4     'h0                                              
  wvalid                       integral            1     'h0                                              
  wready                       integral            1     'h0                                              
  bresp                        integral            3     'h0                                              
  bvalid                       integral            1     'h0                                              
  bready                       integral            1     'h0                                              
  araddr                       integral            32    'ha8                                             
  arvalid                      integral            1     'h0                                              
  arready                      integral            1     'h0                                              
  rdata                        integral            32    'h0                                              
  rresp                        integral            3     'h0                                              
  rvalid                       integral            1     'h0                                              
  rready                       integral            1     'h0                                              
  is_write                     integral            1     'h0                                              
  rst_f                        integral            1     'h0                                              
  begin_time                   time                64    3575                                             
  end_time                     time                64    3645                                             
  depth                        int                 32    'd2                                              
  parent sequence (name)       string              11    wr_rd_seq_h                                      
  parent sequence (full name)  string              49    uvm_test_top.env_h.act_agent_h.seqr_h.wr_rd_seq_h
  sequencer                    string              37    uvm_test_top.env_h.act_agent_h.seqr_h            
----------------------------------------------------------------------------------------------------------

UVM_INFO wr_rd_seq.sv(41) @ 3655: uvm_test_top.env_h.act_agent_h.seqr_h@@wr_rd_seq_h [AWADDR_SEQ] This is wr_rd_seq : ----------------------------------------------------------------------------------------------------------
Name                           Type                Size  Value                                            
----------------------------------------------------------------------------------------------------------
item_h                         axi4_lite_seq_item  -     @2692                                            
  awaddr                       integral            32    'hd8                                             
  awvalid                      integral            1     'h0                                              
  awready                      integral            1     'h0                                              
  wdata                        integral            32    'hb7f514dc                                       
  wstrb                        integral            4     'hf                                              
  wvalid                       integral            1     'h0                                              
  wready                       integral            1     'h0                                              
  bresp                        integral            3     'h0                                              
  bvalid                       integral            1     'h0                                              
  bready                       integral            1     'h0                                              
  araddr                       integral            32    'hc43362b8                                       
  arvalid                      integral            1     'h0                                              
  arready                      integral            1     'h0                                              
  rdata                        integral            32    'h0                                              
  rresp                        integral            3     'h0                                              
  rvalid                       integral            1     'h0                                              
  rready                       integral            1     'h0                                              
  is_write                     integral            1     'h1                                              
  rst_f                        integral            1     'h0                                              
  begin_time                   time                64    3655                                             
  depth                        int                 32    'd2                                              
  parent sequence (name)       string              11    wr_rd_seq_h                                      
  parent sequence (full name)  string              49    uvm_test_top.env_h.act_agent_h.seqr_h.wr_rd_seq_h
  sequencer                    string              37    uvm_test_top.env_h.act_agent_h.seqr_h            
----------------------------------------------------------------------------------------------------------

UVM_INFO axi4_lite_driver.sv(54) @ 3655: uvm_test_top.env_h.act_agent_h.drv_h [[DRV]] Entered wr_addr_channel
UVM_INFO axi4_lite_driver.sv(87) @ 3655: uvm_test_top.env_h.act_agent_h.drv_h [[DRV]] Entered wr_data_channel
UVM_INFO design.sv(138) @ 3665: reporter [DESIGN] This is DUT b90f16d6
UVM_INFO axi4_lite_act_monitor.sv(65) @ 3670: uvm_test_top.env_h.act_agent_h.mon_h [MON_AW] DW Captured : wdata 0xb7f514dc
UVM_INFO axi4_lite_driver.sv(110) @ 3675: uvm_test_top.env_h.act_agent_h.drv_h [DRV] DRV DW_CHANNEL : wdata = 0Xb7f514dc
UVM_INFO axi4_lite_driver.sv(111) @ 3675: uvm_test_top.env_h.act_agent_h.drv_h [[DRV]] Exiting wr_data_channel
UVM_INFO axi4_lite_act_monitor.sv(59) @ 3680: uvm_test_top.env_h.act_agent_h.mon_h [MON_AW] AW Captured : waddr 0xd8
UVM_INFO axi4_lite_driver.sv(81) @ 3685: uvm_test_top.env_h.act_agent_h.drv_h [DRV] DRV AW_CHANNEL : awaddr=0xd8
UVM_INFO axi4_lite_driver.sv(82) @ 3685: uvm_test_top.env_h.act_agent_h.drv_h [[DRV]] Exiting wr_addr_channel
UVM_INFO axi4_lite_driver.sv(116) @ 3685: uvm_test_top.env_h.act_agent_h.drv_h [[DRV]] Entered wr_resp_channel
UVM_INFO axi4_lite_act_monitor.sv(77) @ 3700: uvm_test_top.env_h.act_agent_h.mon_h [MON_WRITE_TX] WRITE_TX : awaddr = 0xd8, wdata= 0xb7f514dc, bresp =0
UVM_INFO axi4_lite_sb.sv(45) @ 3700: uvm_test_top.env_h.sb_h [[SB]] WRITE TX received : awaddr=0xd8 wdata=0xb7f514dc bresp=0
UVM_INFO axi4_lite_sb.sv(50) @ 3700: uvm_test_top.env_h.sb_h [[SB]] WRITE PASS : awaddr=0xd8 wdata=0xb7f514dc bresp=OKAY
UVM_INFO axi4_lite_sb.sv(66) @ 3700: uvm_test_top.env_h.sb_h [[SB]] WRITE ADDR ALIGN PASS : awaddr=0xd8 is 4-byte aligned
UVM_INFO axi4_lite_driver.sv(143) @ 3725: uvm_test_top.env_h.act_agent_h.drv_h [[DRV]] Exiting wr_resp_channel
UVM_INFO axi4_lite_driver.sv(235) @ 3725: uvm_test_top.env_h.act_agent_h.drv_h [[DRV]] After item_done()
UVM_INFO wr_rd_seq.sv(53) @ 3725: uvm_test_top.env_h.act_agent_h.seqr_h@@wr_rd_seq_h [[SEQ]] Response = ----------------------------------------------------------------------------------------------------------
Name                           Type                Size  Value                                            
----------------------------------------------------------------------------------------------------------
item_h                         axi4_lite_seq_item  -     @2692                                            
  awaddr                       integral            32    'hd8                                             
  awvalid                      integral            1     'h0                                              
  awready                      integral            1     'h0                                              
  wdata                        integral            32    'hb7f514dc                                       
  wstrb                        integral            4     'hf                                              
  wvalid                       integral            1     'h0                                              
  wready                       integral            1     'h0                                              
  bresp                        integral            3     'h0                                              
  bvalid                       integral            1     'h0                                              
  bready                       integral            1     'h0                                              
  araddr                       integral            32    'hc43362b8                                       
  arvalid                      integral            1     'h0                                              
  arready                      integral            1     'h0                                              
  rdata                        integral            32    'h0                                              
  rresp                        integral            3     'h0                                              
  rvalid                       integral            1     'h0                                              
  rready                       integral            1     'h0                                              
  is_write                     integral            1     'h1                                              
  rst_f                        integral            1     'h0                                              
  begin_time                   time                64    3655                                             
  end_time                     time                64    3725                                             
  depth                        int                 32    'd2                                              
  parent sequence (name)       string              11    wr_rd_seq_h                                      
  parent sequence (full name)  string              49    uvm_test_top.env_h.act_agent_h.seqr_h.wr_rd_seq_h
  sequencer                    string              37    uvm_test_top.env_h.act_agent_h.seqr_h            
----------------------------------------------------------------------------------------------------------

UVM_INFO wr_rd_seq.sv(41) @ 3735: uvm_test_top.env_h.act_agent_h.seqr_h@@wr_rd_seq_h [AWADDR_SEQ] This is wr_rd_seq : ----------------------------------------------------------------------------------------------------------
Name                           Type                Size  Value                                            
----------------------------------------------------------------------------------------------------------
item_h                         axi4_lite_seq_item  -     @2740                                            
  awaddr                       integral            32    'hfc                                             
  awvalid                      integral            1     'h0                                              
  awready                      integral            1     'h0                                              
  wdata                        integral            32    'hf78dabe9                                       
  wstrb                        integral            4     'h0                                              
  wvalid                       integral            1     'h0                                              
  wready                       integral            1     'h0                                              
  bresp                        integral            3     'h0                                              
  bvalid                       integral            1     'h0                                              
  bready                       integral            1     'h0                                              
  araddr                       integral            32    'hd8                                             
  arvalid                      integral            1     'h0                                              
  arready                      integral            1     'h0                                              
  rdata                        integral            32    'h0                                              
  rresp                        integral            3     'h0                                              
  rvalid                       integral            1     'h0                                              
  rready                       integral            1     'h0                                              
  is_write                     integral            1     'h0                                              
  rst_f                        integral            1     'h0                                              
  begin_time                   time                64    3735                                             
  depth                        int                 32    'd2                                              
  parent sequence (name)       string              11    wr_rd_seq_h                                      
  parent sequence (full name)  string              49    uvm_test_top.env_h.act_agent_h.seqr_h.wr_rd_seq_h
  sequencer                    string              37    uvm_test_top.env_h.act_agent_h.seqr_h            
----------------------------------------------------------------------------------------------------------

UVM_INFO axi4_lite_driver.sv(148) @ 3735: uvm_test_top.env_h.act_agent_h.drv_h [[DRV]] Entered rd_addr_channel
UVM_INFO axi4_lite_act_monitor.sv(97) @ 3760: uvm_test_top.env_h.act_agent_h.mon_h [MON_AR] AR Captured araddr= 0xd8
UVM_INFO design.sv(226) @ 3765: reporter [DESIGN_RDATA] This is RDATA ==b7f514dc
UVM_INFO design.sv(227) @ 3765: reporter [DESIGN_MEM] This is memory ==b7f514dc
UVM_INFO axi4_lite_driver.sv(176) @ 3765: uvm_test_top.env_h.act_agent_h.drv_h [DRV] DRV araddr_channel: araddr=0xd8
UVM_INFO axi4_lite_driver.sv(177) @ 3765: uvm_test_top.env_h.act_agent_h.drv_h [[DRV]] Existing rd_addr_channel
UVM_INFO axi4_lite_driver.sv(182) @ 3765: uvm_test_top.env_h.act_agent_h.drv_h [[DRV]] Entered rd_data_channel
UVM_INFO axi4_lite_act_monitor.sv(107) @ 3780: uvm_test_top.env_h.act_agent_h.mon_h [MON_RD_TX] READ_TX : araddr=0xd8, rdata=0xb7f514dc rresp=0
UVM_INFO axi4_lite_sb.sv(76) @ 3780: uvm_test_top.env_h.sb_h [[SB]] READ TX received : araddr=0xd8 rdata=0xb7f514dc rresp=0
UVM_INFO axi4_lite_sb.sv(81) @ 3780: uvm_test_top.env_h.sb_h [[SB]] READ PASS : araddr=0xd8 rdata=0xb7f514dc rresp=OKAY
UVM_INFO axi4_lite_sb.sv(98) @ 3780: uvm_test_top.env_h.sb_h [[SB]] READ ADDR ALIGN PASS : araddr=0xd8 is 4-byte aligned
UVM_INFO axi4_lite_driver.sv(207) @ 3805: uvm_test_top.env_h.act_agent_h.drv_h [[DRV]] Existing rd_data_channel
UVM_INFO axi4_lite_driver.sv(235) @ 3805: uvm_test_top.env_h.act_agent_h.drv_h [[DRV]] After item_done()
UVM_INFO wr_rd_seq.sv(53) @ 3805: uvm_test_top.env_h.act_agent_h.seqr_h@@wr_rd_seq_h [[SEQ]] Response = ----------------------------------------------------------------------------------------------------------
Name                           Type                Size  Value                                            
----------------------------------------------------------------------------------------------------------
item_h                         axi4_lite_seq_item  -     @2740                                            
  awaddr                       integral            32    'hfc                                             
  awvalid                      integral            1     'h0                                              
  awready                      integral            1     'h0                                              
  wdata                        integral            32    'hf78dabe9                                       
  wstrb                        integral            4     'h0                                              
  wvalid                       integral            1     'h0                                              
  wready                       integral            1     'h0                                              
  bresp                        integral            3     'h0                                              
  bvalid                       integral            1     'h0                                              
  bready                       integral            1     'h0                                              
  araddr                       integral            32    'hd8                                             
  arvalid                      integral            1     'h0                                              
  arready                      integral            1     'h0                                              
  rdata                        integral            32    'h0                                              
  rresp                        integral            3     'h0                                              
  rvalid                       integral            1     'h0                                              
  rready                       integral            1     'h0                                              
  is_write                     integral            1     'h0                                              
  rst_f                        integral            1     'h0                                              
  begin_time                   time                64    3735                                             
  end_time                     time                64    3805                                             
  depth                        int                 32    'd2                                              
  parent sequence (name)       string              11    wr_rd_seq_h                                      
  parent sequence (full name)  string              49    uvm_test_top.env_h.act_agent_h.seqr_h.wr_rd_seq_h
  sequencer                    string              37    uvm_test_top.env_h.act_agent_h.seqr_h            
----------------------------------------------------------------------------------------------------------

UVM_INFO wr_rd_seq.sv(41) @ 3815: uvm_test_top.env_h.act_agent_h.seqr_h@@wr_rd_seq_h [AWADDR_SEQ] This is wr_rd_seq : ----------------------------------------------------------------------------------------------------------
Name                           Type                Size  Value                                            
----------------------------------------------------------------------------------------------------------
item_h                         axi4_lite_seq_item  -     @2782                                            
  awaddr                       integral            32    'hbc                                             
  awvalid                      integral            1     'h0                                              
  awready                      integral            1     'h0                                              
  wdata                        integral            32    'h9d65889f                                       
  wstrb                        integral            4     'hf                                              
  wvalid                       integral            1     'h0                                              
  wready                       integral            1     'h0                                              
  bresp                        integral            3     'h0                                              
  bvalid                       integral            1     'h0                                              
  bready                       integral            1     'h0                                              
  araddr                       integral            32    'hc46e4cb4                                       
  arvalid                      integral            1     'h0                                              
  arready                      integral            1     'h0                                              
  rdata                        integral            32    'h0                                              
  rresp                        integral            3     'h0                                              
  rvalid                       integral            1     'h0                                              
  rready                       integral            1     'h0                                              
  is_write                     integral            1     'h1                                              
  rst_f                        integral            1     'h0                                              
  begin_time                   time                64    3815                                             
  depth                        int                 32    'd2                                              
  parent sequence (name)       string              11    wr_rd_seq_h                                      
  parent sequence (full name)  string              49    uvm_test_top.env_h.act_agent_h.seqr_h.wr_rd_seq_h
  sequencer                    string              37    uvm_test_top.env_h.act_agent_h.seqr_h            
----------------------------------------------------------------------------------------------------------

UVM_INFO axi4_lite_driver.sv(54) @ 3815: uvm_test_top.env_h.act_agent_h.drv_h [[DRV]] Entered wr_addr_channel
UVM_INFO axi4_lite_driver.sv(87) @ 3815: uvm_test_top.env_h.act_agent_h.drv_h [[DRV]] Entered wr_data_channel
UVM_INFO design.sv(138) @ 3825: reporter [DESIGN] This is DUT b7f514dc
UVM_INFO axi4_lite_act_monitor.sv(65) @ 3830: uvm_test_top.env_h.act_agent_h.mon_h [MON_AW] DW Captured : wdata 0x9d65889f
UVM_INFO axi4_lite_driver.sv(110) @ 3835: uvm_test_top.env_h.act_agent_h.drv_h [DRV] DRV DW_CHANNEL : wdata = 0X9d65889f
UVM_INFO axi4_lite_driver.sv(111) @ 3835: uvm_test_top.env_h.act_agent_h.drv_h [[DRV]] Exiting wr_data_channel
UVM_INFO axi4_lite_act_monitor.sv(59) @ 3840: uvm_test_top.env_h.act_agent_h.mon_h [MON_AW] AW Captured : waddr 0xbc
UVM_INFO axi4_lite_driver.sv(81) @ 3845: uvm_test_top.env_h.act_agent_h.drv_h [DRV] DRV AW_CHANNEL : awaddr=0xbc
UVM_INFO axi4_lite_driver.sv(82) @ 3845: uvm_test_top.env_h.act_agent_h.drv_h [[DRV]] Exiting wr_addr_channel
UVM_INFO axi4_lite_driver.sv(116) @ 3845: uvm_test_top.env_h.act_agent_h.drv_h [[DRV]] Entered wr_resp_channel
UVM_INFO axi4_lite_act_monitor.sv(77) @ 3860: uvm_test_top.env_h.act_agent_h.mon_h [MON_WRITE_TX] WRITE_TX : awaddr = 0xbc, wdata= 0x9d65889f, bresp =0
UVM_INFO axi4_lite_sb.sv(45) @ 3860: uvm_test_top.env_h.sb_h [[SB]] WRITE TX received : awaddr=0xbc wdata=0x9d65889f bresp=0
UVM_INFO axi4_lite_sb.sv(50) @ 3860: uvm_test_top.env_h.sb_h [[SB]] WRITE PASS : awaddr=0xbc wdata=0x9d65889f bresp=OKAY
UVM_INFO axi4_lite_sb.sv(66) @ 3860: uvm_test_top.env_h.sb_h [[SB]] WRITE ADDR ALIGN PASS : awaddr=0xbc is 4-byte aligned
UVM_INFO axi4_lite_driver.sv(143) @ 3885: uvm_test_top.env_h.act_agent_h.drv_h [[DRV]] Exiting wr_resp_channel
UVM_INFO axi4_lite_driver.sv(235) @ 3885: uvm_test_top.env_h.act_agent_h.drv_h [[DRV]] After item_done()
UVM_INFO wr_rd_seq.sv(53) @ 3885: uvm_test_top.env_h.act_agent_h.seqr_h@@wr_rd_seq_h [[SEQ]] Response = ----------------------------------------------------------------------------------------------------------
Name                           Type                Size  Value                                            
----------------------------------------------------------------------------------------------------------
item_h                         axi4_lite_seq_item  -     @2782                                            
  awaddr                       integral            32    'hbc                                             
  awvalid                      integral            1     'h0                                              
  awready                      integral            1     'h0                                              
  wdata                        integral            32    'h9d65889f                                       
  wstrb                        integral            4     'hf                                              
  wvalid                       integral            1     'h0                                              
  wready                       integral            1     'h0                                              
  bresp                        integral            3     'h0                                              
  bvalid                       integral            1     'h0                                              
  bready                       integral            1     'h0                                              
  araddr                       integral            32    'hc46e4cb4                                       
  arvalid                      integral            1     'h0                                              
  arready                      integral            1     'h0                                              
  rdata                        integral            32    'h0                                              
  rresp                        integral            3     'h0                                              
  rvalid                       integral            1     'h0                                              
  rready                       integral            1     'h0                                              
  is_write                     integral            1     'h1                                              
  rst_f                        integral            1     'h0                                              
  begin_time                   time                64    3815                                             
  end_time                     time                64    3885                                             
  depth                        int                 32    'd2                                              
  parent sequence (name)       string              11    wr_rd_seq_h                                      
  parent sequence (full name)  string              49    uvm_test_top.env_h.act_agent_h.seqr_h.wr_rd_seq_h
  sequencer                    string              37    uvm_test_top.env_h.act_agent_h.seqr_h            
----------------------------------------------------------------------------------------------------------

UVM_INFO wr_rd_seq.sv(41) @ 3895: uvm_test_top.env_h.act_agent_h.seqr_h@@wr_rd_seq_h [AWADDR_SEQ] This is wr_rd_seq : ----------------------------------------------------------------------------------------------------------
Name                           Type                Size  Value                                            
----------------------------------------------------------------------------------------------------------
item_h                         axi4_lite_seq_item  -     @2830                                            
  awaddr                       integral            32    'ha8                                             
  awvalid                      integral            1     'h0                                              
  awready                      integral            1     'h0                                              
  wdata                        integral            32    'hca6a2b7d                                       
  wstrb                        integral            4     'h0                                              
  wvalid                       integral            1     'h0                                              
  wready                       integral            1     'h0                                              
  bresp                        integral            3     'h0                                              
  bvalid                       integral            1     'h0                                              
  bready                       integral            1     'h0                                              
  araddr                       integral            32    'hbc                                             
  arvalid                      integral            1     'h0                                              
  arready                      integral            1     'h0                                              
  rdata                        integral            32    'h0                                              
  rresp                        integral            3     'h0                                              
  rvalid                       integral            1     'h0                                              
  rready                       integral            1     'h0                                              
  is_write                     integral            1     'h0                                              
  rst_f                        integral            1     'h0                                              
  begin_time                   time                64    3895                                             
  depth                        int                 32    'd2                                              
  parent sequence (name)       string              11    wr_rd_seq_h                                      
  parent sequence (full name)  string              49    uvm_test_top.env_h.act_agent_h.seqr_h.wr_rd_seq_h
  sequencer                    string              37    uvm_test_top.env_h.act_agent_h.seqr_h            
----------------------------------------------------------------------------------------------------------

UVM_INFO axi4_lite_driver.sv(148) @ 3895: uvm_test_top.env_h.act_agent_h.drv_h [[DRV]] Entered rd_addr_channel
UVM_INFO axi4_lite_act_monitor.sv(97) @ 3920: uvm_test_top.env_h.act_agent_h.mon_h [MON_AR] AR Captured araddr= 0xbc
UVM_INFO design.sv(226) @ 3925: reporter [DESIGN_RDATA] This is RDATA ==9d65889f
UVM_INFO design.sv(227) @ 3925: reporter [DESIGN_MEM] This is memory ==9d65889f
UVM_INFO axi4_lite_driver.sv(176) @ 3925: uvm_test_top.env_h.act_agent_h.drv_h [DRV] DRV araddr_channel: araddr=0xbc
UVM_INFO axi4_lite_driver.sv(177) @ 3925: uvm_test_top.env_h.act_agent_h.drv_h [[DRV]] Existing rd_addr_channel
UVM_INFO axi4_lite_driver.sv(182) @ 3925: uvm_test_top.env_h.act_agent_h.drv_h [[DRV]] Entered rd_data_channel
UVM_INFO axi4_lite_act_monitor.sv(107) @ 3940: uvm_test_top.env_h.act_agent_h.mon_h [MON_RD_TX] READ_TX : araddr=0xbc, rdata=0x9d65889f rresp=0
UVM_INFO axi4_lite_sb.sv(76) @ 3940: uvm_test_top.env_h.sb_h [[SB]] READ TX received : araddr=0xbc rdata=0x9d65889f rresp=0
UVM_INFO axi4_lite_sb.sv(81) @ 3940: uvm_test_top.env_h.sb_h [[SB]] READ PASS : araddr=0xbc rdata=0x9d65889f rresp=OKAY
UVM_INFO axi4_lite_sb.sv(98) @ 3940: uvm_test_top.env_h.sb_h [[SB]] READ ADDR ALIGN PASS : araddr=0xbc is 4-byte aligned
UVM_INFO axi4_lite_driver.sv(207) @ 3965: uvm_test_top.env_h.act_agent_h.drv_h [[DRV]] Existing rd_data_channel
UVM_INFO axi4_lite_driver.sv(235) @ 3965: uvm_test_top.env_h.act_agent_h.drv_h [[DRV]] After item_done()
UVM_INFO wr_rd_seq.sv(53) @ 3965: uvm_test_top.env_h.act_agent_h.seqr_h@@wr_rd_seq_h [[SEQ]] Response = ----------------------------------------------------------------------------------------------------------
Name                           Type                Size  Value                                            
----------------------------------------------------------------------------------------------------------
item_h                         axi4_lite_seq_item  -     @2830                                            
  awaddr                       integral            32    'ha8                                             
  awvalid                      integral            1     'h0                                              
  awready                      integral            1     'h0                                              
  wdata                        integral            32    'hca6a2b7d                                       
  wstrb                        integral            4     'h0                                              
  wvalid                       integral            1     'h0                                              
  wready                       integral            1     'h0                                              
  bresp                        integral            3     'h0                                              
  bvalid                       integral            1     'h0                                              
  bready                       integral            1     'h0                                              
  araddr                       integral            32    'hbc                                             
  arvalid                      integral            1     'h0                                              
  arready                      integral            1     'h0                                              
  rdata                        integral            32    'h0                                              
  rresp                        integral            3     'h0                                              
  rvalid                       integral            1     'h0                                              
  rready                       integral            1     'h0                                              
  is_write                     integral            1     'h0                                              
  rst_f                        integral            1     'h0                                              
  begin_time                   time                64    3895                                             
  end_time                     time                64    3965                                             
  depth                        int                 32    'd2                                              
  parent sequence (name)       string              11    wr_rd_seq_h                                      
  parent sequence (full name)  string              49    uvm_test_top.env_h.act_agent_h.seqr_h.wr_rd_seq_h
  sequencer                    string              37    uvm_test_top.env_h.act_agent_h.seqr_h            
----------------------------------------------------------------------------------------------------------

UVM_INFO wr_rd_seq.sv(41) @ 3975: uvm_test_top.env_h.act_agent_h.seqr_h@@wr_rd_seq_h [AWADDR_SEQ] This is wr_rd_seq : ----------------------------------------------------------------------------------------------------------
Name                           Type                Size  Value                                            
----------------------------------------------------------------------------------------------------------
item_h                         axi4_lite_seq_item  -     @2872                                            
  awaddr                       integral            32    'he0                                             
  awvalid                      integral            1     'h0                                              
  awready                      integral            1     'h0                                              
  wdata                        integral            32    'h933bf081                                       
  wstrb                        integral            4     'hf                                              
  wvalid                       integral            1     'h0                                              
  wready                       integral            1     'h0                                              
  bresp                        integral            3     'h0                                              
  bvalid                       integral            1     'h0                                              
  bready                       integral            1     'h0                                              
  araddr                       integral            32    'hc1652ad0                                       
  arvalid                      integral            1     'h0                                              
  arready                      integral            1     'h0                                              
  rdata                        integral            32    'h0                                              
  rresp                        integral            3     'h0                                              
  rvalid                       integral            1     'h0                                              
  rready                       integral            1     'h0                                              
  is_write                     integral            1     'h1                                              
  rst_f                        integral            1     'h0                                              
  begin_time                   time                64    3975                                             
  depth                        int                 32    'd2                                              
  parent sequence (name)       string              11    wr_rd_seq_h                                      
  parent sequence (full name)  string              49    uvm_test_top.env_h.act_agent_h.seqr_h.wr_rd_seq_h
  sequencer                    string              37    uvm_test_top.env_h.act_agent_h.seqr_h            
----------------------------------------------------------------------------------------------------------

UVM_INFO axi4_lite_driver.sv(54) @ 3975: uvm_test_top.env_h.act_agent_h.drv_h [[DRV]] Entered wr_addr_channel
UVM_INFO axi4_lite_driver.sv(87) @ 3975: uvm_test_top.env_h.act_agent_h.drv_h [[DRV]] Entered wr_data_channel
UVM_INFO design.sv(138) @ 3985: reporter [DESIGN] This is DUT 9d65889f
UVM_INFO axi4_lite_act_monitor.sv(65) @ 3990: uvm_test_top.env_h.act_agent_h.mon_h [MON_AW] DW Captured : wdata 0x933bf081
UVM_INFO axi4_lite_driver.sv(110) @ 3995: uvm_test_top.env_h.act_agent_h.drv_h [DRV] DRV DW_CHANNEL : wdata = 0X933bf081
UVM_INFO axi4_lite_driver.sv(111) @ 3995: uvm_test_top.env_h.act_agent_h.drv_h [[DRV]] Exiting wr_data_channel
UVM_INFO axi4_lite_act_monitor.sv(59) @ 4000: uvm_test_top.env_h.act_agent_h.mon_h [MON_AW] AW Captured : waddr 0xe0
UVM_INFO axi4_lite_driver.sv(81) @ 4005: uvm_test_top.env_h.act_agent_h.drv_h [DRV] DRV AW_CHANNEL : awaddr=0xe0
UVM_INFO axi4_lite_driver.sv(82) @ 4005: uvm_test_top.env_h.act_agent_h.drv_h [[DRV]] Exiting wr_addr_channel
UVM_INFO axi4_lite_driver.sv(116) @ 4005: uvm_test_top.env_h.act_agent_h.drv_h [[DRV]] Entered wr_resp_channel
UVM_INFO axi4_lite_act_monitor.sv(77) @ 4020: uvm_test_top.env_h.act_agent_h.mon_h [MON_WRITE_TX] WRITE_TX : awaddr = 0xe0, wdata= 0x933bf081, bresp =0
UVM_INFO axi4_lite_sb.sv(45) @ 4020: uvm_test_top.env_h.sb_h [[SB]] WRITE TX received : awaddr=0xe0 wdata=0x933bf081 bresp=0
UVM_INFO axi4_lite_sb.sv(50) @ 4020: uvm_test_top.env_h.sb_h [[SB]] WRITE PASS : awaddr=0xe0 wdata=0x933bf081 bresp=OKAY
UVM_INFO axi4_lite_sb.sv(66) @ 4020: uvm_test_top.env_h.sb_h [[SB]] WRITE ADDR ALIGN PASS : awaddr=0xe0 is 4-byte aligned
UVM_INFO axi4_lite_driver.sv(143) @ 4045: uvm_test_top.env_h.act_agent_h.drv_h [[DRV]] Exiting wr_resp_channel
UVM_INFO axi4_lite_driver.sv(235) @ 4045: uvm_test_top.env_h.act_agent_h.drv_h [[DRV]] After item_done()
UVM_INFO wr_rd_seq.sv(53) @ 4045: uvm_test_top.env_h.act_agent_h.seqr_h@@wr_rd_seq_h [[SEQ]] Response = ----------------------------------------------------------------------------------------------------------
Name                           Type                Size  Value                                            
----------------------------------------------------------------------------------------------------------
item_h                         axi4_lite_seq_item  -     @2872                                            
  awaddr                       integral            32    'he0                                             
  awvalid                      integral            1     'h0                                              
  awready                      integral            1     'h0                                              
  wdata                        integral            32    'h933bf081                                       
  wstrb                        integral            4     'hf                                              
  wvalid                       integral            1     'h0                                              
  wready                       integral            1     'h0                                              
  bresp                        integral            3     'h0                                              
  bvalid                       integral            1     'h0                                              
  bready                       integral            1     'h0                                              
  araddr                       integral            32    'hc1652ad0                                       
  arvalid                      integral            1     'h0                                              
  arready                      integral            1     'h0                                              
  rdata                        integral            32    'h0                                              
  rresp                        integral            3     'h0                                              
  rvalid                       integral            1     'h0                                              
  rready                       integral            1     'h0                                              
  is_write                     integral            1     'h1                                              
  rst_f                        integral            1     'h0                                              
  begin_time                   time                64    3975                                             
  end_time                     time                64    4045                                             
  depth                        int                 32    'd2                                              
  parent sequence (name)       string              11    wr_rd_seq_h                                      
  parent sequence (full name)  string              49    uvm_test_top.env_h.act_agent_h.seqr_h.wr_rd_seq_h
  sequencer                    string              37    uvm_test_top.env_h.act_agent_h.seqr_h            
----------------------------------------------------------------------------------------------------------

UVM_INFO wr_rd_seq.sv(41) @ 4055: uvm_test_top.env_h.act_agent_h.seqr_h@@wr_rd_seq_h [AWADDR_SEQ] This is wr_rd_seq : ----------------------------------------------------------------------------------------------------------
Name                           Type                Size  Value                                            
----------------------------------------------------------------------------------------------------------
item_h                         axi4_lite_seq_item  -     @2920                                            
  awaddr                       integral            32    'h1c                                             
  awvalid                      integral            1     'h0                                              
  awready                      integral            1     'h0                                              
  wdata                        integral            32    'ha4468f6a                                       
  wstrb                        integral            4     'h0                                              
  wvalid                       integral            1     'h0                                              
  wready                       integral            1     'h0                                              
  bresp                        integral            3     'h0                                              
  bvalid                       integral            1     'h0                                              
  bready                       integral            1     'h0                                              
  araddr                       integral            32    'he0                                             
  arvalid                      integral            1     'h0                                              
  arready                      integral            1     'h0                                              
  rdata                        integral            32    'h0                                              
  rresp                        integral            3     'h0                                              
  rvalid                       integral            1     'h0                                              
  rready                       integral            1     'h0                                              
  is_write                     integral            1     'h0                                              
  rst_f                        integral            1     'h0                                              
  begin_time                   time                64    4055                                             
  depth                        int                 32    'd2                                              
  parent sequence (name)       string              11    wr_rd_seq_h                                      
  parent sequence (full name)  string              49    uvm_test_top.env_h.act_agent_h.seqr_h.wr_rd_seq_h
  sequencer                    string              37    uvm_test_top.env_h.act_agent_h.seqr_h            
----------------------------------------------------------------------------------------------------------

UVM_INFO axi4_lite_driver.sv(148) @ 4055: uvm_test_top.env_h.act_agent_h.drv_h [[DRV]] Entered rd_addr_channel
UVM_INFO axi4_lite_act_monitor.sv(97) @ 4080: uvm_test_top.env_h.act_agent_h.mon_h [MON_AR] AR Captured araddr= 0xe0
UVM_INFO design.sv(226) @ 4085: reporter [DESIGN_RDATA] This is RDATA ==933bf081
UVM_INFO design.sv(227) @ 4085: reporter [DESIGN_MEM] This is memory ==933bf081
UVM_INFO axi4_lite_driver.sv(176) @ 4085: uvm_test_top.env_h.act_agent_h.drv_h [DRV] DRV araddr_channel: araddr=0xe0
UVM_INFO axi4_lite_driver.sv(177) @ 4085: uvm_test_top.env_h.act_agent_h.drv_h [[DRV]] Existing rd_addr_channel
UVM_INFO axi4_lite_driver.sv(182) @ 4085: uvm_test_top.env_h.act_agent_h.drv_h [[DRV]] Entered rd_data_channel
UVM_INFO axi4_lite_act_monitor.sv(107) @ 4100: uvm_test_top.env_h.act_agent_h.mon_h [MON_RD_TX] READ_TX : araddr=0xe0, rdata=0x933bf081 rresp=0
UVM_INFO axi4_lite_sb.sv(76) @ 4100: uvm_test_top.env_h.sb_h [[SB]] READ TX received : araddr=0xe0 rdata=0x933bf081 rresp=0
UVM_INFO axi4_lite_sb.sv(81) @ 4100: uvm_test_top.env_h.sb_h [[SB]] READ PASS : araddr=0xe0 rdata=0x933bf081 rresp=OKAY
UVM_INFO axi4_lite_sb.sv(98) @ 4100: uvm_test_top.env_h.sb_h [[SB]] READ ADDR ALIGN PASS : araddr=0xe0 is 4-byte aligned
UVM_INFO axi4_lite_driver.sv(207) @ 4125: uvm_test_top.env_h.act_agent_h.drv_h [[DRV]] Existing rd_data_channel
UVM_INFO axi4_lite_driver.sv(235) @ 4125: uvm_test_top.env_h.act_agent_h.drv_h [[DRV]] After item_done()
UVM_INFO wr_rd_seq.sv(53) @ 4125: uvm_test_top.env_h.act_agent_h.seqr_h@@wr_rd_seq_h [[SEQ]] Response = ----------------------------------------------------------------------------------------------------------
Name                           Type                Size  Value                                            
----------------------------------------------------------------------------------------------------------
item_h                         axi4_lite_seq_item  -     @2920                                            
  awaddr                       integral            32    'h1c                                             
  awvalid                      integral            1     'h0                                              
  awready                      integral            1     'h0                                              
  wdata                        integral            32    'ha4468f6a                                       
  wstrb                        integral            4     'h0                                              
  wvalid                       integral            1     'h0                                              
  wready                       integral            1     'h0                                              
  bresp                        integral            3     'h0                                              
  bvalid                       integral            1     'h0                                              
  bready                       integral            1     'h0                                              
  araddr                       integral            32    'he0                                             
  arvalid                      integral            1     'h0                                              
  arready                      integral            1     'h0                                              
  rdata                        integral            32    'h0                                              
  rresp                        integral            3     'h0                                              
  rvalid                       integral            1     'h0                                              
  rready                       integral            1     'h0                                              
  is_write                     integral            1     'h0                                              
  rst_f                        integral            1     'h0                                              
  begin_time                   time                64    4055                                             
  end_time                     time                64    4125                                             
  depth                        int                 32    'd2                                              
  parent sequence (name)       string              11    wr_rd_seq_h                                      
  parent sequence (full name)  string              49    uvm_test_top.env_h.act_agent_h.seqr_h.wr_rd_seq_h
  sequencer                    string              37    uvm_test_top.env_h.act_agent_h.seqr_h            
----------------------------------------------------------------------------------------------------------

UVM_INFO wr_rd_seq.sv(41) @ 4135: uvm_test_top.env_h.act_agent_h.seqr_h@@wr_rd_seq_h [AWADDR_SEQ] This is wr_rd_seq : ----------------------------------------------------------------------------------------------------------
Name                           Type                Size  Value                                            
----------------------------------------------------------------------------------------------------------
item_h                         axi4_lite_seq_item  -     @2962                                            
  awaddr                       integral            32    'he8                                             
  awvalid                      integral            1     'h0                                              
  awready                      integral            1     'h0                                              
  wdata                        integral            32    'h4ae9e67e                                       
  wstrb                        integral            4     'hf                                              
  wvalid                       integral            1     'h0                                              
  wready                       integral            1     'h0                                              
  bresp                        integral            3     'h0                                              
  bvalid                       integral            1     'h0                                              
  bready                       integral            1     'h0                                              
  araddr                       integral            32    'h2cb3e5c                                        
  arvalid                      integral            1     'h0                                              
  arready                      integral            1     'h0                                              
  rdata                        integral            32    'h0                                              
  rresp                        integral            3     'h0                                              
  rvalid                       integral            1     'h0                                              
  rready                       integral            1     'h0                                              
  is_write                     integral            1     'h1                                              
  rst_f                        integral            1     'h0                                              
  begin_time                   time                64    4135                                             
  depth                        int                 32    'd2                                              
  parent sequence (name)       string              11    wr_rd_seq_h                                      
  parent sequence (full name)  string              49    uvm_test_top.env_h.act_agent_h.seqr_h.wr_rd_seq_h
  sequencer                    string              37    uvm_test_top.env_h.act_agent_h.seqr_h            
----------------------------------------------------------------------------------------------------------

UVM_INFO axi4_lite_driver.sv(54) @ 4135: uvm_test_top.env_h.act_agent_h.drv_h [[DRV]] Entered wr_addr_channel
UVM_INFO axi4_lite_driver.sv(87) @ 4135: uvm_test_top.env_h.act_agent_h.drv_h [[DRV]] Entered wr_data_channel
UVM_INFO design.sv(138) @ 4145: reporter [DESIGN] This is DUT 933bf081
UVM_INFO axi4_lite_act_monitor.sv(65) @ 4150: uvm_test_top.env_h.act_agent_h.mon_h [MON_AW] DW Captured : wdata 0x4ae9e67e
UVM_INFO axi4_lite_driver.sv(110) @ 4155: uvm_test_top.env_h.act_agent_h.drv_h [DRV] DRV DW_CHANNEL : wdata = 0X4ae9e67e
UVM_INFO axi4_lite_driver.sv(111) @ 4155: uvm_test_top.env_h.act_agent_h.drv_h [[DRV]] Exiting wr_data_channel
UVM_INFO axi4_lite_act_monitor.sv(59) @ 4160: uvm_test_top.env_h.act_agent_h.mon_h [MON_AW] AW Captured : waddr 0xe8
UVM_INFO axi4_lite_driver.sv(81) @ 4165: uvm_test_top.env_h.act_agent_h.drv_h [DRV] DRV AW_CHANNEL : awaddr=0xe8
UVM_INFO axi4_lite_driver.sv(82) @ 4165: uvm_test_top.env_h.act_agent_h.drv_h [[DRV]] Exiting wr_addr_channel
UVM_INFO axi4_lite_driver.sv(116) @ 4165: uvm_test_top.env_h.act_agent_h.drv_h [[DRV]] Entered wr_resp_channel
UVM_INFO axi4_lite_act_monitor.sv(77) @ 4180: uvm_test_top.env_h.act_agent_h.mon_h [MON_WRITE_TX] WRITE_TX : awaddr = 0xe8, wdata= 0x4ae9e67e, bresp =0
UVM_INFO axi4_lite_sb.sv(45) @ 4180: uvm_test_top.env_h.sb_h [[SB]] WRITE TX received : awaddr=0xe8 wdata=0x4ae9e67e bresp=0
UVM_INFO axi4_lite_sb.sv(50) @ 4180: uvm_test_top.env_h.sb_h [[SB]] WRITE PASS : awaddr=0xe8 wdata=0x4ae9e67e bresp=OKAY
UVM_INFO axi4_lite_sb.sv(66) @ 4180: uvm_test_top.env_h.sb_h [[SB]] WRITE ADDR ALIGN PASS : awaddr=0xe8 is 4-byte aligned
UVM_INFO axi4_lite_driver.sv(143) @ 4205: uvm_test_top.env_h.act_agent_h.drv_h [[DRV]] Exiting wr_resp_channel
UVM_INFO axi4_lite_driver.sv(235) @ 4205: uvm_test_top.env_h.act_agent_h.drv_h [[DRV]] After item_done()
UVM_INFO wr_rd_seq.sv(53) @ 4205: uvm_test_top.env_h.act_agent_h.seqr_h@@wr_rd_seq_h [[SEQ]] Response = ----------------------------------------------------------------------------------------------------------
Name                           Type                Size  Value                                            
----------------------------------------------------------------------------------------------------------
item_h                         axi4_lite_seq_item  -     @2962                                            
  awaddr                       integral            32    'he8                                             
  awvalid                      integral            1     'h0                                              
  awready                      integral            1     'h0                                              
  wdata                        integral            32    'h4ae9e67e                                       
  wstrb                        integral            4     'hf                                              
  wvalid                       integral            1     'h0                                              
  wready                       integral            1     'h0                                              
  bresp                        integral            3     'h0                                              
  bvalid                       integral            1     'h0                                              
  bready                       integral            1     'h0                                              
  araddr                       integral            32    'h2cb3e5c                                        
  arvalid                      integral            1     'h0                                              
  arready                      integral            1     'h0                                              
  rdata                        integral            32    'h0                                              
  rresp                        integral            3     'h0                                              
  rvalid                       integral            1     'h0                                              
  rready                       integral            1     'h0                                              
  is_write                     integral            1     'h1                                              
  rst_f                        integral            1     'h0                                              
  begin_time                   time                64    4135                                             
  end_time                     time                64    4205                                             
  depth                        int                 32    'd2                                              
  parent sequence (name)       string              11    wr_rd_seq_h                                      
  parent sequence (full name)  string              49    uvm_test_top.env_h.act_agent_h.seqr_h.wr_rd_seq_h
  sequencer                    string              37    uvm_test_top.env_h.act_agent_h.seqr_h            
----------------------------------------------------------------------------------------------------------

UVM_INFO wr_rd_seq.sv(41) @ 4215: uvm_test_top.env_h.act_agent_h.seqr_h@@wr_rd_seq_h [AWADDR_SEQ] This is wr_rd_seq : ----------------------------------------------------------------------------------------------------------
Name                           Type                Size  Value                                            
----------------------------------------------------------------------------------------------------------
item_h                         axi4_lite_seq_item  -     @3010                                            
  awaddr                       integral            32    'ha0                                             
  awvalid                      integral            1     'h0                                              
  awready                      integral            1     'h0                                              
  wdata                        integral            32    'h36d35453                                       
  wstrb                        integral            4     'h0                                              
  wvalid                       integral            1     'h0                                              
  wready                       integral            1     'h0                                              
  bresp                        integral            3     'h0                                              
  bvalid                       integral            1     'h0                                              
  bready                       integral            1     'h0                                              
  araddr                       integral            32    'he8                                             
  arvalid                      integral            1     'h0                                              
  arready                      integral            1     'h0                                              
  rdata                        integral            32    'h0                                              
  rresp                        integral            3     'h0                                              
  rvalid                       integral            1     'h0                                              
  rready                       integral            1     'h0                                              
  is_write                     integral            1     'h0                                              
  rst_f                        integral            1     'h0                                              
  begin_time                   time                64    4215                                             
  depth                        int                 32    'd2                                              
  parent sequence (name)       string              11    wr_rd_seq_h                                      
  parent sequence (full name)  string              49    uvm_test_top.env_h.act_agent_h.seqr_h.wr_rd_seq_h
  sequencer                    string              37    uvm_test_top.env_h.act_agent_h.seqr_h            
----------------------------------------------------------------------------------------------------------

UVM_INFO axi4_lite_driver.sv(148) @ 4215: uvm_test_top.env_h.act_agent_h.drv_h [[DRV]] Entered rd_addr_channel
UVM_INFO axi4_lite_act_monitor.sv(97) @ 4240: uvm_test_top.env_h.act_agent_h.mon_h [MON_AR] AR Captured araddr= 0xe8
UVM_INFO design.sv(226) @ 4245: reporter [DESIGN_RDATA] This is RDATA ==4ae9e67e
UVM_INFO design.sv(227) @ 4245: reporter [DESIGN_MEM] This is memory ==4ae9e67e
UVM_INFO axi4_lite_driver.sv(176) @ 4245: uvm_test_top.env_h.act_agent_h.drv_h [DRV] DRV araddr_channel: araddr=0xe8
UVM_INFO axi4_lite_driver.sv(177) @ 4245: uvm_test_top.env_h.act_agent_h.drv_h [[DRV]] Existing rd_addr_channel
UVM_INFO axi4_lite_driver.sv(182) @ 4245: uvm_test_top.env_h.act_agent_h.drv_h [[DRV]] Entered rd_data_channel
UVM_INFO axi4_lite_act_monitor.sv(107) @ 4260: uvm_test_top.env_h.act_agent_h.mon_h [MON_RD_TX] READ_TX : araddr=0xe8, rdata=0x4ae9e67e rresp=0
UVM_INFO axi4_lite_sb.sv(76) @ 4260: uvm_test_top.env_h.sb_h [[SB]] READ TX received : araddr=0xe8 rdata=0x4ae9e67e rresp=0
UVM_INFO axi4_lite_sb.sv(81) @ 4260: uvm_test_top.env_h.sb_h [[SB]] READ PASS : araddr=0xe8 rdata=0x4ae9e67e rresp=OKAY
UVM_INFO axi4_lite_sb.sv(98) @ 4260: uvm_test_top.env_h.sb_h [[SB]] READ ADDR ALIGN PASS : araddr=0xe8 is 4-byte aligned
UVM_INFO axi4_lite_driver.sv(207) @ 4285: uvm_test_top.env_h.act_agent_h.drv_h [[DRV]] Existing rd_data_channel
UVM_INFO axi4_lite_driver.sv(235) @ 4285: uvm_test_top.env_h.act_agent_h.drv_h [[DRV]] After item_done()
UVM_INFO wr_rd_seq.sv(53) @ 4285: uvm_test_top.env_h.act_agent_h.seqr_h@@wr_rd_seq_h [[SEQ]] Response = ----------------------------------------------------------------------------------------------------------
Name                           Type                Size  Value                                            
----------------------------------------------------------------------------------------------------------
item_h                         axi4_lite_seq_item  -     @3010                                            
  awaddr                       integral            32    'ha0                                             
  awvalid                      integral            1     'h0                                              
  awready                      integral            1     'h0                                              
  wdata                        integral            32    'h36d35453                                       
  wstrb                        integral            4     'h0                                              
  wvalid                       integral            1     'h0                                              
  wready                       integral            1     'h0                                              
  bresp                        integral            3     'h0                                              
  bvalid                       integral            1     'h0                                              
  bready                       integral            1     'h0                                              
  araddr                       integral            32    'he8                                             
  arvalid                      integral            1     'h0                                              
  arready                      integral            1     'h0                                              
  rdata                        integral            32    'h0                                              
  rresp                        integral            3     'h0                                              
  rvalid                       integral            1     'h0                                              
  rready                       integral            1     'h0                                              
  is_write                     integral            1     'h0                                              
  rst_f                        integral            1     'h0                                              
  begin_time                   time                64    4215                                             
  end_time                     time                64    4285                                             
  depth                        int                 32    'd2                                              
  parent sequence (name)       string              11    wr_rd_seq_h                                      
  parent sequence (full name)  string              49    uvm_test_top.env_h.act_agent_h.seqr_h.wr_rd_seq_h
  sequencer                    string              37    uvm_test_top.env_h.act_agent_h.seqr_h            
----------------------------------------------------------------------------------------------------------

UVM_INFO wr_rd_seq.sv(41) @ 4295: uvm_test_top.env_h.act_agent_h.seqr_h@@wr_rd_seq_h [AWADDR_SEQ] This is wr_rd_seq : ----------------------------------------------------------------------------------------------------------
Name                           Type                Size  Value                                            
----------------------------------------------------------------------------------------------------------
item_h                         axi4_lite_seq_item  -     @3052                                            
  awaddr                       integral            32    'h30                                             
  awvalid                      integral            1     'h0                                              
  awready                      integral            1     'h0                                              
  wdata                        integral            32    'hd33eb89b                                       
  wstrb                        integral            4     'hf                                              
  wvalid                       integral            1     'h0                                              
  wready                       integral            1     'h0                                              
  bresp                        integral            3     'h0                                              
  bvalid                       integral            1     'h0                                              
  bready                       integral            1     'h0                                              
  araddr                       integral            32    'hcc3ae540                                       
  arvalid                      integral            1     'h0                                              
  arready                      integral            1     'h0                                              
  rdata                        integral            32    'h0                                              
  rresp                        integral            3     'h0                                              
  rvalid                       integral            1     'h0                                              
  rready                       integral            1     'h0                                              
  is_write                     integral            1     'h1                                              
  rst_f                        integral            1     'h0                                              
  begin_time                   time                64    4295                                             
  depth                        int                 32    'd2                                              
  parent sequence (name)       string              11    wr_rd_seq_h                                      
  parent sequence (full name)  string              49    uvm_test_top.env_h.act_agent_h.seqr_h.wr_rd_seq_h
  sequencer                    string              37    uvm_test_top.env_h.act_agent_h.seqr_h            
----------------------------------------------------------------------------------------------------------

UVM_INFO axi4_lite_driver.sv(54) @ 4295: uvm_test_top.env_h.act_agent_h.drv_h [[DRV]] Entered wr_addr_channel
UVM_INFO axi4_lite_driver.sv(87) @ 4295: uvm_test_top.env_h.act_agent_h.drv_h [[DRV]] Entered wr_data_channel
UVM_INFO design.sv(138) @ 4305: reporter [DESIGN] This is DUT 4ae9e67e
UVM_INFO axi4_lite_act_monitor.sv(65) @ 4310: uvm_test_top.env_h.act_agent_h.mon_h [MON_AW] DW Captured : wdata 0xd33eb89b
UVM_INFO axi4_lite_driver.sv(110) @ 4315: uvm_test_top.env_h.act_agent_h.drv_h [DRV] DRV DW_CHANNEL : wdata = 0Xd33eb89b
UVM_INFO axi4_lite_driver.sv(111) @ 4315: uvm_test_top.env_h.act_agent_h.drv_h [[DRV]] Exiting wr_data_channel
UVM_INFO axi4_lite_act_monitor.sv(59) @ 4320: uvm_test_top.env_h.act_agent_h.mon_h [MON_AW] AW Captured : waddr 0x30
UVM_INFO axi4_lite_driver.sv(81) @ 4325: uvm_test_top.env_h.act_agent_h.drv_h [DRV] DRV AW_CHANNEL : awaddr=0x30
UVM_INFO axi4_lite_driver.sv(82) @ 4325: uvm_test_top.env_h.act_agent_h.drv_h [[DRV]] Exiting wr_addr_channel
UVM_INFO axi4_lite_driver.sv(116) @ 4325: uvm_test_top.env_h.act_agent_h.drv_h [[DRV]] Entered wr_resp_channel
UVM_INFO axi4_lite_act_monitor.sv(77) @ 4340: uvm_test_top.env_h.act_agent_h.mon_h [MON_WRITE_TX] WRITE_TX : awaddr = 0x30, wdata= 0xd33eb89b, bresp =0
UVM_INFO axi4_lite_sb.sv(45) @ 4340: uvm_test_top.env_h.sb_h [[SB]] WRITE TX received : awaddr=0x30 wdata=0xd33eb89b bresp=0
UVM_INFO axi4_lite_sb.sv(50) @ 4340: uvm_test_top.env_h.sb_h [[SB]] WRITE PASS : awaddr=0x30 wdata=0xd33eb89b bresp=OKAY
UVM_INFO axi4_lite_sb.sv(66) @ 4340: uvm_test_top.env_h.sb_h [[SB]] WRITE ADDR ALIGN PASS : awaddr=0x30 is 4-byte aligned
UVM_INFO axi4_lite_driver.sv(143) @ 4365: uvm_test_top.env_h.act_agent_h.drv_h [[DRV]] Exiting wr_resp_channel
UVM_INFO axi4_lite_driver.sv(235) @ 4365: uvm_test_top.env_h.act_agent_h.drv_h [[DRV]] After item_done()
UVM_INFO wr_rd_seq.sv(53) @ 4365: uvm_test_top.env_h.act_agent_h.seqr_h@@wr_rd_seq_h [[SEQ]] Response = ----------------------------------------------------------------------------------------------------------
Name                           Type                Size  Value                                            
----------------------------------------------------------------------------------------------------------
item_h                         axi4_lite_seq_item  -     @3052                                            
  awaddr                       integral            32    'h30                                             
  awvalid                      integral            1     'h0                                              
  awready                      integral            1     'h0                                              
  wdata                        integral            32    'hd33eb89b                                       
  wstrb                        integral            4     'hf                                              
  wvalid                       integral            1     'h0                                              
  wready                       integral            1     'h0                                              
  bresp                        integral            3     'h0                                              
  bvalid                       integral            1     'h0                                              
  bready                       integral            1     'h0                                              
  araddr                       integral            32    'hcc3ae540                                       
  arvalid                      integral            1     'h0                                              
  arready                      integral            1     'h0                                              
  rdata                        integral            32    'h0                                              
  rresp                        integral            3     'h0                                              
  rvalid                       integral            1     'h0                                              
  rready                       integral            1     'h0                                              
  is_write                     integral            1     'h1                                              
  rst_f                        integral            1     'h0                                              
  begin_time                   time                64    4295                                             
  end_time                     time                64    4365                                             
  depth                        int                 32    'd2                                              
  parent sequence (name)       string              11    wr_rd_seq_h                                      
  parent sequence (full name)  string              49    uvm_test_top.env_h.act_agent_h.seqr_h.wr_rd_seq_h
  sequencer                    string              37    uvm_test_top.env_h.act_agent_h.seqr_h            
----------------------------------------------------------------------------------------------------------

UVM_INFO wr_rd_seq.sv(41) @ 4375: uvm_test_top.env_h.act_agent_h.seqr_h@@wr_rd_seq_h [AWADDR_SEQ] This is wr_rd_seq : ----------------------------------------------------------------------------------------------------------
Name                           Type                Size  Value                                            
----------------------------------------------------------------------------------------------------------
item_h                         axi4_lite_seq_item  -     @3100                                            
  awaddr                       integral            32    'h5c                                             
  awvalid                      integral            1     'h0                                              
  awready                      integral            1     'h0                                              
  wdata                        integral            32    'h872d18dd                                       
  wstrb                        integral            4     'h0                                              
  wvalid                       integral            1     'h0                                              
  wready                       integral            1     'h0                                              
  bresp                        integral            3     'h0                                              
  bvalid                       integral            1     'h0                                              
  bready                       integral            1     'h0                                              
  araddr                       integral            32    'h30                                             
  arvalid                      integral            1     'h0                                              
  arready                      integral            1     'h0                                              
  rdata                        integral            32    'h0                                              
  rresp                        integral            3     'h0                                              
  rvalid                       integral            1     'h0                                              
  rready                       integral            1     'h0                                              
  is_write                     integral            1     'h0                                              
  rst_f                        integral            1     'h0                                              
  begin_time                   time                64    4375                                             
  depth                        int                 32    'd2                                              
  parent sequence (name)       string              11    wr_rd_seq_h                                      
  parent sequence (full name)  string              49    uvm_test_top.env_h.act_agent_h.seqr_h.wr_rd_seq_h
  sequencer                    string              37    uvm_test_top.env_h.act_agent_h.seqr_h            
----------------------------------------------------------------------------------------------------------

UVM_INFO axi4_lite_driver.sv(148) @ 4375: uvm_test_top.env_h.act_agent_h.drv_h [[DRV]] Entered rd_addr_channel
UVM_INFO axi4_lite_act_monitor.sv(97) @ 4400: uvm_test_top.env_h.act_agent_h.mon_h [MON_AR] AR Captured araddr= 0x30
UVM_INFO design.sv(226) @ 4405: reporter [DESIGN_RDATA] This is RDATA ==d33eb89b
UVM_INFO design.sv(227) @ 4405: reporter [DESIGN_MEM] This is memory ==d33eb89b
UVM_INFO axi4_lite_driver.sv(176) @ 4405: uvm_test_top.env_h.act_agent_h.drv_h [DRV] DRV araddr_channel: araddr=0x30
UVM_INFO axi4_lite_driver.sv(177) @ 4405: uvm_test_top.env_h.act_agent_h.drv_h [[DRV]] Existing rd_addr_channel
UVM_INFO axi4_lite_driver.sv(182) @ 4405: uvm_test_top.env_h.act_agent_h.drv_h [[DRV]] Entered rd_data_channel
UVM_INFO axi4_lite_act_monitor.sv(107) @ 4420: uvm_test_top.env_h.act_agent_h.mon_h [MON_RD_TX] READ_TX : araddr=0x30, rdata=0xd33eb89b rresp=0
UVM_INFO axi4_lite_sb.sv(76) @ 4420: uvm_test_top.env_h.sb_h [[SB]] READ TX received : araddr=0x30 rdata=0xd33eb89b rresp=0
UVM_INFO axi4_lite_sb.sv(81) @ 4420: uvm_test_top.env_h.sb_h [[SB]] READ PASS : araddr=0x30 rdata=0xd33eb89b rresp=OKAY
UVM_INFO axi4_lite_sb.sv(98) @ 4420: uvm_test_top.env_h.sb_h [[SB]] READ ADDR ALIGN PASS : araddr=0x30 is 4-byte aligned
UVM_INFO axi4_lite_driver.sv(207) @ 4445: uvm_test_top.env_h.act_agent_h.drv_h [[DRV]] Existing rd_data_channel
UVM_INFO axi4_lite_driver.sv(235) @ 4445: uvm_test_top.env_h.act_agent_h.drv_h [[DRV]] After item_done()
UVM_INFO wr_rd_seq.sv(53) @ 4445: uvm_test_top.env_h.act_agent_h.seqr_h@@wr_rd_seq_h [[SEQ]] Response = ----------------------------------------------------------------------------------------------------------
Name                           Type                Size  Value                                            
----------------------------------------------------------------------------------------------------------
item_h                         axi4_lite_seq_item  -     @3100                                            
  awaddr                       integral            32    'h5c                                             
  awvalid                      integral            1     'h0                                              
  awready                      integral            1     'h0                                              
  wdata                        integral            32    'h872d18dd                                       
  wstrb                        integral            4     'h0                                              
  wvalid                       integral            1     'h0                                              
  wready                       integral            1     'h0                                              
  bresp                        integral            3     'h0                                              
  bvalid                       integral            1     'h0                                              
  bready                       integral            1     'h0                                              
  araddr                       integral            32    'h30                                             
  arvalid                      integral            1     'h0                                              
  arready                      integral            1     'h0                                              
  rdata                        integral            32    'h0                                              
  rresp                        integral            3     'h0                                              
  rvalid                       integral            1     'h0                                              
  rready                       integral            1     'h0                                              
  is_write                     integral            1     'h0                                              
  rst_f                        integral            1     'h0                                              
  begin_time                   time                64    4375                                             
  end_time                     time                64    4445                                             
  depth                        int                 32    'd2                                              
  parent sequence (name)       string              11    wr_rd_seq_h                                      
  parent sequence (full name)  string              49    uvm_test_top.env_h.act_agent_h.seqr_h.wr_rd_seq_h
  sequencer                    string              37    uvm_test_top.env_h.act_agent_h.seqr_h            
----------------------------------------------------------------------------------------------------------

UVM_INFO wr_rd_seq.sv(41) @ 4455: uvm_test_top.env_h.act_agent_h.seqr_h@@wr_rd_seq_h [AWADDR_SEQ] This is wr_rd_seq : ----------------------------------------------------------------------------------------------------------
Name                           Type                Size  Value                                            
----------------------------------------------------------------------------------------------------------
item_h                         axi4_lite_seq_item  -     @3142                                            
  awaddr                       integral            32    'h7c                                             
  awvalid                      integral            1     'h0                                              
  awready                      integral            1     'h0                                              
  wdata                        integral            32    'hcbcbf43a                                       
  wstrb                        integral            4     'hf                                              
  wvalid                       integral            1     'h0                                              
  wready                       integral            1     'h0                                              
  bresp                        integral            3     'h0                                              
  bvalid                       integral            1     'h0                                              
  bready                       integral            1     'h0                                              
  araddr                       integral            32    'ha1586edc                                       
  arvalid                      integral            1     'h0                                              
  arready                      integral            1     'h0                                              
  rdata                        integral            32    'h0                                              
  rresp                        integral            3     'h0                                              
  rvalid                       integral            1     'h0                                              
  rready                       integral            1     'h0                                              
  is_write                     integral            1     'h1                                              
  rst_f                        integral            1     'h0                                              
  begin_time                   time                64    4455                                             
  depth                        int                 32    'd2                                              
  parent sequence (name)       string              11    wr_rd_seq_h                                      
  parent sequence (full name)  string              49    uvm_test_top.env_h.act_agent_h.seqr_h.wr_rd_seq_h
  sequencer                    string              37    uvm_test_top.env_h.act_agent_h.seqr_h            
----------------------------------------------------------------------------------------------------------

UVM_INFO axi4_lite_driver.sv(54) @ 4455: uvm_test_top.env_h.act_agent_h.drv_h [[DRV]] Entered wr_addr_channel
UVM_INFO axi4_lite_driver.sv(87) @ 4455: uvm_test_top.env_h.act_agent_h.drv_h [[DRV]] Entered wr_data_channel
UVM_INFO design.sv(138) @ 4465: reporter [DESIGN] This is DUT d33eb89b
UVM_INFO axi4_lite_act_monitor.sv(65) @ 4470: uvm_test_top.env_h.act_agent_h.mon_h [MON_AW] DW Captured : wdata 0xcbcbf43a
UVM_INFO axi4_lite_driver.sv(110) @ 4475: uvm_test_top.env_h.act_agent_h.drv_h [DRV] DRV DW_CHANNEL : wdata = 0Xcbcbf43a
UVM_INFO axi4_lite_driver.sv(111) @ 4475: uvm_test_top.env_h.act_agent_h.drv_h [[DRV]] Exiting wr_data_channel
UVM_INFO axi4_lite_act_monitor.sv(59) @ 4480: uvm_test_top.env_h.act_agent_h.mon_h [MON_AW] AW Captured : waddr 0x7c
UVM_INFO axi4_lite_driver.sv(81) @ 4485: uvm_test_top.env_h.act_agent_h.drv_h [DRV] DRV AW_CHANNEL : awaddr=0x7c
UVM_INFO axi4_lite_driver.sv(82) @ 4485: uvm_test_top.env_h.act_agent_h.drv_h [[DRV]] Exiting wr_addr_channel
UVM_INFO axi4_lite_driver.sv(116) @ 4485: uvm_test_top.env_h.act_agent_h.drv_h [[DRV]] Entered wr_resp_channel
UVM_INFO axi4_lite_act_monitor.sv(77) @ 4500: uvm_test_top.env_h.act_agent_h.mon_h [MON_WRITE_TX] WRITE_TX : awaddr = 0x7c, wdata= 0xcbcbf43a, bresp =0
UVM_INFO axi4_lite_sb.sv(45) @ 4500: uvm_test_top.env_h.sb_h [[SB]] WRITE TX received : awaddr=0x7c wdata=0xcbcbf43a bresp=0
UVM_INFO axi4_lite_sb.sv(50) @ 4500: uvm_test_top.env_h.sb_h [[SB]] WRITE PASS : awaddr=0x7c wdata=0xcbcbf43a bresp=OKAY
UVM_INFO axi4_lite_sb.sv(66) @ 4500: uvm_test_top.env_h.sb_h [[SB]] WRITE ADDR ALIGN PASS : awaddr=0x7c is 4-byte aligned
UVM_INFO axi4_lite_driver.sv(143) @ 4525: uvm_test_top.env_h.act_agent_h.drv_h [[DRV]] Exiting wr_resp_channel
UVM_INFO axi4_lite_driver.sv(235) @ 4525: uvm_test_top.env_h.act_agent_h.drv_h [[DRV]] After item_done()
UVM_INFO wr_rd_seq.sv(53) @ 4525: uvm_test_top.env_h.act_agent_h.seqr_h@@wr_rd_seq_h [[SEQ]] Response = ----------------------------------------------------------------------------------------------------------
Name                           Type                Size  Value                                            
----------------------------------------------------------------------------------------------------------
item_h                         axi4_lite_seq_item  -     @3142                                            
  awaddr                       integral            32    'h7c                                             
  awvalid                      integral            1     'h0                                              
  awready                      integral            1     'h0                                              
  wdata                        integral            32    'hcbcbf43a                                       
  wstrb                        integral            4     'hf                                              
  wvalid                       integral            1     'h0                                              
  wready                       integral            1     'h0                                              
  bresp                        integral            3     'h0                                              
  bvalid                       integral            1     'h0                                              
  bready                       integral            1     'h0                                              
  araddr                       integral            32    'ha1586edc                                       
  arvalid                      integral            1     'h0                                              
  arready                      integral            1     'h0                                              
  rdata                        integral            32    'h0                                              
  rresp                        integral            3     'h0                                              
  rvalid                       integral            1     'h0                                              
  rready                       integral            1     'h0                                              
  is_write                     integral            1     'h1                                              
  rst_f                        integral            1     'h0                                              
  begin_time                   time                64    4455                                             
  end_time                     time                64    4525                                             
  depth                        int                 32    'd2                                              
  parent sequence (name)       string              11    wr_rd_seq_h                                      
  parent sequence (full name)  string              49    uvm_test_top.env_h.act_agent_h.seqr_h.wr_rd_seq_h
  sequencer                    string              37    uvm_test_top.env_h.act_agent_h.seqr_h            
----------------------------------------------------------------------------------------------------------

UVM_INFO wr_rd_seq.sv(41) @ 4535: uvm_test_top.env_h.act_agent_h.seqr_h@@wr_rd_seq_h [AWADDR_SEQ] This is wr_rd_seq : ----------------------------------------------------------------------------------------------------------
Name                           Type                Size  Value                                            
----------------------------------------------------------------------------------------------------------
item_h                         axi4_lite_seq_item  -     @3190                                            
  awaddr                       integral            32    'he4                                             
  awvalid                      integral            1     'h0                                              
  awready                      integral            1     'h0                                              
  wdata                        integral            32    'h25f0b06                                        
  wstrb                        integral            4     'h0                                              
  wvalid                       integral            1     'h0                                              
  wready                       integral            1     'h0                                              
  bresp                        integral            3     'h0                                              
  bvalid                       integral            1     'h0                                              
  bready                       integral            1     'h0                                              
  araddr                       integral            32    'h7c                                             
  arvalid                      integral            1     'h0                                              
  arready                      integral            1     'h0                                              
  rdata                        integral            32    'h0                                              
  rresp                        integral            3     'h0                                              
  rvalid                       integral            1     'h0                                              
  rready                       integral            1     'h0                                              
  is_write                     integral            1     'h0                                              
  rst_f                        integral            1     'h0                                              
  begin_time                   time                64    4535                                             
  depth                        int                 32    'd2                                              
  parent sequence (name)       string              11    wr_rd_seq_h                                      
  parent sequence (full name)  string              49    uvm_test_top.env_h.act_agent_h.seqr_h.wr_rd_seq_h
  sequencer                    string              37    uvm_test_top.env_h.act_agent_h.seqr_h            
----------------------------------------------------------------------------------------------------------

UVM_INFO axi4_lite_driver.sv(148) @ 4535: uvm_test_top.env_h.act_agent_h.drv_h [[DRV]] Entered rd_addr_channel
UVM_INFO axi4_lite_act_monitor.sv(97) @ 4560: uvm_test_top.env_h.act_agent_h.mon_h [MON_AR] AR Captured araddr= 0x7c
UVM_INFO design.sv(226) @ 4565: reporter [DESIGN_RDATA] This is RDATA ==cbcbf43a
UVM_INFO design.sv(227) @ 4565: reporter [DESIGN_MEM] This is memory ==cbcbf43a
UVM_INFO axi4_lite_driver.sv(176) @ 4565: uvm_test_top.env_h.act_agent_h.drv_h [DRV] DRV araddr_channel: araddr=0x7c
UVM_INFO axi4_lite_driver.sv(177) @ 4565: uvm_test_top.env_h.act_agent_h.drv_h [[DRV]] Existing rd_addr_channel
UVM_INFO axi4_lite_driver.sv(182) @ 4565: uvm_test_top.env_h.act_agent_h.drv_h [[DRV]] Entered rd_data_channel
UVM_INFO axi4_lite_act_monitor.sv(107) @ 4580: uvm_test_top.env_h.act_agent_h.mon_h [MON_RD_TX] READ_TX : araddr=0x7c, rdata=0xcbcbf43a rresp=0
UVM_INFO axi4_lite_sb.sv(76) @ 4580: uvm_test_top.env_h.sb_h [[SB]] READ TX received : araddr=0x7c rdata=0xcbcbf43a rresp=0
UVM_INFO axi4_lite_sb.sv(81) @ 4580: uvm_test_top.env_h.sb_h [[SB]] READ PASS : araddr=0x7c rdata=0xcbcbf43a rresp=OKAY
UVM_INFO axi4_lite_sb.sv(98) @ 4580: uvm_test_top.env_h.sb_h [[SB]] READ ADDR ALIGN PASS : araddr=0x7c is 4-byte aligned
UVM_INFO axi4_lite_driver.sv(207) @ 4605: uvm_test_top.env_h.act_agent_h.drv_h [[DRV]] Existing rd_data_channel
UVM_INFO axi4_lite_driver.sv(235) @ 4605: uvm_test_top.env_h.act_agent_h.drv_h [[DRV]] After item_done()
UVM_INFO wr_rd_seq.sv(53) @ 4605: uvm_test_top.env_h.act_agent_h.seqr_h@@wr_rd_seq_h [[SEQ]] Response = ----------------------------------------------------------------------------------------------------------
Name                           Type                Size  Value                                            
----------------------------------------------------------------------------------------------------------
item_h                         axi4_lite_seq_item  -     @3190                                            
  awaddr                       integral            32    'he4                                             
  awvalid                      integral            1     'h0                                              
  awready                      integral            1     'h0                                              
  wdata                        integral            32    'h25f0b06                                        
  wstrb                        integral            4     'h0                                              
  wvalid                       integral            1     'h0                                              
  wready                       integral            1     'h0                                              
  bresp                        integral            3     'h0                                              
  bvalid                       integral            1     'h0                                              
  bready                       integral            1     'h0                                              
  araddr                       integral            32    'h7c                                             
  arvalid                      integral            1     'h0                                              
  arready                      integral            1     'h0                                              
  rdata                        integral            32    'h0                                              
  rresp                        integral            3     'h0                                              
  rvalid                       integral            1     'h0                                              
  rready                       integral            1     'h0                                              
  is_write                     integral            1     'h0                                              
  rst_f                        integral            1     'h0                                              
  begin_time                   time                64    4535                                             
  end_time                     time                64    4605                                             
  depth                        int                 32    'd2                                              
  parent sequence (name)       string              11    wr_rd_seq_h                                      
  parent sequence (full name)  string              49    uvm_test_top.env_h.act_agent_h.seqr_h.wr_rd_seq_h
  sequencer                    string              37    uvm_test_top.env_h.act_agent_h.seqr_h            
----------------------------------------------------------------------------------------------------------

UVM_INFO wr_rd_seq.sv(41) @ 4615: uvm_test_top.env_h.act_agent_h.seqr_h@@wr_rd_seq_h [AWADDR_SEQ] This is wr_rd_seq : ----------------------------------------------------------------------------------------------------------
Name                           Type                Size  Value                                            
----------------------------------------------------------------------------------------------------------
item_h                         axi4_lite_seq_item  -     @3232                                            
  awaddr                       integral            32    'hc8                                             
  awvalid                      integral            1     'h0                                              
  awready                      integral            1     'h0                                              
  wdata                        integral            32    'h40499501                                       
  wstrb                        integral            4     'hf                                              
  wvalid                       integral            1     'h0                                              
  wready                       integral            1     'h0                                              
  bresp                        integral            3     'h0                                              
  bvalid                       integral            1     'h0                                              
  bready                       integral            1     'h0                                              
  araddr                       integral            32    'ha079eb84                                       
  arvalid                      integral            1     'h0                                              
  arready                      integral            1     'h0                                              
  rdata                        integral            32    'h0                                              
  rresp                        integral            3     'h0                                              
  rvalid                       integral            1     'h0                                              
  rready                       integral            1     'h0                                              
  is_write                     integral            1     'h1                                              
  rst_f                        integral            1     'h0                                              
  begin_time                   time                64    4615                                             
  depth                        int                 32    'd2                                              
  parent sequence (name)       string              11    wr_rd_seq_h                                      
  parent sequence (full name)  string              49    uvm_test_top.env_h.act_agent_h.seqr_h.wr_rd_seq_h
  sequencer                    string              37    uvm_test_top.env_h.act_agent_h.seqr_h            
----------------------------------------------------------------------------------------------------------

UVM_INFO axi4_lite_driver.sv(54) @ 4615: uvm_test_top.env_h.act_agent_h.drv_h [[DRV]] Entered wr_addr_channel
UVM_INFO axi4_lite_driver.sv(87) @ 4615: uvm_test_top.env_h.act_agent_h.drv_h [[DRV]] Entered wr_data_channel
UVM_INFO design.sv(138) @ 4625: reporter [DESIGN] This is DUT cbcbf43a
UVM_INFO axi4_lite_act_monitor.sv(65) @ 4630: uvm_test_top.env_h.act_agent_h.mon_h [MON_AW] DW Captured : wdata 0x40499501
UVM_INFO axi4_lite_driver.sv(110) @ 4635: uvm_test_top.env_h.act_agent_h.drv_h [DRV] DRV DW_CHANNEL : wdata = 0X40499501
UVM_INFO axi4_lite_driver.sv(111) @ 4635: uvm_test_top.env_h.act_agent_h.drv_h [[DRV]] Exiting wr_data_channel
UVM_INFO axi4_lite_act_monitor.sv(59) @ 4640: uvm_test_top.env_h.act_agent_h.mon_h [MON_AW] AW Captured : waddr 0xc8
UVM_INFO axi4_lite_driver.sv(81) @ 4645: uvm_test_top.env_h.act_agent_h.drv_h [DRV] DRV AW_CHANNEL : awaddr=0xc8
UVM_INFO axi4_lite_driver.sv(82) @ 4645: uvm_test_top.env_h.act_agent_h.drv_h [[DRV]] Exiting wr_addr_channel
UVM_INFO axi4_lite_driver.sv(116) @ 4645: uvm_test_top.env_h.act_agent_h.drv_h [[DRV]] Entered wr_resp_channel
UVM_INFO axi4_lite_act_monitor.sv(77) @ 4660: uvm_test_top.env_h.act_agent_h.mon_h [MON_WRITE_TX] WRITE_TX : awaddr = 0xc8, wdata= 0x40499501, bresp =0
UVM_INFO axi4_lite_sb.sv(45) @ 4660: uvm_test_top.env_h.sb_h [[SB]] WRITE TX received : awaddr=0xc8 wdata=0x40499501 bresp=0
UVM_INFO axi4_lite_sb.sv(50) @ 4660: uvm_test_top.env_h.sb_h [[SB]] WRITE PASS : awaddr=0xc8 wdata=0x40499501 bresp=OKAY
UVM_INFO axi4_lite_sb.sv(66) @ 4660: uvm_test_top.env_h.sb_h [[SB]] WRITE ADDR ALIGN PASS : awaddr=0xc8 is 4-byte aligned
UVM_INFO axi4_lite_driver.sv(143) @ 4685: uvm_test_top.env_h.act_agent_h.drv_h [[DRV]] Exiting wr_resp_channel
UVM_INFO axi4_lite_driver.sv(235) @ 4685: uvm_test_top.env_h.act_agent_h.drv_h [[DRV]] After item_done()
UVM_INFO wr_rd_seq.sv(53) @ 4685: uvm_test_top.env_h.act_agent_h.seqr_h@@wr_rd_seq_h [[SEQ]] Response = ----------------------------------------------------------------------------------------------------------
Name                           Type                Size  Value                                            
----------------------------------------------------------------------------------------------------------
item_h                         axi4_lite_seq_item  -     @3232                                            
  awaddr                       integral            32    'hc8                                             
  awvalid                      integral            1     'h0                                              
  awready                      integral            1     'h0                                              
  wdata                        integral            32    'h40499501                                       
  wstrb                        integral            4     'hf                                              
  wvalid                       integral            1     'h0                                              
  wready                       integral            1     'h0                                              
  bresp                        integral            3     'h0                                              
  bvalid                       integral            1     'h0                                              
  bready                       integral            1     'h0                                              
  araddr                       integral            32    'ha079eb84                                       
  arvalid                      integral            1     'h0                                              
  arready                      integral            1     'h0                                              
  rdata                        integral            32    'h0                                              
  rresp                        integral            3     'h0                                              
  rvalid                       integral            1     'h0                                              
  rready                       integral            1     'h0                                              
  is_write                     integral            1     'h1                                              
  rst_f                        integral            1     'h0                                              
  begin_time                   time                64    4615                                             
  end_time                     time                64    4685                                             
  depth                        int                 32    'd2                                              
  parent sequence (name)       string              11    wr_rd_seq_h                                      
  parent sequence (full name)  string              49    uvm_test_top.env_h.act_agent_h.seqr_h.wr_rd_seq_h
  sequencer                    string              37    uvm_test_top.env_h.act_agent_h.seqr_h            
----------------------------------------------------------------------------------------------------------

UVM_INFO wr_rd_seq.sv(41) @ 4695: uvm_test_top.env_h.act_agent_h.seqr_h@@wr_rd_seq_h [AWADDR_SEQ] This is wr_rd_seq : ----------------------------------------------------------------------------------------------------------
Name                           Type                Size  Value                                            
----------------------------------------------------------------------------------------------------------
item_h                         axi4_lite_seq_item  -     @3280                                            
  awaddr                       integral            32    'h98                                             
  awvalid                      integral            1     'h0                                              
  awready                      integral            1     'h0                                              
  wdata                        integral            32    'h6589950d                                       
  wstrb                        integral            4     'h0                                              
  wvalid                       integral            1     'h0                                              
  wready                       integral            1     'h0                                              
  bresp                        integral            3     'h0                                              
  bvalid                       integral            1     'h0                                              
  bready                       integral            1     'h0                                              
  araddr                       integral            32    'hc8                                             
  arvalid                      integral            1     'h0                                              
  arready                      integral            1     'h0                                              
  rdata                        integral            32    'h0                                              
  rresp                        integral            3     'h0                                              
  rvalid                       integral            1     'h0                                              
  rready                       integral            1     'h0                                              
  is_write                     integral            1     'h0                                              
  rst_f                        integral            1     'h0                                              
  begin_time                   time                64    4695                                             
  depth                        int                 32    'd2                                              
  parent sequence (name)       string              11    wr_rd_seq_h                                      
  parent sequence (full name)  string              49    uvm_test_top.env_h.act_agent_h.seqr_h.wr_rd_seq_h
  sequencer                    string              37    uvm_test_top.env_h.act_agent_h.seqr_h            
----------------------------------------------------------------------------------------------------------

UVM_INFO axi4_lite_driver.sv(148) @ 4695: uvm_test_top.env_h.act_agent_h.drv_h [[DRV]] Entered rd_addr_channel
UVM_INFO axi4_lite_act_monitor.sv(97) @ 4720: uvm_test_top.env_h.act_agent_h.mon_h [MON_AR] AR Captured araddr= 0xc8
UVM_INFO design.sv(226) @ 4725: reporter [DESIGN_RDATA] This is RDATA ==40499501
UVM_INFO design.sv(227) @ 4725: reporter [DESIGN_MEM] This is memory ==40499501
UVM_INFO axi4_lite_driver.sv(176) @ 4725: uvm_test_top.env_h.act_agent_h.drv_h [DRV] DRV araddr_channel: araddr=0xc8
UVM_INFO axi4_lite_driver.sv(177) @ 4725: uvm_test_top.env_h.act_agent_h.drv_h [[DRV]] Existing rd_addr_channel
UVM_INFO axi4_lite_driver.sv(182) @ 4725: uvm_test_top.env_h.act_agent_h.drv_h [[DRV]] Entered rd_data_channel
UVM_INFO axi4_lite_act_monitor.sv(107) @ 4740: uvm_test_top.env_h.act_agent_h.mon_h [MON_RD_TX] READ_TX : araddr=0xc8, rdata=0x40499501 rresp=0
UVM_INFO axi4_lite_sb.sv(76) @ 4740: uvm_test_top.env_h.sb_h [[SB]] READ TX received : araddr=0xc8 rdata=0x40499501 rresp=0
UVM_INFO axi4_lite_sb.sv(81) @ 4740: uvm_test_top.env_h.sb_h [[SB]] READ PASS : araddr=0xc8 rdata=0x40499501 rresp=OKAY
UVM_INFO axi4_lite_sb.sv(98) @ 4740: uvm_test_top.env_h.sb_h [[SB]] READ ADDR ALIGN PASS : araddr=0xc8 is 4-byte aligned
UVM_INFO axi4_lite_driver.sv(207) @ 4765: uvm_test_top.env_h.act_agent_h.drv_h [[DRV]] Existing rd_data_channel
UVM_INFO axi4_lite_driver.sv(235) @ 4765: uvm_test_top.env_h.act_agent_h.drv_h [[DRV]] After item_done()
UVM_INFO wr_rd_seq.sv(53) @ 4765: uvm_test_top.env_h.act_agent_h.seqr_h@@wr_rd_seq_h [[SEQ]] Response = ----------------------------------------------------------------------------------------------------------
Name                           Type                Size  Value                                            
----------------------------------------------------------------------------------------------------------
item_h                         axi4_lite_seq_item  -     @3280                                            
  awaddr                       integral            32    'h98                                             
  awvalid                      integral            1     'h0                                              
  awready                      integral            1     'h0                                              
  wdata                        integral            32    'h6589950d                                       
  wstrb                        integral            4     'h0                                              
  wvalid                       integral            1     'h0                                              
  wready                       integral            1     'h0                                              
  bresp                        integral            3     'h0                                              
  bvalid                       integral            1     'h0                                              
  bready                       integral            1     'h0                                              
  araddr                       integral            32    'hc8                                             
  arvalid                      integral            1     'h0                                              
  arready                      integral            1     'h0                                              
  rdata                        integral            32    'h0                                              
  rresp                        integral            3     'h0                                              
  rvalid                       integral            1     'h0                                              
  rready                       integral            1     'h0                                              
  is_write                     integral            1     'h0                                              
  rst_f                        integral            1     'h0                                              
  begin_time                   time                64    4695                                             
  end_time                     time                64    4765                                             
  depth                        int                 32    'd2                                              
  parent sequence (name)       string              11    wr_rd_seq_h                                      
  parent sequence (full name)  string              49    uvm_test_top.env_h.act_agent_h.seqr_h.wr_rd_seq_h
  sequencer                    string              37    uvm_test_top.env_h.act_agent_h.seqr_h            
----------------------------------------------------------------------------------------------------------

UVM_INFO wr_rd_seq.sv(41) @ 4775: uvm_test_top.env_h.act_agent_h.seqr_h@@wr_rd_seq_h [AWADDR_SEQ] This is wr_rd_seq : ----------------------------------------------------------------------------------------------------------
Name                           Type                Size  Value                                            
----------------------------------------------------------------------------------------------------------
item_h                         axi4_lite_seq_item  -     @3322                                            
  awaddr                       integral            32    'h30                                             
  awvalid                      integral            1     'h0                                              
  awready                      integral            1     'h0                                              
  wdata                        integral            32    'h8f374930                                       
  wstrb                        integral            4     'hf                                              
  wvalid                       integral            1     'h0                                              
  wready                       integral            1     'h0                                              
  bresp                        integral            3     'h0                                              
  bvalid                       integral            1     'h0                                              
  bready                       integral            1     'h0                                              
  araddr                       integral            32    'h5da437e8                                       
  arvalid                      integral            1     'h0                                              
  arready                      integral            1     'h0                                              
  rdata                        integral            32    'h0                                              
  rresp                        integral            3     'h0                                              
  rvalid                       integral            1     'h0                                              
  rready                       integral            1     'h0                                              
  is_write                     integral            1     'h1                                              
  rst_f                        integral            1     'h0                                              
  begin_time                   time                64    4775                                             
  depth                        int                 32    'd2                                              
  parent sequence (name)       string              11    wr_rd_seq_h                                      
  parent sequence (full name)  string              49    uvm_test_top.env_h.act_agent_h.seqr_h.wr_rd_seq_h
  sequencer                    string              37    uvm_test_top.env_h.act_agent_h.seqr_h            
----------------------------------------------------------------------------------------------------------

UVM_INFO axi4_lite_driver.sv(54) @ 4775: uvm_test_top.env_h.act_agent_h.drv_h [[DRV]] Entered wr_addr_channel
UVM_INFO axi4_lite_driver.sv(87) @ 4775: uvm_test_top.env_h.act_agent_h.drv_h [[DRV]] Entered wr_data_channel
UVM_INFO design.sv(138) @ 4785: reporter [DESIGN] This is DUT 40499501
UVM_INFO axi4_lite_act_monitor.sv(65) @ 4790: uvm_test_top.env_h.act_agent_h.mon_h [MON_AW] DW Captured : wdata 0x8f374930
UVM_INFO axi4_lite_driver.sv(110) @ 4795: uvm_test_top.env_h.act_agent_h.drv_h [DRV] DRV DW_CHANNEL : wdata = 0X8f374930
UVM_INFO axi4_lite_driver.sv(111) @ 4795: uvm_test_top.env_h.act_agent_h.drv_h [[DRV]] Exiting wr_data_channel
UVM_INFO axi4_lite_act_monitor.sv(59) @ 4800: uvm_test_top.env_h.act_agent_h.mon_h [MON_AW] AW Captured : waddr 0x30
UVM_INFO axi4_lite_driver.sv(81) @ 4805: uvm_test_top.env_h.act_agent_h.drv_h [DRV] DRV AW_CHANNEL : awaddr=0x30
UVM_INFO axi4_lite_driver.sv(82) @ 4805: uvm_test_top.env_h.act_agent_h.drv_h [[DRV]] Exiting wr_addr_channel
UVM_INFO axi4_lite_driver.sv(116) @ 4805: uvm_test_top.env_h.act_agent_h.drv_h [[DRV]] Entered wr_resp_channel
UVM_INFO axi4_lite_act_monitor.sv(77) @ 4820: uvm_test_top.env_h.act_agent_h.mon_h [MON_WRITE_TX] WRITE_TX : awaddr = 0x30, wdata= 0x8f374930, bresp =0
UVM_INFO axi4_lite_sb.sv(45) @ 4820: uvm_test_top.env_h.sb_h [[SB]] WRITE TX received : awaddr=0x30 wdata=0x8f374930 bresp=0
UVM_INFO axi4_lite_sb.sv(50) @ 4820: uvm_test_top.env_h.sb_h [[SB]] WRITE PASS : awaddr=0x30 wdata=0x8f374930 bresp=OKAY
UVM_INFO axi4_lite_sb.sv(66) @ 4820: uvm_test_top.env_h.sb_h [[SB]] WRITE ADDR ALIGN PASS : awaddr=0x30 is 4-byte aligned
UVM_INFO axi4_lite_driver.sv(143) @ 4845: uvm_test_top.env_h.act_agent_h.drv_h [[DRV]] Exiting wr_resp_channel
UVM_INFO axi4_lite_driver.sv(235) @ 4845: uvm_test_top.env_h.act_agent_h.drv_h [[DRV]] After item_done()
UVM_INFO wr_rd_seq.sv(53) @ 4845: uvm_test_top.env_h.act_agent_h.seqr_h@@wr_rd_seq_h [[SEQ]] Response = ----------------------------------------------------------------------------------------------------------
Name                           Type                Size  Value                                            
----------------------------------------------------------------------------------------------------------
item_h                         axi4_lite_seq_item  -     @3322                                            
  awaddr                       integral            32    'h30                                             
  awvalid                      integral            1     'h0                                              
  awready                      integral            1     'h0                                              
  wdata                        integral            32    'h8f374930                                       
  wstrb                        integral            4     'hf                                              
  wvalid                       integral            1     'h0                                              
  wready                       integral            1     'h0                                              
  bresp                        integral            3     'h0                                              
  bvalid                       integral            1     'h0                                              
  bready                       integral            1     'h0                                              
  araddr                       integral            32    'h5da437e8                                       
  arvalid                      integral            1     'h0                                              
  arready                      integral            1     'h0                                              
  rdata                        integral            32    'h0                                              
  rresp                        integral            3     'h0                                              
  rvalid                       integral            1     'h0                                              
  rready                       integral            1     'h0                                              
  is_write                     integral            1     'h1                                              
  rst_f                        integral            1     'h0                                              
  begin_time                   time                64    4775                                             
  end_time                     time                64    4845                                             
  depth                        int                 32    'd2                                              
  parent sequence (name)       string              11    wr_rd_seq_h                                      
  parent sequence (full name)  string              49    uvm_test_top.env_h.act_agent_h.seqr_h.wr_rd_seq_h
  sequencer                    string              37    uvm_test_top.env_h.act_agent_h.seqr_h            
----------------------------------------------------------------------------------------------------------

UVM_INFO wr_rd_seq.sv(41) @ 4855: uvm_test_top.env_h.act_agent_h.seqr_h@@wr_rd_seq_h [AWADDR_SEQ] This is wr_rd_seq : ----------------------------------------------------------------------------------------------------------
Name                           Type                Size  Value                                            
----------------------------------------------------------------------------------------------------------
item_h                         axi4_lite_seq_item  -     @3370                                            
  awaddr                       integral            32    'h58                                             
  awvalid                      integral            1     'h0                                              
  awready                      integral            1     'h0                                              
  wdata                        integral            32    'h98740f14                                       
  wstrb                        integral            4     'h0                                              
  wvalid                       integral            1     'h0                                              
  wready                       integral            1     'h0                                              
  bresp                        integral            3     'h0                                              
  bvalid                       integral            1     'h0                                              
  bready                       integral            1     'h0                                              
  araddr                       integral            32    'h30                                             
  arvalid                      integral            1     'h0                                              
  arready                      integral            1     'h0                                              
  rdata                        integral            32    'h0                                              
  rresp                        integral            3     'h0                                              
  rvalid                       integral            1     'h0                                              
  rready                       integral            1     'h0                                              
  is_write                     integral            1     'h0                                              
  rst_f                        integral            1     'h0                                              
  begin_time                   time                64    4855                                             
  depth                        int                 32    'd2                                              
  parent sequence (name)       string              11    wr_rd_seq_h                                      
  parent sequence (full name)  string              49    uvm_test_top.env_h.act_agent_h.seqr_h.wr_rd_seq_h
  sequencer                    string              37    uvm_test_top.env_h.act_agent_h.seqr_h            
----------------------------------------------------------------------------------------------------------

UVM_INFO axi4_lite_driver.sv(148) @ 4855: uvm_test_top.env_h.act_agent_h.drv_h [[DRV]] Entered rd_addr_channel
UVM_INFO axi4_lite_act_monitor.sv(97) @ 4880: uvm_test_top.env_h.act_agent_h.mon_h [MON_AR] AR Captured araddr= 0x30
UVM_INFO design.sv(226) @ 4885: reporter [DESIGN_RDATA] This is RDATA ==8f374930
UVM_INFO design.sv(227) @ 4885: reporter [DESIGN_MEM] This is memory ==8f374930
UVM_INFO axi4_lite_driver.sv(176) @ 4885: uvm_test_top.env_h.act_agent_h.drv_h [DRV] DRV araddr_channel: araddr=0x30
UVM_INFO axi4_lite_driver.sv(177) @ 4885: uvm_test_top.env_h.act_agent_h.drv_h [[DRV]] Existing rd_addr_channel
UVM_INFO axi4_lite_driver.sv(182) @ 4885: uvm_test_top.env_h.act_agent_h.drv_h [[DRV]] Entered rd_data_channel
UVM_INFO axi4_lite_act_monitor.sv(107) @ 4900: uvm_test_top.env_h.act_agent_h.mon_h [MON_RD_TX] READ_TX : araddr=0x30, rdata=0x8f374930 rresp=0
UVM_INFO axi4_lite_sb.sv(76) @ 4900: uvm_test_top.env_h.sb_h [[SB]] READ TX received : araddr=0x30 rdata=0x8f374930 rresp=0
UVM_INFO axi4_lite_sb.sv(81) @ 4900: uvm_test_top.env_h.sb_h [[SB]] READ PASS : araddr=0x30 rdata=0x8f374930 rresp=OKAY
UVM_INFO axi4_lite_sb.sv(98) @ 4900: uvm_test_top.env_h.sb_h [[SB]] READ ADDR ALIGN PASS : araddr=0x30 is 4-byte aligned
UVM_INFO axi4_lite_driver.sv(207) @ 4925: uvm_test_top.env_h.act_agent_h.drv_h [[DRV]] Existing rd_data_channel
UVM_INFO axi4_lite_driver.sv(235) @ 4925: uvm_test_top.env_h.act_agent_h.drv_h [[DRV]] After item_done()
UVM_INFO wr_rd_seq.sv(53) @ 4925: uvm_test_top.env_h.act_agent_h.seqr_h@@wr_rd_seq_h [[SEQ]] Response = ----------------------------------------------------------------------------------------------------------
Name                           Type                Size  Value                                            
----------------------------------------------------------------------------------------------------------
item_h                         axi4_lite_seq_item  -     @3370                                            
  awaddr                       integral            32    'h58                                             
  awvalid                      integral            1     'h0                                              
  awready                      integral            1     'h0                                              
  wdata                        integral            32    'h98740f14                                       
  wstrb                        integral            4     'h0                                              
  wvalid                       integral            1     'h0                                              
  wready                       integral            1     'h0                                              
  bresp                        integral            3     'h0                                              
  bvalid                       integral            1     'h0                                              
  bready                       integral            1     'h0                                              
  araddr                       integral            32    'h30                                             
  arvalid                      integral            1     'h0                                              
  arready                      integral            1     'h0                                              
  rdata                        integral            32    'h0                                              
  rresp                        integral            3     'h0                                              
  rvalid                       integral            1     'h0                                              
  rready                       integral            1     'h0                                              
  is_write                     integral            1     'h0                                              
  rst_f                        integral            1     'h0                                              
  begin_time                   time                64    4855                                             
  end_time                     time                64    4925                                             
  depth                        int                 32    'd2                                              
  parent sequence (name)       string              11    wr_rd_seq_h                                      
  parent sequence (full name)  string              49    uvm_test_top.env_h.act_agent_h.seqr_h.wr_rd_seq_h
  sequencer                    string              37    uvm_test_top.env_h.act_agent_h.seqr_h            
----------------------------------------------------------------------------------------------------------

UVM_INFO slverr_seq.sv(30) @ 4935: uvm_test_top.env_h.act_agent_h.seqr_h@@slverr_seq_h [AWADDR_SEQ] This is wr_rd_seq : -----------------------------------------------------------------------------------------------------------
Name                           Type                Size  Value                                             
-----------------------------------------------------------------------------------------------------------
item_h                         axi4_lite_seq_item  -     @3416                                             
  awaddr                       integral            32    'h1                                               
  awvalid                      integral            1     'h0                                               
  awready                      integral            1     'h0                                               
  wdata                        integral            32    'he354b0                                          
  wstrb                        integral            4     'h0                                               
  wvalid                       integral            1     'h0                                               
  wready                       integral            1     'h0                                               
  bresp                        integral            3     'h0                                               
  bvalid                       integral            1     'h0                                               
  bready                       integral            1     'h0                                               
  araddr                       integral            32    'h442627b0                                        
  arvalid                      integral            1     'h0                                               
  arready                      integral            1     'h0                                               
  rdata                        integral            32    'h0                                               
  rresp                        integral            3     'h0                                               
  rvalid                       integral            1     'h0                                               
  rready                       integral            1     'h0                                               
  is_write                     integral            1     'h1                                               
  rst_f                        integral            1     'h0                                               
  begin_time                   time                64    4935                                              
  depth                        int                 32    'd2                                               
  parent sequence (name)       string              12    slverr_seq_h                                      
  parent sequence (full name)  string              50    uvm_test_top.env_h.act_agent_h.seqr_h.slverr_seq_h
  sequencer                    string              37    uvm_test_top.env_h.act_agent_h.seqr_h             
-----------------------------------------------------------------------------------------------------------

UVM_INFO axi4_lite_driver.sv(54) @ 4935: uvm_test_top.env_h.act_agent_h.drv_h [[DRV]] Entered wr_addr_channel
UVM_INFO axi4_lite_driver.sv(87) @ 4935: uvm_test_top.env_h.act_agent_h.drv_h [[DRV]] Entered wr_data_channel
UVM_INFO design.sv(138) @ 4945: reporter [DESIGN] This is DUT 8f374930
UVM_INFO axi4_lite_act_monitor.sv(65) @ 4950: uvm_test_top.env_h.act_agent_h.mon_h [MON_AW] DW Captured : wdata 0xe354b0
UVM_INFO axi4_lite_driver.sv(110) @ 4955: uvm_test_top.env_h.act_agent_h.drv_h [DRV] DRV DW_CHANNEL : wdata = 0Xe354b0
UVM_INFO axi4_lite_driver.sv(111) @ 4955: uvm_test_top.env_h.act_agent_h.drv_h [[DRV]] Exiting wr_data_channel
UVM_INFO axi4_lite_act_monitor.sv(59) @ 4960: uvm_test_top.env_h.act_agent_h.mon_h [MON_AW] AW Captured : waddr 0x1
UVM_INFO axi4_lite_driver.sv(81) @ 4965: uvm_test_top.env_h.act_agent_h.drv_h [DRV] DRV AW_CHANNEL : awaddr=0x1
UVM_INFO axi4_lite_driver.sv(82) @ 4965: uvm_test_top.env_h.act_agent_h.drv_h [[DRV]] Exiting wr_addr_channel
UVM_INFO axi4_lite_driver.sv(116) @ 4965: uvm_test_top.env_h.act_agent_h.drv_h [[DRV]] Entered wr_resp_channel
UVM_INFO axi4_lite_act_monitor.sv(77) @ 4980: uvm_test_top.env_h.act_agent_h.mon_h [MON_WRITE_TX] WRITE_TX : awaddr = 0x1, wdata= 0xe354b0, bresp =2
UVM_INFO axi4_lite_sb.sv(45) @ 4980: uvm_test_top.env_h.sb_h [[SB]] WRITE TX received : awaddr=0x1 wdata=0xe354b0 bresp=10
UVM_ERROR axi4_lite_sb.sv(55) @ 4980: uvm_test_top.env_h.sb_h [[SB]] WRITE FAIL : awaddr=0x1 wdata=0xe354b0 bresp=0x10 EXPECTED=2'b00
UVM_ERROR axi4_lite_sb.sv(61) @ 4980: uvm_test_top.env_h.sb_h [[SB]] WRITE ADDR ALIGN FAIL : awaddr=0x1 is not 4-byte aligned
UVM_INFO axi4_lite_driver.sv(143) @ 5005: uvm_test_top.env_h.act_agent_h.drv_h [[DRV]] Exiting wr_resp_channel
UVM_INFO axi4_lite_driver.sv(235) @ 5005: uvm_test_top.env_h.act_agent_h.drv_h [[DRV]] After item_done()
UVM_INFO slverr_seq.sv(43) @ 5005: uvm_test_top.env_h.act_agent_h.seqr_h@@slverr_seq_h [[SEQ]] Response = -----------------------------------------------------------------------------------------------------------
Name                           Type                Size  Value                                             
-----------------------------------------------------------------------------------------------------------
item_h                         axi4_lite_seq_item  -     @3416                                             
  awaddr                       integral            32    'h1                                               
  awvalid                      integral            1     'h0                                               
  awready                      integral            1     'h0                                               
  wdata                        integral            32    'he354b0                                          
  wstrb                        integral            4     'h0                                               
  wvalid                       integral            1     'h0                                               
  wready                       integral            1     'h0                                               
  bresp                        integral            3     'h0                                               
  bvalid                       integral            1     'h0                                               
  bready                       integral            1     'h0                                               
  araddr                       integral            32    'h442627b0                                        
  arvalid                      integral            1     'h0                                               
  arready                      integral            1     'h0                                               
  rdata                        integral            32    'h0                                               
  rresp                        integral            3     'h0                                               
  rvalid                       integral            1     'h0                                               
  rready                       integral            1     'h0                                               
  is_write                     integral            1     'h1                                               
  rst_f                        integral            1     'h0                                               
  begin_time                   time                64    4935                                              
  end_time                     time                64    5005                                              
  depth                        int                 32    'd2                                               
  parent sequence (name)       string              12    slverr_seq_h                                      
  parent sequence (full name)  string              50    uvm_test_top.env_h.act_agent_h.seqr_h.slverr_seq_h
  sequencer                    string              37    uvm_test_top.env_h.act_agent_h.seqr_h             
-----------------------------------------------------------------------------------------------------------

UVM_INFO slverr_seq.sv(30) @ 5015: uvm_test_top.env_h.act_agent_h.seqr_h@@slverr_seq_h [AWADDR_SEQ] This is wr_rd_seq : -----------------------------------------------------------------------------------------------------------
Name                           Type                Size  Value                                             
-----------------------------------------------------------------------------------------------------------
item_h                         axi4_lite_seq_item  -     @3464                                             
  awaddr                       integral            32    'h1                                               
  awvalid                      integral            1     'h0                                               
  awready                      integral            1     'h0                                               
  wdata                        integral            32    'hf9c1d370                                        
  wstrb                        integral            4     'h0                                               
  wvalid                       integral            1     'h0                                               
  wready                       integral            1     'h0                                               
  bresp                        integral            3     'h0                                               
  bvalid                       integral            1     'h0                                               
  bready                       integral            1     'h0                                               
  araddr                       integral            32    'h1                                               
  arvalid                      integral            1     'h0                                               
  arready                      integral            1     'h0                                               
  rdata                        integral            32    'h0                                               
  rresp                        integral            3     'h0                                               
  rvalid                       integral            1     'h0                                               
  rready                       integral            1     'h0                                               
  is_write                     integral            1     'h0                                               
  rst_f                        integral            1     'h0                                               
  begin_time                   time                64    5015                                              
  depth                        int                 32    'd2                                               
  parent sequence (name)       string              12    slverr_seq_h                                      
  parent sequence (full name)  string              50    uvm_test_top.env_h.act_agent_h.seqr_h.slverr_seq_h
  sequencer                    string              37    uvm_test_top.env_h.act_agent_h.seqr_h             
-----------------------------------------------------------------------------------------------------------

UVM_INFO axi4_lite_driver.sv(148) @ 5015: uvm_test_top.env_h.act_agent_h.drv_h [[DRV]] Entered rd_addr_channel
UVM_INFO axi4_lite_act_monitor.sv(97) @ 5040: uvm_test_top.env_h.act_agent_h.mon_h [MON_AR] AR Captured araddr= 0x1
UVM_INFO axi4_lite_driver.sv(176) @ 5045: uvm_test_top.env_h.act_agent_h.drv_h [DRV] DRV araddr_channel: araddr=0x1
UVM_INFO axi4_lite_driver.sv(177) @ 5045: uvm_test_top.env_h.act_agent_h.drv_h [[DRV]] Existing rd_addr_channel
UVM_INFO axi4_lite_driver.sv(182) @ 5045: uvm_test_top.env_h.act_agent_h.drv_h [[DRV]] Entered rd_data_channel
UVM_INFO axi4_lite_act_monitor.sv(107) @ 5060: uvm_test_top.env_h.act_agent_h.mon_h [MON_RD_TX] READ_TX : araddr=0x1, rdata=0x0 rresp=2
UVM_INFO axi4_lite_sb.sv(76) @ 5060: uvm_test_top.env_h.sb_h [[SB]] READ TX received : araddr=0x1 rdata=0x0 rresp=10
UVM_ERROR axi4_lite_sb.sv(86) @ 5060: uvm_test_top.env_h.sb_h [[SB]] READ FAIL : araddr=0x1 rdata=0x0 rresp=0x10 EXPECTED=2'b00
UVM_ERROR axi4_lite_sb.sv(93) @ 5060: uvm_test_top.env_h.sb_h [[SB]] READ ADDR ALIGN FAIL : araddr=0x1 is not 4-byte aligned
UVM_INFO axi4_lite_driver.sv(207) @ 5085: uvm_test_top.env_h.act_agent_h.drv_h [[DRV]] Existing rd_data_channel
UVM_INFO axi4_lite_driver.sv(235) @ 5085: uvm_test_top.env_h.act_agent_h.drv_h [[DRV]] After item_done()
UVM_INFO slverr_seq.sv(43) @ 5085: uvm_test_top.env_h.act_agent_h.seqr_h@@slverr_seq_h [[SEQ]] Response = -----------------------------------------------------------------------------------------------------------
Name                           Type                Size  Value                                             
-----------------------------------------------------------------------------------------------------------
item_h                         axi4_lite_seq_item  -     @3464                                             
  awaddr                       integral            32    'h1                                               
  awvalid                      integral            1     'h0                                               
  awready                      integral            1     'h0                                               
  wdata                        integral            32    'hf9c1d370                                        
  wstrb                        integral            4     'h0                                               
  wvalid                       integral            1     'h0                                               
  wready                       integral            1     'h0                                               
  bresp                        integral            3     'h0                                               
  bvalid                       integral            1     'h0                                               
  bready                       integral            1     'h0                                               
  araddr                       integral            32    'h1                                               
  arvalid                      integral            1     'h0                                               
  arready                      integral            1     'h0                                               
  rdata                        integral            32    'h0                                               
  rresp                        integral            3     'h0                                               
  rvalid                       integral            1     'h0                                               
  rready                       integral            1     'h0                                               
  is_write                     integral            1     'h0                                               
  rst_f                        integral            1     'h0                                               
  begin_time                   time                64    5015                                              
  end_time                     time                64    5085                                              
  depth                        int                 32    'd2                                               
  parent sequence (name)       string              12    slverr_seq_h                                      
  parent sequence (full name)  string              50    uvm_test_top.env_h.act_agent_h.seqr_h.slverr_seq_h
  sequencer                    string              37    uvm_test_top.env_h.act_agent_h.seqr_h             
-----------------------------------------------------------------------------------------------------------

UVM_INFO slverr_seq.sv(30) @ 5095: uvm_test_top.env_h.act_agent_h.seqr_h@@slverr_seq_h [AWADDR_SEQ] This is wr_rd_seq : -----------------------------------------------------------------------------------------------------------
Name                           Type                Size  Value                                             
-----------------------------------------------------------------------------------------------------------
item_h                         axi4_lite_seq_item  -     @3502                                             
  awaddr                       integral            32    'h1                                               
  awvalid                      integral            1     'h0                                               
  awready                      integral            1     'h0                                               
  wdata                        integral            32    'h694a943f                                        
  wstrb                        integral            4     'h0                                               
  wvalid                       integral            1     'h0                                               
  wready                       integral            1     'h0                                               
  bresp                        integral            3     'h0                                               
  bvalid                       integral            1     'h0                                               
  bready                       integral            1     'h0                                               
  araddr                       integral            32    'h6b050a8                                         
  arvalid                      integral            1     'h0                                               
  arready                      integral            1     'h0                                               
  rdata                        integral            32    'h0                                               
  rresp                        integral            3     'h0                                               
  rvalid                       integral            1     'h0                                               
  rready                       integral            1     'h0                                               
  is_write                     integral            1     'h1                                               
  rst_f                        integral            1     'h0                                               
  begin_time                   time                64    5095                                              
  depth                        int                 32    'd2                                               
  parent sequence (name)       string              12    slverr_seq_h                                      
  parent sequence (full name)  string              50    uvm_test_top.env_h.act_agent_h.seqr_h.slverr_seq_h
  sequencer                    string              37    uvm_test_top.env_h.act_agent_h.seqr_h             
-----------------------------------------------------------------------------------------------------------

UVM_INFO axi4_lite_driver.sv(54) @ 5095: uvm_test_top.env_h.act_agent_h.drv_h [[DRV]] Entered wr_addr_channel
UVM_INFO axi4_lite_driver.sv(87) @ 5095: uvm_test_top.env_h.act_agent_h.drv_h [[DRV]] Entered wr_data_channel
UVM_INFO design.sv(138) @ 5105: reporter [DESIGN] This is DUT e354b0
UVM_INFO axi4_lite_act_monitor.sv(65) @ 5110: uvm_test_top.env_h.act_agent_h.mon_h [MON_AW] DW Captured : wdata 0x694a943f
UVM_INFO axi4_lite_driver.sv(110) @ 5115: uvm_test_top.env_h.act_agent_h.drv_h [DRV] DRV DW_CHANNEL : wdata = 0X694a943f
UVM_INFO axi4_lite_driver.sv(111) @ 5115: uvm_test_top.env_h.act_agent_h.drv_h [[DRV]] Exiting wr_data_channel
UVM_INFO axi4_lite_act_monitor.sv(59) @ 5120: uvm_test_top.env_h.act_agent_h.mon_h [MON_AW] AW Captured : waddr 0x1
UVM_INFO axi4_lite_driver.sv(81) @ 5125: uvm_test_top.env_h.act_agent_h.drv_h [DRV] DRV AW_CHANNEL : awaddr=0x1
UVM_INFO axi4_lite_driver.sv(82) @ 5125: uvm_test_top.env_h.act_agent_h.drv_h [[DRV]] Exiting wr_addr_channel
UVM_INFO axi4_lite_driver.sv(116) @ 5125: uvm_test_top.env_h.act_agent_h.drv_h [[DRV]] Entered wr_resp_channel
UVM_INFO axi4_lite_act_monitor.sv(77) @ 5140: uvm_test_top.env_h.act_agent_h.mon_h [MON_WRITE_TX] WRITE_TX : awaddr = 0x1, wdata= 0x694a943f, bresp =2
UVM_INFO axi4_lite_sb.sv(45) @ 5140: uvm_test_top.env_h.sb_h [[SB]] WRITE TX received : awaddr=0x1 wdata=0x694a943f bresp=10
UVM_ERROR axi4_lite_sb.sv(55) @ 5140: uvm_test_top.env_h.sb_h [[SB]] WRITE FAIL : awaddr=0x1 wdata=0x694a943f bresp=0x10 EXPECTED=2'b00
UVM_ERROR axi4_lite_sb.sv(61) @ 5140: uvm_test_top.env_h.sb_h [[SB]] WRITE ADDR ALIGN FAIL : awaddr=0x1 is not 4-byte aligned
UVM_INFO axi4_lite_driver.sv(143) @ 5165: uvm_test_top.env_h.act_agent_h.drv_h [[DRV]] Exiting wr_resp_channel
UVM_INFO axi4_lite_driver.sv(235) @ 5165: uvm_test_top.env_h.act_agent_h.drv_h [[DRV]] After item_done()
UVM_INFO slverr_seq.sv(43) @ 5165: uvm_test_top.env_h.act_agent_h.seqr_h@@slverr_seq_h [[SEQ]] Response = -----------------------------------------------------------------------------------------------------------
Name                           Type                Size  Value                                             
-----------------------------------------------------------------------------------------------------------
item_h                         axi4_lite_seq_item  -     @3502                                             
  awaddr                       integral            32    'h1                                               
  awvalid                      integral            1     'h0                                               
  awready                      integral            1     'h0                                               
  wdata                        integral            32    'h694a943f                                        
  wstrb                        integral            4     'h0                                               
  wvalid                       integral            1     'h0                                               
  wready                       integral            1     'h0                                               
  bresp                        integral            3     'h0                                               
  bvalid                       integral            1     'h0                                               
  bready                       integral            1     'h0                                               
  araddr                       integral            32    'h6b050a8                                         
  arvalid                      integral            1     'h0                                               
  arready                      integral            1     'h0                                               
  rdata                        integral            32    'h0                                               
  rresp                        integral            3     'h0                                               
  rvalid                       integral            1     'h0                                               
  rready                       integral            1     'h0                                               
  is_write                     integral            1     'h1                                               
  rst_f                        integral            1     'h0                                               
  begin_time                   time                64    5095                                              
  end_time                     time                64    5165                                              
  depth                        int                 32    'd2                                               
  parent sequence (name)       string              12    slverr_seq_h                                      
  parent sequence (full name)  string              50    uvm_test_top.env_h.act_agent_h.seqr_h.slverr_seq_h
  sequencer                    string              37    uvm_test_top.env_h.act_agent_h.seqr_h             
-----------------------------------------------------------------------------------------------------------

UVM_INFO slverr_seq.sv(30) @ 5175: uvm_test_top.env_h.act_agent_h.seqr_h@@slverr_seq_h [AWADDR_SEQ] This is wr_rd_seq : -----------------------------------------------------------------------------------------------------------
Name                           Type                Size  Value                                             
-----------------------------------------------------------------------------------------------------------
item_h                         axi4_lite_seq_item  -     @3550                                             
  awaddr                       integral            32    'h1                                               
  awvalid                      integral            1     'h0                                               
  awready                      integral            1     'h0                                               
  wdata                        integral            32    'h86fabb9d                                        
  wstrb                        integral            4     'h0                                               
  wvalid                       integral            1     'h0                                               
  wready                       integral            1     'h0                                               
  bresp                        integral            3     'h0                                               
  bvalid                       integral            1     'h0                                               
  bready                       integral            1     'h0                                               
  araddr                       integral            32    'h1                                               
  arvalid                      integral            1     'h0                                               
  arready                      integral            1     'h0                                               
  rdata                        integral            32    'h0                                               
  rresp                        integral            3     'h0                                               
  rvalid                       integral            1     'h0                                               
  rready                       integral            1     'h0                                               
  is_write                     integral            1     'h0                                               
  rst_f                        integral            1     'h0                                               
  begin_time                   time                64    5175                                              
  depth                        int                 32    'd2                                               
  parent sequence (name)       string              12    slverr_seq_h                                      
  parent sequence (full name)  string              50    uvm_test_top.env_h.act_agent_h.seqr_h.slverr_seq_h
  sequencer                    string              37    uvm_test_top.env_h.act_agent_h.seqr_h             
-----------------------------------------------------------------------------------------------------------

UVM_INFO axi4_lite_driver.sv(148) @ 5175: uvm_test_top.env_h.act_agent_h.drv_h [[DRV]] Entered rd_addr_channel
UVM_INFO axi4_lite_act_monitor.sv(97) @ 5200: uvm_test_top.env_h.act_agent_h.mon_h [MON_AR] AR Captured araddr= 0x1
UVM_INFO axi4_lite_driver.sv(176) @ 5205: uvm_test_top.env_h.act_agent_h.drv_h [DRV] DRV araddr_channel: araddr=0x1
UVM_INFO axi4_lite_driver.sv(177) @ 5205: uvm_test_top.env_h.act_agent_h.drv_h [[DRV]] Existing rd_addr_channel
UVM_INFO axi4_lite_driver.sv(182) @ 5205: uvm_test_top.env_h.act_agent_h.drv_h [[DRV]] Entered rd_data_channel
UVM_INFO axi4_lite_act_monitor.sv(107) @ 5220: uvm_test_top.env_h.act_agent_h.mon_h [MON_RD_TX] READ_TX : araddr=0x1, rdata=0x0 rresp=2
UVM_INFO axi4_lite_sb.sv(76) @ 5220: uvm_test_top.env_h.sb_h [[SB]] READ TX received : araddr=0x1 rdata=0x0 rresp=10
UVM_ERROR axi4_lite_sb.sv(86) @ 5220: uvm_test_top.env_h.sb_h [[SB]] READ FAIL : araddr=0x1 rdata=0x0 rresp=0x10 EXPECTED=2'b00
UVM_ERROR axi4_lite_sb.sv(93) @ 5220: uvm_test_top.env_h.sb_h [[SB]] READ ADDR ALIGN FAIL : araddr=0x1 is not 4-byte aligned
UVM_INFO axi4_lite_driver.sv(207) @ 5245: uvm_test_top.env_h.act_agent_h.drv_h [[DRV]] Existing rd_data_channel
UVM_INFO axi4_lite_driver.sv(235) @ 5245: uvm_test_top.env_h.act_agent_h.drv_h [[DRV]] After item_done()
UVM_INFO slverr_seq.sv(43) @ 5245: uvm_test_top.env_h.act_agent_h.seqr_h@@slverr_seq_h [[SEQ]] Response = -----------------------------------------------------------------------------------------------------------
Name                           Type                Size  Value                                             
-----------------------------------------------------------------------------------------------------------
item_h                         axi4_lite_seq_item  -     @3550                                             
  awaddr                       integral            32    'h1                                               
  awvalid                      integral            1     'h0                                               
  awready                      integral            1     'h0                                               
  wdata                        integral            32    'h86fabb9d                                        
  wstrb                        integral            4     'h0                                               
  wvalid                       integral            1     'h0                                               
  wready                       integral            1     'h0                                               
  bresp                        integral            3     'h0                                               
  bvalid                       integral            1     'h0                                               
  bready                       integral            1     'h0                                               
  araddr                       integral            32    'h1                                               
  arvalid                      integral            1     'h0                                               
  arready                      integral            1     'h0                                               
  rdata                        integral            32    'h0                                               
  rresp                        integral            3     'h0                                               
  rvalid                       integral            1     'h0                                               
  rready                       integral            1     'h0                                               
  is_write                     integral            1     'h0                                               
  rst_f                        integral            1     'h0                                               
  begin_time                   time                64    5175                                              
  end_time                     time                64    5245                                              
  depth                        int                 32    'd2                                               
  parent sequence (name)       string              12    slverr_seq_h                                      
  parent sequence (full name)  string              50    uvm_test_top.env_h.act_agent_h.seqr_h.slverr_seq_h
  sequencer                    string              37    uvm_test_top.env_h.act_agent_h.seqr_h             
-----------------------------------------------------------------------------------------------------------

UVM_INFO slverr_seq.sv(30) @ 5255: uvm_test_top.env_h.act_agent_h.seqr_h@@slverr_seq_h [AWADDR_SEQ] This is wr_rd_seq : -----------------------------------------------------------------------------------------------------------
Name                           Type                Size  Value                                             
-----------------------------------------------------------------------------------------------------------
item_h                         axi4_lite_seq_item  -     @3588                                             
  awaddr                       integral            32    'h1                                               
  awvalid                      integral            1     'h0                                               
  awready                      integral            1     'h0                                               
  wdata                        integral            32    'h1aac89af                                        
  wstrb                        integral            4     'h0                                               
  wvalid                       integral            1     'h0                                               
  wready                       integral            1     'h0                                               
  bresp                        integral            3     'h0                                               
  bvalid                       integral            1     'h0                                               
  bready                       integral            1     'h0                                               
  araddr                       integral            32    'hd1727780                                        
  arvalid                      integral            1     'h0                                               
  arready                      integral            1     'h0                                               
  rdata                        integral            32    'h0                                               
  rresp                        integral            3     'h0                                               
  rvalid                       integral            1     'h0                                               
  rready                       integral            1     'h0                                               
  is_write                     integral            1     'h1                                               
  rst_f                        integral            1     'h0                                               
  begin_time                   time                64    5255                                              
  depth                        int                 32    'd2                                               
  parent sequence (name)       string              12    slverr_seq_h                                      
  parent sequence (full name)  string              50    uvm_test_top.env_h.act_agent_h.seqr_h.slverr_seq_h
  sequencer                    string              37    uvm_test_top.env_h.act_agent_h.seqr_h             
-----------------------------------------------------------------------------------------------------------

UVM_INFO axi4_lite_driver.sv(54) @ 5255: uvm_test_top.env_h.act_agent_h.drv_h [[DRV]] Entered wr_addr_channel
UVM_INFO axi4_lite_driver.sv(87) @ 5255: uvm_test_top.env_h.act_agent_h.drv_h [[DRV]] Entered wr_data_channel
UVM_INFO design.sv(138) @ 5265: reporter [DESIGN] This is DUT 694a943f
UVM_INFO axi4_lite_act_monitor.sv(65) @ 5270: uvm_test_top.env_h.act_agent_h.mon_h [MON_AW] DW Captured : wdata 0x1aac89af
UVM_INFO axi4_lite_driver.sv(110) @ 5275: uvm_test_top.env_h.act_agent_h.drv_h [DRV] DRV DW_CHANNEL : wdata = 0X1aac89af
UVM_INFO axi4_lite_driver.sv(111) @ 5275: uvm_test_top.env_h.act_agent_h.drv_h [[DRV]] Exiting wr_data_channel
UVM_INFO axi4_lite_act_monitor.sv(59) @ 5280: uvm_test_top.env_h.act_agent_h.mon_h [MON_AW] AW Captured : waddr 0x1
UVM_INFO axi4_lite_driver.sv(81) @ 5285: uvm_test_top.env_h.act_agent_h.drv_h [DRV] DRV AW_CHANNEL : awaddr=0x1
UVM_INFO axi4_lite_driver.sv(82) @ 5285: uvm_test_top.env_h.act_agent_h.drv_h [[DRV]] Exiting wr_addr_channel
UVM_INFO axi4_lite_driver.sv(116) @ 5285: uvm_test_top.env_h.act_agent_h.drv_h [[DRV]] Entered wr_resp_channel
UVM_INFO axi4_lite_act_monitor.sv(77) @ 5300: uvm_test_top.env_h.act_agent_h.mon_h [MON_WRITE_TX] WRITE_TX : awaddr = 0x1, wdata= 0x1aac89af, bresp =2
UVM_INFO axi4_lite_sb.sv(45) @ 5300: uvm_test_top.env_h.sb_h [[SB]] WRITE TX received : awaddr=0x1 wdata=0x1aac89af bresp=10
UVM_ERROR axi4_lite_sb.sv(55) @ 5300: uvm_test_top.env_h.sb_h [[SB]] WRITE FAIL : awaddr=0x1 wdata=0x1aac89af bresp=0x10 EXPECTED=2'b00
UVM_ERROR axi4_lite_sb.sv(61) @ 5300: uvm_test_top.env_h.sb_h [[SB]] WRITE ADDR ALIGN FAIL : awaddr=0x1 is not 4-byte aligned
UVM_INFO axi4_lite_driver.sv(143) @ 5325: uvm_test_top.env_h.act_agent_h.drv_h [[DRV]] Exiting wr_resp_channel
UVM_INFO axi4_lite_driver.sv(235) @ 5325: uvm_test_top.env_h.act_agent_h.drv_h [[DRV]] After item_done()
UVM_INFO slverr_seq.sv(43) @ 5325: uvm_test_top.env_h.act_agent_h.seqr_h@@slverr_seq_h [[SEQ]] Response = -----------------------------------------------------------------------------------------------------------
Name                           Type                Size  Value                                             
-----------------------------------------------------------------------------------------------------------
item_h                         axi4_lite_seq_item  -     @3588                                             
  awaddr                       integral            32    'h1                                               
  awvalid                      integral            1     'h0                                               
  awready                      integral            1     'h0                                               
  wdata                        integral            32    'h1aac89af                                        
  wstrb                        integral            4     'h0                                               
  wvalid                       integral            1     'h0                                               
  wready                       integral            1     'h0                                               
  bresp                        integral            3     'h0                                               
  bvalid                       integral            1     'h0                                               
  bready                       integral            1     'h0                                               
  araddr                       integral            32    'hd1727780                                        
  arvalid                      integral            1     'h0                                               
  arready                      integral            1     'h0                                               
  rdata                        integral            32    'h0                                               
  rresp                        integral            3     'h0                                               
  rvalid                       integral            1     'h0                                               
  rready                       integral            1     'h0                                               
  is_write                     integral            1     'h1                                               
  rst_f                        integral            1     'h0                                               
  begin_time                   time                64    5255                                              
  end_time                     time                64    5325                                              
  depth                        int                 32    'd2                                               
  parent sequence (name)       string              12    slverr_seq_h                                      
  parent sequence (full name)  string              50    uvm_test_top.env_h.act_agent_h.seqr_h.slverr_seq_h
  sequencer                    string              37    uvm_test_top.env_h.act_agent_h.seqr_h             
-----------------------------------------------------------------------------------------------------------

UVM_INFO slverr_seq.sv(30) @ 5335: uvm_test_top.env_h.act_agent_h.seqr_h@@slverr_seq_h [AWADDR_SEQ] This is wr_rd_seq : -----------------------------------------------------------------------------------------------------------
Name                           Type                Size  Value                                             
-----------------------------------------------------------------------------------------------------------
item_h                         axi4_lite_seq_item  -     @3636                                             
  awaddr                       integral            32    'h1                                               
  awvalid                      integral            1     'h0                                               
  awready                      integral            1     'h0                                               
  wdata                        integral            32    'h38d2adf1                                        
  wstrb                        integral            4     'h0                                               
  wvalid                       integral            1     'h0                                               
  wready                       integral            1     'h0                                               
  bresp                        integral            3     'h0                                               
  bvalid                       integral            1     'h0                                               
  bready                       integral            1     'h0                                               
  araddr                       integral            32    'h1                                               
  arvalid                      integral            1     'h0                                               
  arready                      integral            1     'h0                                               
  rdata                        integral            32    'h0                                               
  rresp                        integral            3     'h0                                               
  rvalid                       integral            1     'h0                                               
  rready                       integral            1     'h0                                               
  is_write                     integral            1     'h0                                               
  rst_f                        integral            1     'h0                                               
  begin_time                   time                64    5335                                              
  depth                        int                 32    'd2                                               
  parent sequence (name)       string              12    slverr_seq_h                                      
  parent sequence (full name)  string              50    uvm_test_top.env_h.act_agent_h.seqr_h.slverr_seq_h
  sequencer                    string              37    uvm_test_top.env_h.act_agent_h.seqr_h             
-----------------------------------------------------------------------------------------------------------

UVM_INFO axi4_lite_driver.sv(148) @ 5335: uvm_test_top.env_h.act_agent_h.drv_h [[DRV]] Entered rd_addr_channel
UVM_INFO axi4_lite_act_monitor.sv(97) @ 5360: uvm_test_top.env_h.act_agent_h.mon_h [MON_AR] AR Captured araddr= 0x1
UVM_INFO axi4_lite_driver.sv(176) @ 5365: uvm_test_top.env_h.act_agent_h.drv_h [DRV] DRV araddr_channel: araddr=0x1
UVM_INFO axi4_lite_driver.sv(177) @ 5365: uvm_test_top.env_h.act_agent_h.drv_h [[DRV]] Existing rd_addr_channel
UVM_INFO axi4_lite_driver.sv(182) @ 5365: uvm_test_top.env_h.act_agent_h.drv_h [[DRV]] Entered rd_data_channel
UVM_INFO axi4_lite_act_monitor.sv(107) @ 5380: uvm_test_top.env_h.act_agent_h.mon_h [MON_RD_TX] READ_TX : araddr=0x1, rdata=0x0 rresp=2
UVM_INFO axi4_lite_sb.sv(76) @ 5380: uvm_test_top.env_h.sb_h [[SB]] READ TX received : araddr=0x1 rdata=0x0 rresp=10
UVM_ERROR axi4_lite_sb.sv(86) @ 5380: uvm_test_top.env_h.sb_h [[SB]] READ FAIL : araddr=0x1 rdata=0x0 rresp=0x10 EXPECTED=2'b00
UVM_ERROR axi4_lite_sb.sv(93) @ 5380: uvm_test_top.env_h.sb_h [[SB]] READ ADDR ALIGN FAIL : araddr=0x1 is not 4-byte aligned
UVM_INFO axi4_lite_driver.sv(207) @ 5405: uvm_test_top.env_h.act_agent_h.drv_h [[DRV]] Existing rd_data_channel
UVM_INFO axi4_lite_driver.sv(235) @ 5405: uvm_test_top.env_h.act_agent_h.drv_h [[DRV]] After item_done()
UVM_INFO slverr_seq.sv(43) @ 5405: uvm_test_top.env_h.act_agent_h.seqr_h@@slverr_seq_h [[SEQ]] Response = -----------------------------------------------------------------------------------------------------------
Name                           Type                Size  Value                                             
-----------------------------------------------------------------------------------------------------------
item_h                         axi4_lite_seq_item  -     @3636                                             
  awaddr                       integral            32    'h1                                               
  awvalid                      integral            1     'h0                                               
  awready                      integral            1     'h0                                               
  wdata                        integral            32    'h38d2adf1                                        
  wstrb                        integral            4     'h0                                               
  wvalid                       integral            1     'h0                                               
  wready                       integral            1     'h0                                               
  bresp                        integral            3     'h0                                               
  bvalid                       integral            1     'h0                                               
  bready                       integral            1     'h0                                               
  araddr                       integral            32    'h1                                               
  arvalid                      integral            1     'h0                                               
  arready                      integral            1     'h0                                               
  rdata                        integral            32    'h0                                               
  rresp                        integral            3     'h0                                               
  rvalid                       integral            1     'h0                                               
  rready                       integral            1     'h0                                               
  is_write                     integral            1     'h0                                               
  rst_f                        integral            1     'h0                                               
  begin_time                   time                64    5335                                              
  end_time                     time                64    5405                                              
  depth                        int                 32    'd2                                               
  parent sequence (name)       string              12    slverr_seq_h                                      
  parent sequence (full name)  string              50    uvm_test_top.env_h.act_agent_h.seqr_h.slverr_seq_h
  sequencer                    string              37    uvm_test_top.env_h.act_agent_h.seqr_h             
-----------------------------------------------------------------------------------------------------------

UVM_INFO slverr_seq.sv(30) @ 5415: uvm_test_top.env_h.act_agent_h.seqr_h@@slverr_seq_h [AWADDR_SEQ] This is wr_rd_seq : -----------------------------------------------------------------------------------------------------------
Name                           Type                Size  Value                                             
-----------------------------------------------------------------------------------------------------------
item_h                         axi4_lite_seq_item  -     @3674                                             
  awaddr                       integral            32    'h1                                               
  awvalid                      integral            1     'h0                                               
  awready                      integral            1     'h0                                               
  wdata                        integral            32    'h461b4c7a                                        
  wstrb                        integral            4     'h0                                               
  wvalid                       integral            1     'h0                                               
  wready                       integral            1     'h0                                               
  bresp                        integral            3     'h0                                               
  bvalid                       integral            1     'h0                                               
  bready                       integral            1     'h0                                               
  araddr                       integral            32    'h5de96e40                                        
  arvalid                      integral            1     'h0                                               
  arready                      integral            1     'h0                                               
  rdata                        integral            32    'h0                                               
  rresp                        integral            3     'h0                                               
  rvalid                       integral            1     'h0                                               
  rready                       integral            1     'h0                                               
  is_write                     integral            1     'h1                                               
  rst_f                        integral            1     'h0                                               
  begin_time                   time                64    5415                                              
  depth                        int                 32    'd2                                               
  parent sequence (name)       string              12    slverr_seq_h                                      
  parent sequence (full name)  string              50    uvm_test_top.env_h.act_agent_h.seqr_h.slverr_seq_h
  sequencer                    string              37    uvm_test_top.env_h.act_agent_h.seqr_h             
-----------------------------------------------------------------------------------------------------------

UVM_INFO axi4_lite_driver.sv(54) @ 5415: uvm_test_top.env_h.act_agent_h.drv_h [[DRV]] Entered wr_addr_channel
UVM_INFO axi4_lite_driver.sv(87) @ 5415: uvm_test_top.env_h.act_agent_h.drv_h [[DRV]] Entered wr_data_channel
UVM_INFO design.sv(138) @ 5425: reporter [DESIGN] This is DUT 1aac89af
UVM_INFO axi4_lite_act_monitor.sv(65) @ 5430: uvm_test_top.env_h.act_agent_h.mon_h [MON_AW] DW Captured : wdata 0x461b4c7a
UVM_INFO axi4_lite_driver.sv(110) @ 5435: uvm_test_top.env_h.act_agent_h.drv_h [DRV] DRV DW_CHANNEL : wdata = 0X461b4c7a
UVM_INFO axi4_lite_driver.sv(111) @ 5435: uvm_test_top.env_h.act_agent_h.drv_h [[DRV]] Exiting wr_data_channel
UVM_INFO axi4_lite_act_monitor.sv(59) @ 5440: uvm_test_top.env_h.act_agent_h.mon_h [MON_AW] AW Captured : waddr 0x1
UVM_INFO axi4_lite_driver.sv(81) @ 5445: uvm_test_top.env_h.act_agent_h.drv_h [DRV] DRV AW_CHANNEL : awaddr=0x1
UVM_INFO axi4_lite_driver.sv(82) @ 5445: uvm_test_top.env_h.act_agent_h.drv_h [[DRV]] Exiting wr_addr_channel
UVM_INFO axi4_lite_driver.sv(116) @ 5445: uvm_test_top.env_h.act_agent_h.drv_h [[DRV]] Entered wr_resp_channel
UVM_INFO axi4_lite_act_monitor.sv(77) @ 5460: uvm_test_top.env_h.act_agent_h.mon_h [MON_WRITE_TX] WRITE_TX : awaddr = 0x1, wdata= 0x461b4c7a, bresp =2
UVM_INFO axi4_lite_sb.sv(45) @ 5460: uvm_test_top.env_h.sb_h [[SB]] WRITE TX received : awaddr=0x1 wdata=0x461b4c7a bresp=10
UVM_ERROR axi4_lite_sb.sv(55) @ 5460: uvm_test_top.env_h.sb_h [[SB]] WRITE FAIL : awaddr=0x1 wdata=0x461b4c7a bresp=0x10 EXPECTED=2'b00
UVM_ERROR axi4_lite_sb.sv(61) @ 5460: uvm_test_top.env_h.sb_h [[SB]] WRITE ADDR ALIGN FAIL : awaddr=0x1 is not 4-byte aligned
UVM_INFO axi4_lite_driver.sv(143) @ 5485: uvm_test_top.env_h.act_agent_h.drv_h [[DRV]] Exiting wr_resp_channel
UVM_INFO axi4_lite_driver.sv(235) @ 5485: uvm_test_top.env_h.act_agent_h.drv_h [[DRV]] After item_done()
UVM_INFO slverr_seq.sv(43) @ 5485: uvm_test_top.env_h.act_agent_h.seqr_h@@slverr_seq_h [[SEQ]] Response = -----------------------------------------------------------------------------------------------------------
Name                           Type                Size  Value                                             
-----------------------------------------------------------------------------------------------------------
item_h                         axi4_lite_seq_item  -     @3674                                             
  awaddr                       integral            32    'h1                                               
  awvalid                      integral            1     'h0                                               
  awready                      integral            1     'h0                                               
  wdata                        integral            32    'h461b4c7a                                        
  wstrb                        integral            4     'h0                                               
  wvalid                       integral            1     'h0                                               
  wready                       integral            1     'h0                                               
  bresp                        integral            3     'h0                                               
  bvalid                       integral            1     'h0                                               
  bready                       integral            1     'h0                                               
  araddr                       integral            32    'h5de96e40                                        
  arvalid                      integral            1     'h0                                               
  arready                      integral            1     'h0                                               
  rdata                        integral            32    'h0                                               
  rresp                        integral            3     'h0                                               
  rvalid                       integral            1     'h0                                               
  rready                       integral            1     'h0                                               
  is_write                     integral            1     'h1                                               
  rst_f                        integral            1     'h0                                               
  begin_time                   time                64    5415                                              
  end_time                     time                64    5485                                              
  depth                        int                 32    'd2                                               
  parent sequence (name)       string              12    slverr_seq_h                                      
  parent sequence (full name)  string              50    uvm_test_top.env_h.act_agent_h.seqr_h.slverr_seq_h
  sequencer                    string              37    uvm_test_top.env_h.act_agent_h.seqr_h             
-----------------------------------------------------------------------------------------------------------

UVM_INFO slverr_seq.sv(30) @ 5495: uvm_test_top.env_h.act_agent_h.seqr_h@@slverr_seq_h [AWADDR_SEQ] This is wr_rd_seq : -----------------------------------------------------------------------------------------------------------
Name                           Type                Size  Value                                             
-----------------------------------------------------------------------------------------------------------
item_h                         axi4_lite_seq_item  -     @3722                                             
  awaddr                       integral            32    'h1                                               
  awvalid                      integral            1     'h0                                               
  awready                      integral            1     'h0                                               
  wdata                        integral            32    'h93231c0a                                        
  wstrb                        integral            4     'h0                                               
  wvalid                       integral            1     'h0                                               
  wready                       integral            1     'h0                                               
  bresp                        integral            3     'h0                                               
  bvalid                       integral            1     'h0                                               
  bready                       integral            1     'h0                                               
  araddr                       integral            32    'h1                                               
  arvalid                      integral            1     'h0                                               
  arready                      integral            1     'h0                                               
  rdata                        integral            32    'h0                                               
  rresp                        integral            3     'h0                                               
  rvalid                       integral            1     'h0                                               
  rready                       integral            1     'h0                                               
  is_write                     integral            1     'h0                                               
  rst_f                        integral            1     'h0                                               
  begin_time                   time                64    5495                                              
  depth                        int                 32    'd2                                               
  parent sequence (name)       string              12    slverr_seq_h                                      
  parent sequence (full name)  string              50    uvm_test_top.env_h.act_agent_h.seqr_h.slverr_seq_h
  sequencer                    string              37    uvm_test_top.env_h.act_agent_h.seqr_h             
-----------------------------------------------------------------------------------------------------------

UVM_INFO axi4_lite_driver.sv(148) @ 5495: uvm_test_top.env_h.act_agent_h.drv_h [[DRV]] Entered rd_addr_channel
UVM_INFO axi4_lite_act_monitor.sv(97) @ 5520: uvm_test_top.env_h.act_agent_h.mon_h [MON_AR] AR Captured araddr= 0x1
UVM_INFO axi4_lite_driver.sv(176) @ 5525: uvm_test_top.env_h.act_agent_h.drv_h [DRV] DRV araddr_channel: araddr=0x1
UVM_INFO axi4_lite_driver.sv(177) @ 5525: uvm_test_top.env_h.act_agent_h.drv_h [[DRV]] Existing rd_addr_channel
UVM_INFO axi4_lite_driver.sv(182) @ 5525: uvm_test_top.env_h.act_agent_h.drv_h [[DRV]] Entered rd_data_channel
UVM_INFO axi4_lite_act_monitor.sv(107) @ 5540: uvm_test_top.env_h.act_agent_h.mon_h [MON_RD_TX] READ_TX : araddr=0x1, rdata=0x0 rresp=2
UVM_INFO axi4_lite_sb.sv(76) @ 5540: uvm_test_top.env_h.sb_h [[SB]] READ TX received : araddr=0x1 rdata=0x0 rresp=10
UVM_ERROR axi4_lite_sb.sv(86) @ 5540: uvm_test_top.env_h.sb_h [[SB]] READ FAIL : araddr=0x1 rdata=0x0 rresp=0x10 EXPECTED=2'b00
UVM_ERROR axi4_lite_sb.sv(93) @ 5540: uvm_test_top.env_h.sb_h [[SB]] READ ADDR ALIGN FAIL : araddr=0x1 is not 4-byte aligned
UVM_INFO axi4_lite_driver.sv(207) @ 5565: uvm_test_top.env_h.act_agent_h.drv_h [[DRV]] Existing rd_data_channel
UVM_INFO axi4_lite_driver.sv(235) @ 5565: uvm_test_top.env_h.act_agent_h.drv_h [[DRV]] After item_done()
UVM_INFO slverr_seq.sv(43) @ 5565: uvm_test_top.env_h.act_agent_h.seqr_h@@slverr_seq_h [[SEQ]] Response = -----------------------------------------------------------------------------------------------------------
Name                           Type                Size  Value                                             
-----------------------------------------------------------------------------------------------------------
item_h                         axi4_lite_seq_item  -     @3722                                             
  awaddr                       integral            32    'h1                                               
  awvalid                      integral            1     'h0                                               
  awready                      integral            1     'h0                                               
  wdata                        integral            32    'h93231c0a                                        
  wstrb                        integral            4     'h0                                               
  wvalid                       integral            1     'h0                                               
  wready                       integral            1     'h0                                               
  bresp                        integral            3     'h0                                               
  bvalid                       integral            1     'h0                                               
  bready                       integral            1     'h0                                               
  araddr                       integral            32    'h1                                               
  arvalid                      integral            1     'h0                                               
  arready                      integral            1     'h0                                               
  rdata                        integral            32    'h0                                               
  rresp                        integral            3     'h0                                               
  rvalid                       integral            1     'h0                                               
  rready                       integral            1     'h0                                               
  is_write                     integral            1     'h0                                               
  rst_f                        integral            1     'h0                                               
  begin_time                   time                64    5495                                              
  end_time                     time                64    5565                                              
  depth                        int                 32    'd2                                               
  parent sequence (name)       string              12    slverr_seq_h                                      
  parent sequence (full name)  string              50    uvm_test_top.env_h.act_agent_h.seqr_h.slverr_seq_h
  sequencer                    string              37    uvm_test_top.env_h.act_agent_h.seqr_h             
-----------------------------------------------------------------------------------------------------------

UVM_INFO slverr_seq.sv(30) @ 5575: uvm_test_top.env_h.act_agent_h.seqr_h@@slverr_seq_h [AWADDR_SEQ] This is wr_rd_seq : -----------------------------------------------------------------------------------------------------------
Name                           Type                Size  Value                                             
-----------------------------------------------------------------------------------------------------------
item_h                         axi4_lite_seq_item  -     @3760                                             
  awaddr                       integral            32    'h1                                               
  awvalid                      integral            1     'h0                                               
  awready                      integral            1     'h0                                               
  wdata                        integral            32    'h43cf208e                                        
  wstrb                        integral            4     'h0                                               
  wvalid                       integral            1     'h0                                               
  wready                       integral            1     'h0                                               
  bresp                        integral            3     'h0                                               
  bvalid                       integral            1     'h0                                               
  bready                       integral            1     'h0                                               
  araddr                       integral            32    'ha69eccf4                                        
  arvalid                      integral            1     'h0                                               
  arready                      integral            1     'h0                                               
  rdata                        integral            32    'h0                                               
  rresp                        integral            3     'h0                                               
  rvalid                       integral            1     'h0                                               
  rready                       integral            1     'h0                                               
  is_write                     integral            1     'h1                                               
  rst_f                        integral            1     'h0                                               
  begin_time                   time                64    5575                                              
  depth                        int                 32    'd2                                               
  parent sequence (name)       string              12    slverr_seq_h                                      
  parent sequence (full name)  string              50    uvm_test_top.env_h.act_agent_h.seqr_h.slverr_seq_h
  sequencer                    string              37    uvm_test_top.env_h.act_agent_h.seqr_h             
-----------------------------------------------------------------------------------------------------------

UVM_INFO axi4_lite_driver.sv(54) @ 5575: uvm_test_top.env_h.act_agent_h.drv_h [[DRV]] Entered wr_addr_channel
UVM_INFO axi4_lite_driver.sv(87) @ 5575: uvm_test_top.env_h.act_agent_h.drv_h [[DRV]] Entered wr_data_channel
UVM_INFO design.sv(138) @ 5585: reporter [DESIGN] This is DUT 461b4c7a
UVM_INFO axi4_lite_act_monitor.sv(65) @ 5590: uvm_test_top.env_h.act_agent_h.mon_h [MON_AW] DW Captured : wdata 0x43cf208e
UVM_INFO axi4_lite_driver.sv(110) @ 5595: uvm_test_top.env_h.act_agent_h.drv_h [DRV] DRV DW_CHANNEL : wdata = 0X43cf208e
UVM_INFO axi4_lite_driver.sv(111) @ 5595: uvm_test_top.env_h.act_agent_h.drv_h [[DRV]] Exiting wr_data_channel
UVM_INFO axi4_lite_act_monitor.sv(59) @ 5600: uvm_test_top.env_h.act_agent_h.mon_h [MON_AW] AW Captured : waddr 0x1
UVM_INFO axi4_lite_driver.sv(81) @ 5605: uvm_test_top.env_h.act_agent_h.drv_h [DRV] DRV AW_CHANNEL : awaddr=0x1
UVM_INFO axi4_lite_driver.sv(82) @ 5605: uvm_test_top.env_h.act_agent_h.drv_h [[DRV]] Exiting wr_addr_channel
UVM_INFO axi4_lite_driver.sv(116) @ 5605: uvm_test_top.env_h.act_agent_h.drv_h [[DRV]] Entered wr_resp_channel
UVM_INFO axi4_lite_act_monitor.sv(77) @ 5620: uvm_test_top.env_h.act_agent_h.mon_h [MON_WRITE_TX] WRITE_TX : awaddr = 0x1, wdata= 0x43cf208e, bresp =2
UVM_INFO axi4_lite_sb.sv(45) @ 5620: uvm_test_top.env_h.sb_h [[SB]] WRITE TX received : awaddr=0x1 wdata=0x43cf208e bresp=10
UVM_ERROR axi4_lite_sb.sv(55) @ 5620: uvm_test_top.env_h.sb_h [[SB]] WRITE FAIL : awaddr=0x1 wdata=0x43cf208e bresp=0x10 EXPECTED=2'b00
UVM_ERROR axi4_lite_sb.sv(61) @ 5620: uvm_test_top.env_h.sb_h [[SB]] WRITE ADDR ALIGN FAIL : awaddr=0x1 is not 4-byte aligned
UVM_INFO axi4_lite_driver.sv(143) @ 5645: uvm_test_top.env_h.act_agent_h.drv_h [[DRV]] Exiting wr_resp_channel
UVM_INFO axi4_lite_driver.sv(235) @ 5645: uvm_test_top.env_h.act_agent_h.drv_h [[DRV]] After item_done()
UVM_INFO slverr_seq.sv(43) @ 5645: uvm_test_top.env_h.act_agent_h.seqr_h@@slverr_seq_h [[SEQ]] Response = -----------------------------------------------------------------------------------------------------------
Name                           Type                Size  Value                                             
-----------------------------------------------------------------------------------------------------------
item_h                         axi4_lite_seq_item  -     @3760                                             
  awaddr                       integral            32    'h1                                               
  awvalid                      integral            1     'h0                                               
  awready                      integral            1     'h0                                               
  wdata                        integral            32    'h43cf208e                                        
  wstrb                        integral            4     'h0                                               
  wvalid                       integral            1     'h0                                               
  wready                       integral            1     'h0                                               
  bresp                        integral            3     'h0                                               
  bvalid                       integral            1     'h0                                               
  bready                       integral            1     'h0                                               
  araddr                       integral            32    'ha69eccf4                                        
  arvalid                      integral            1     'h0                                               
  arready                      integral            1     'h0                                               
  rdata                        integral            32    'h0                                               
  rresp                        integral            3     'h0                                               
  rvalid                       integral            1     'h0                                               
  rready                       integral            1     'h0                                               
  is_write                     integral            1     'h1                                               
  rst_f                        integral            1     'h0                                               
  begin_time                   time                64    5575                                              
  end_time                     time                64    5645                                              
  depth                        int                 32    'd2                                               
  parent sequence (name)       string              12    slverr_seq_h                                      
  parent sequence (full name)  string              50    uvm_test_top.env_h.act_agent_h.seqr_h.slverr_seq_h
  sequencer                    string              37    uvm_test_top.env_h.act_agent_h.seqr_h             
-----------------------------------------------------------------------------------------------------------

UVM_INFO slverr_seq.sv(30) @ 5655: uvm_test_top.env_h.act_agent_h.seqr_h@@slverr_seq_h [AWADDR_SEQ] This is wr_rd_seq : -----------------------------------------------------------------------------------------------------------
Name                           Type                Size  Value                                             
-----------------------------------------------------------------------------------------------------------
item_h                         axi4_lite_seq_item  -     @3808                                             
  awaddr                       integral            32    'h1                                               
  awvalid                      integral            1     'h0                                               
  awready                      integral            1     'h0                                               
  wdata                        integral            32    'hdd54c18                                         
  wstrb                        integral            4     'h0                                               
  wvalid                       integral            1     'h0                                               
  wready                       integral            1     'h0                                               
  bresp                        integral            3     'h0                                               
  bvalid                       integral            1     'h0                                               
  bready                       integral            1     'h0                                               
  araddr                       integral            32    'h1                                               
  arvalid                      integral            1     'h0                                               
  arready                      integral            1     'h0                                               
  rdata                        integral            32    'h0                                               
  rresp                        integral            3     'h0                                               
  rvalid                       integral            1     'h0                                               
  rready                       integral            1     'h0                                               
  is_write                     integral            1     'h0                                               
  rst_f                        integral            1     'h0                                               
  begin_time                   time                64    5655                                              
  depth                        int                 32    'd2                                               
  parent sequence (name)       string              12    slverr_seq_h                                      
  parent sequence (full name)  string              50    uvm_test_top.env_h.act_agent_h.seqr_h.slverr_seq_h
  sequencer                    string              37    uvm_test_top.env_h.act_agent_h.seqr_h             
-----------------------------------------------------------------------------------------------------------

UVM_INFO axi4_lite_driver.sv(148) @ 5655: uvm_test_top.env_h.act_agent_h.drv_h [[DRV]] Entered rd_addr_channel
UVM_INFO axi4_lite_act_monitor.sv(97) @ 5680: uvm_test_top.env_h.act_agent_h.mon_h [MON_AR] AR Captured araddr= 0x1
UVM_INFO axi4_lite_driver.sv(176) @ 5685: uvm_test_top.env_h.act_agent_h.drv_h [DRV] DRV araddr_channel: araddr=0x1
UVM_INFO axi4_lite_driver.sv(177) @ 5685: uvm_test_top.env_h.act_agent_h.drv_h [[DRV]] Existing rd_addr_channel
UVM_INFO axi4_lite_driver.sv(182) @ 5685: uvm_test_top.env_h.act_agent_h.drv_h [[DRV]] Entered rd_data_channel
UVM_INFO axi4_lite_act_monitor.sv(107) @ 5700: uvm_test_top.env_h.act_agent_h.mon_h [MON_RD_TX] READ_TX : araddr=0x1, rdata=0x0 rresp=2
UVM_INFO axi4_lite_sb.sv(76) @ 5700: uvm_test_top.env_h.sb_h [[SB]] READ TX received : araddr=0x1 rdata=0x0 rresp=10
UVM_ERROR axi4_lite_sb.sv(86) @ 5700: uvm_test_top.env_h.sb_h [[SB]] READ FAIL : araddr=0x1 rdata=0x0 rresp=0x10 EXPECTED=2'b00
UVM_ERROR axi4_lite_sb.sv(93) @ 5700: uvm_test_top.env_h.sb_h [[SB]] READ ADDR ALIGN FAIL : araddr=0x1 is not 4-byte aligned
UVM_INFO axi4_lite_driver.sv(207) @ 5725: uvm_test_top.env_h.act_agent_h.drv_h [[DRV]] Existing rd_data_channel
UVM_INFO axi4_lite_driver.sv(235) @ 5725: uvm_test_top.env_h.act_agent_h.drv_h [[DRV]] After item_done()
UVM_INFO slverr_seq.sv(43) @ 5725: uvm_test_top.env_h.act_agent_h.seqr_h@@slverr_seq_h [[SEQ]] Response = -----------------------------------------------------------------------------------------------------------
Name                           Type                Size  Value                                             
-----------------------------------------------------------------------------------------------------------
item_h                         axi4_lite_seq_item  -     @3808                                             
  awaddr                       integral            32    'h1                                               
  awvalid                      integral            1     'h0                                               
  awready                      integral            1     'h0                                               
  wdata                        integral            32    'hdd54c18                                         
  wstrb                        integral            4     'h0                                               
  wvalid                       integral            1     'h0                                               
  wready                       integral            1     'h0                                               
  bresp                        integral            3     'h0                                               
  bvalid                       integral            1     'h0                                               
  bready                       integral            1     'h0                                               
  araddr                       integral            32    'h1                                               
  arvalid                      integral            1     'h0                                               
  arready                      integral            1     'h0                                               
  rdata                        integral            32    'h0                                               
  rresp                        integral            3     'h0                                               
  rvalid                       integral            1     'h0                                               
  rready                       integral            1     'h0                                               
  is_write                     integral            1     'h0                                               
  rst_f                        integral            1     'h0                                               
  begin_time                   time                64    5655                                              
  end_time                     time                64    5725                                              
  depth                        int                 32    'd2                                               
  parent sequence (name)       string              12    slverr_seq_h                                      
  parent sequence (full name)  string              50    uvm_test_top.env_h.act_agent_h.seqr_h.slverr_seq_h
  sequencer                    string              37    uvm_test_top.env_h.act_agent_h.seqr_h             
-----------------------------------------------------------------------------------------------------------

UVM_INFO /app/synopsys/installers/vcs/W-2024.09//etc/uvm-1.2/base/uvm_objection.svh(1276) @ 5725: reporter [TEST_DONE] 'run' phase is ready to proceed to the 'extract' phase
UVM_INFO axi4_lite_sb.sv(109) @ 5725: uvm_test_top.env_h.sb_h [[SB]] Starting Write vs Read cross check
UVM_INFO axi4_lite_sb.sv(118) @ 5725: uvm_test_top.env_h.sb_h [[SB]] CROSS CHECK PASS : addr=0xdc wdata=0xf990eceb rdata=0xf990eceb MATCH
UVM_INFO axi4_lite_sb.sv(118) @ 5725: uvm_test_top.env_h.sb_h [[SB]] CROSS CHECK PASS : addr=0xc4 wdata=0xc8e0826a rdata=0xc8e0826a MATCH
UVM_INFO axi4_lite_sb.sv(118) @ 5725: uvm_test_top.env_h.sb_h [[SB]] CROSS CHECK PASS : addr=0x58 wdata=0xf33fb87b rdata=0xf33fb87b MATCH
UVM_INFO axi4_lite_sb.sv(118) @ 5725: uvm_test_top.env_h.sb_h [[SB]] CROSS CHECK PASS : addr=0xbc wdata=0x519c06a8 rdata=0x519c06a8 MATCH
UVM_INFO axi4_lite_sb.sv(118) @ 5725: uvm_test_top.env_h.sb_h [[SB]] CROSS CHECK PASS : addr=0x18 wdata=0x79a374f1 rdata=0x79a374f1 MATCH
UVM_INFO axi4_lite_sb.sv(118) @ 5725: uvm_test_top.env_h.sb_h [[SB]] CROSS CHECK PASS : addr=0xe8 wdata=0xa95a6b69 rdata=0xa95a6b69 MATCH
UVM_INFO axi4_lite_sb.sv(118) @ 5725: uvm_test_top.env_h.sb_h [[SB]] CROSS CHECK PASS : addr=0x98 wdata=0xad53ae8c rdata=0xad53ae8c MATCH
UVM_INFO axi4_lite_sb.sv(118) @ 5725: uvm_test_top.env_h.sb_h [[SB]] CROSS CHECK PASS : addr=0xe0 wdata=0xc295afff rdata=0xc295afff MATCH
UVM_INFO axi4_lite_sb.sv(118) @ 5725: uvm_test_top.env_h.sb_h [[SB]] CROSS CHECK PASS : addr=0xa8 wdata=0xb90f16d6 rdata=0xb90f16d6 MATCH
UVM_INFO axi4_lite_sb.sv(118) @ 5725: uvm_test_top.env_h.sb_h [[SB]] CROSS CHECK PASS : addr=0xd8 wdata=0xb7f514dc rdata=0xb7f514dc MATCH
UVM_INFO axi4_lite_sb.sv(118) @ 5725: uvm_test_top.env_h.sb_h [[SB]] CROSS CHECK PASS : addr=0x30 wdata=0xd33eb89b rdata=0xd33eb89b MATCH
UVM_INFO axi4_lite_sb.sv(118) @ 5725: uvm_test_top.env_h.sb_h [[SB]] CROSS CHECK PASS : addr=0x7c wdata=0xcbcbf43a rdata=0xcbcbf43a MATCH
UVM_INFO axi4_lite_sb.sv(118) @ 5725: uvm_test_top.env_h.sb_h [[SB]] CROSS CHECK PASS : addr=0xc8 wdata=0x40499501 rdata=0x40499501 MATCH
UVM_INFO axi4_lite_sb.sv(138) @ 5725: uvm_test_top.env_h.sb_h [[SB]] ===============================================
UVM_INFO axi4_lite_sb.sv(139) @ 5725: uvm_test_top.env_h.sb_h [[SB]]             SCOREBOARD REPORT                 
UVM_INFO axi4_lite_sb.sv(140) @ 5725: uvm_test_top.env_h.sb_h [[SB]] ===============================================
UVM_INFO axi4_lite_sb.sv(141) @ 5725: uvm_test_top.env_h.sb_h [[SB]] WRITE  : PASS = 30  FAIL = 10
UVM_INFO axi4_lite_sb.sv(142) @ 5725: uvm_test_top.env_h.sb_h [[SB]] READ   : PASS = 30  FAIL = 10
UVM_INFO axi4_lite_sb.sv(143) @ 5725: uvm_test_top.env_h.sb_h [[SB]] CROSS  : PASS = 13  FAIL = 12
UVM_INFO axi4_lite_sb.sv(144) @ 5725: uvm_test_top.env_h.sb_h [[SB]] ===============================================
UVM_INFO /app/synopsys/installers/vcs/W-2024.09//etc/uvm-1.2/base/uvm_report_catcher.svh(705) @ 5725: reporter [UVM/REPORT/CATCHER] 
--- UVM Report catcher Summary ---


Number of demoted UVM_FATAL reports  :    0
Number of demoted UVM_ERROR reports  :    0
Number of demoted UVM_WARNING reports:    0
Number of caught UVM_FATAL reports   :    0
Number of caught UVM_ERROR reports   :    0
Number of caught UVM_WARNING reports :    0

UVM_INFO /app/synopsys/installers/vcs/W-2024.09//etc/uvm-1.2/base/uvm_report_server.svh(904) @ 5725: reporter [UVM/REPORT/SERVER] 
--- UVM Report Summary ---

** Report counts by severity
UVM_INFO : 1159
UVM_WARNING :    0
UVM_ERROR :   20
UVM_FATAL :    0
** Report counts by id
[AWADDR_SEQ]    70
[DESIGN]    35
[DESIGN_MEM]    30
[DESIGN_RDATA]    30
[DRV]   106
[MON_AR]    35
[MON_AW]    70
[MON_RD_TX]    35
[MON_WRITE_TX]    35
[RNTST]     1
[TEST_DONE]     1
[UVM/RELNOTES]     1
[UVM/REPORT/CATCHER]     1
[[DRV]]   428
[[SB]]   231
[[SEQ]]    70

$finish called from file "/app/synopsys/installers/vcs/W-2024.09//etc/uvm-1.2/base/uvm_root.svh", line 527.
$finish at simulation time                 5725

---------------------------------------------------------------------------
VCS Coverage Metrics: during simulation line, cond, FSM, branch, tgl was monitored
---------------------------------------------------------------------------
           V C S   S i m u l a t i o n   R e p o r t 
Time: 5725
CPU Time:      0.380 seconds;       Data structure size:   0.6Mb
Thu Jun  4 15:15:25 2026
CPU time: 12.676 seconds to compile + .276 seconds to elab + .982 seconds to link + .427 seconds in simulation
Verdi KDB elaboration done and the database successfully generated
