Command: vcs -full64 -sverilog -R -debug_access+all -ntb_opts uvm-1.2 -f files.f \
-l debug.log -cm line+tgl+cond+fsm+branch+assert -kdb
                         Chronologic VCS (TM)
         Version W-2024.09_Full64 -- Thu May 21 23:14:19 2026

                    Copyright (c) 1991 - 2024 Synopsys, Inc.
   This software and the associated documentation are proprietary to Synopsys,
 Inc. This software may only be used in accordance with the terms and conditions
 of a written license agreement with Synopsys, Inc. All other use, reproduction,
   or distribution of this software is strictly prohibited.  Licensed Products
     communicate with Synopsys servers for the purpose of providing software
    updates, detecting software piracy and verifying that customers are using
    Licensed Products in conformity with the applicable License Key for such
  Licensed Products. Synopsys will use information gathered in connection with
    this process to deliver software updates and pursue software pirates and
                                   infringers.

 Inclusivity & Diversity - Visit SolvNetPlus to read the "Synopsys Statement on
            Inclusivity and Diversity" (Refer to article 000036315 at
                        https://solvnetplus.synopsys.com)

Parsing design file '/app/synopsys/installers/vcs/W-2024.09//etc/uvm-1.2/uvm_pkg.sv'
Parsing included file '/app/synopsys/installers/vcs/W-2024.09//etc/uvm-1.2/uvm_macros.svh'.
Parsing included file '/app/synopsys/installers/vcs/W-2024.09//etc/uvm-1.2/macros/uvm_version_defines.svh'.
Back to file '/app/synopsys/installers/vcs/W-2024.09//etc/uvm-1.2/uvm_macros.svh'.
Parsing included file '/app/synopsys/installers/vcs/W-2024.09//etc/uvm-1.2/macros/uvm_global_defines.svh'.
Back to file '/app/synopsys/installers/vcs/W-2024.09//etc/uvm-1.2/uvm_macros.svh'.
Parsing included file '/app/synopsys/installers/vcs/W-2024.09//etc/uvm-1.2/macros/snps_macros.svp'.
Back to file '/app/synopsys/installers/vcs/W-2024.09//etc/uvm-1.2/uvm_macros.svh'.
Parsing included file '/app/synopsys/installers/vcs/W-2024.09//etc/uvm-1.2/macros/uvm_message_defines.svh'.
Back to file '/app/synopsys/installers/vcs/W-2024.09//etc/uvm-1.2/uvm_macros.svh'.
Parsing included file '/app/synopsys/installers/vcs/W-2024.09//etc/uvm-1.2/macros/uvm_phase_defines.svh'.
Back to file '/app/synopsys/installers/vcs/W-2024.09//etc/uvm-1.2/uvm_macros.svh'.
Parsing included file '/app/synopsys/installers/vcs/W-2024.09//etc/uvm-1.2/macros/uvm_object_defines.svh'.
Back to file '/app/synopsys/installers/vcs/W-2024.09//etc/uvm-1.2/uvm_macros.svh'.
Parsing included file '/app/synopsys/installers/vcs/W-2024.09//etc/uvm-1.2/macros/uvm_printer_defines.svh'.
Back to file '/app/synopsys/installers/vcs/W-2024.09//etc/uvm-1.2/uvm_macros.svh'.
Parsing included file '/app/synopsys/installers/vcs/W-2024.09//etc/uvm-1.2/macros/uvm_tlm_defines.svh'.
Parsing included file '/app/synopsys/installers/vcs/W-2024.09//etc/uvm-1.2/tlm1/uvm_tlm_imps.svh'.
Back to file '/app/synopsys/installers/vcs/W-2024.09//etc/uvm-1.2/macros/uvm_tlm_defines.svh'.
Back to file '/app/synopsys/installers/vcs/W-2024.09//etc/uvm-1.2/uvm_macros.svh'.
Parsing included file '/app/synopsys/installers/vcs/W-2024.09//etc/uvm-1.2/macros/uvm_sequence_defines.svh'.
Back to file '/app/synopsys/installers/vcs/W-2024.09//etc/uvm-1.2/uvm_macros.svh'.
Parsing included file '/app/synopsys/installers/vcs/W-2024.09//etc/uvm-1.2/macros/uvm_callback_defines.svh'.
Back to file '/app/synopsys/installers/vcs/W-2024.09//etc/uvm-1.2/uvm_macros.svh'.
Parsing included file '/app/synopsys/installers/vcs/W-2024.09//etc/uvm-1.2/macros/uvm_reg_defines.svh'.
Back to file '/app/synopsys/installers/vcs/W-2024.09//etc/uvm-1.2/uvm_macros.svh'.
Parsing included file '/app/synopsys/installers/vcs/W-2024.09//etc/uvm-1.2/macros/uvm_deprecated_defines.svh'.
Back to file '/app/synopsys/installers/vcs/W-2024.09//etc/uvm-1.2/uvm_macros.svh'.
Back to file '/app/synopsys/installers/vcs/W-2024.09//etc/uvm-1.2/uvm_pkg.sv'.
Parsing included file '/app/synopsys/installers/vcs/W-2024.09//etc/uvm-1.2/dpi/uvm_dpi.svh'.
Parsing included file '/app/synopsys/installers/vcs/W-2024.09//etc/uvm-1.2/dpi/uvm_hdl.svh'.
Back to file '/app/synopsys/installers/vcs/W-2024.09//etc/uvm-1.2/dpi/uvm_dpi.svh'.
Parsing included file '/app/synopsys/installers/vcs/W-2024.09//etc/uvm-1.2/dpi/uvm_svcmd_dpi.svh'.
Back to file '/app/synopsys/installers/vcs/W-2024.09//etc/uvm-1.2/dpi/uvm_dpi.svh'.
Parsing included file '/app/synopsys/installers/vcs/W-2024.09//etc/uvm-1.2/dpi/uvm_regex.svh'.
Back to file '/app/synopsys/installers/vcs/W-2024.09//etc/uvm-1.2/dpi/uvm_dpi.svh'.
Back to file '/app/synopsys/installers/vcs/W-2024.09//etc/uvm-1.2/uvm_pkg.sv'.
Parsing included file '/app/synopsys/installers/vcs/W-2024.09//etc/uvm-1.2/base/uvm_base.svh'.
Parsing included file '/app/synopsys/installers/vcs/W-2024.09//etc/uvm-1.2/base/uvm_coreservice.svh'.
Back to file '/app/synopsys/installers/vcs/W-2024.09//etc/uvm-1.2/base/uvm_base.svh'.
Parsing included file '/app/synopsys/installers/vcs/W-2024.09//etc/uvm-1.2/base/uvm_version.svh'.
Back to file '/app/synopsys/installers/vcs/W-2024.09//etc/uvm-1.2/base/uvm_base.svh'.
Parsing included file '/app/synopsys/installers/vcs/W-2024.09//etc/uvm-1.2/base/uvm_object_globals.svh'.
Back to file '/app/synopsys/installers/vcs/W-2024.09//etc/uvm-1.2/base/uvm_base.svh'.
Parsing included file '/app/synopsys/installers/vcs/W-2024.09//etc/uvm-1.2/base/uvm_misc.svh'.
Back to file '/app/synopsys/installers/vcs/W-2024.09//etc/uvm-1.2/base/uvm_base.svh'.
Parsing included file '/app/synopsys/installers/vcs/W-2024.09//etc/uvm-1.2/base/uvm_object.svh'.
Back to file '/app/synopsys/installers/vcs/W-2024.09//etc/uvm-1.2/base/uvm_base.svh'.
Parsing included file '/app/synopsys/installers/vcs/W-2024.09//etc/uvm-1.2/base/uvm_pool.svh'.
Back to file '/app/synopsys/installers/vcs/W-2024.09//etc/uvm-1.2/base/uvm_base.svh'.
Parsing included file '/app/synopsys/installers/vcs/W-2024.09//etc/uvm-1.2/base/uvm_queue.svh'.
Back to file '/app/synopsys/installers/vcs/W-2024.09//etc/uvm-1.2/base/uvm_base.svh'.
Parsing included file '/app/synopsys/installers/vcs/W-2024.09//etc/uvm-1.2/base/uvm_factory.svh'.
Back to file '/app/synopsys/installers/vcs/W-2024.09//etc/uvm-1.2/base/uvm_base.svh'.
Parsing included file '/app/synopsys/installers/vcs/W-2024.09//etc/uvm-1.2/base/uvm_registry.svh'.
Back to file '/app/synopsys/installers/vcs/W-2024.09//etc/uvm-1.2/base/uvm_base.svh'.
Parsing included file '/app/synopsys/installers/vcs/W-2024.09//etc/uvm-1.2/base/uvm_spell_chkr.svh'.
Back to file '/app/synopsys/installers/vcs/W-2024.09//etc/uvm-1.2/base/uvm_base.svh'.
Parsing included file '/app/synopsys/installers/vcs/W-2024.09//etc/uvm-1.2/base/uvm_resource.svh'.
Back to file '/app/synopsys/installers/vcs/W-2024.09//etc/uvm-1.2/base/uvm_base.svh'.
Parsing included file '/app/synopsys/installers/vcs/W-2024.09//etc/uvm-1.2/base/uvm_resource_specializations.svh'.
Back to file '/app/synopsys/installers/vcs/W-2024.09//etc/uvm-1.2/base/uvm_base.svh'.
Parsing included file '/app/synopsys/installers/vcs/W-2024.09//etc/uvm-1.2/base/uvm_resource_db.svh'.
Back to file '/app/synopsys/installers/vcs/W-2024.09//etc/uvm-1.2/base/uvm_base.svh'.
Parsing included file '/app/synopsys/installers/vcs/W-2024.09//etc/uvm-1.2/base/uvm_config_db.svh'.
Back to file '/app/synopsys/installers/vcs/W-2024.09//etc/uvm-1.2/base/uvm_base.svh'.
Parsing included file '/app/synopsys/installers/vcs/W-2024.09//etc/uvm-1.2/base/uvm_printer.svh'.
Back to file '/app/synopsys/installers/vcs/W-2024.09//etc/uvm-1.2/base/uvm_base.svh'.
Parsing included file '/app/synopsys/installers/vcs/W-2024.09//etc/uvm-1.2/base/uvm_comparer.svh'.
Back to file '/app/synopsys/installers/vcs/W-2024.09//etc/uvm-1.2/base/uvm_base.svh'.
Parsing included file '/app/synopsys/installers/vcs/W-2024.09//etc/uvm-1.2/base/uvm_packer.svh'.
Back to file '/app/synopsys/installers/vcs/W-2024.09//etc/uvm-1.2/base/uvm_base.svh'.
Parsing included file '/app/synopsys/installers/vcs/W-2024.09//etc/uvm-1.2/base/uvm_links.svh'.
Back to file '/app/synopsys/installers/vcs/W-2024.09//etc/uvm-1.2/base/uvm_base.svh'.
Parsing included file '/app/synopsys/installers/vcs/W-2024.09//etc/uvm-1.2/base/uvm_tr_database.svh'.
Back to file '/app/synopsys/installers/vcs/W-2024.09//etc/uvm-1.2/base/uvm_base.svh'.
Parsing included file '/app/synopsys/installers/vcs/W-2024.09//etc/uvm-1.2/base/uvm_tr_stream.svh'.
Back to file '/app/synopsys/installers/vcs/W-2024.09//etc/uvm-1.2/base/uvm_base.svh'.
Parsing included file '/app/synopsys/installers/vcs/W-2024.09//etc/uvm-1.2/base/uvm_recorder.svh'.
Back to file '/app/synopsys/installers/vcs/W-2024.09//etc/uvm-1.2/base/uvm_base.svh'.
Parsing included file '/app/synopsys/installers/vcs/W-2024.09//etc/uvm-1.2/base/uvm_event_callback.svh'.
Back to file '/app/synopsys/installers/vcs/W-2024.09//etc/uvm-1.2/base/uvm_base.svh'.
Parsing included file '/app/synopsys/installers/vcs/W-2024.09//etc/uvm-1.2/base/uvm_event.svh'.
Back to file '/app/synopsys/installers/vcs/W-2024.09//etc/uvm-1.2/base/uvm_base.svh'.
Parsing included file '/app/synopsys/installers/vcs/W-2024.09//etc/uvm-1.2/base/uvm_barrier.svh'.
Back to file '/app/synopsys/installers/vcs/W-2024.09//etc/uvm-1.2/base/uvm_base.svh'.
Parsing included file '/app/synopsys/installers/vcs/W-2024.09//etc/uvm-1.2/base/uvm_callback.svh'.
Parsing included file '/app/synopsys/installers/vcs/W-2024.09//etc/uvm-1.2/uvm_macros.svh'.
Back to file '/app/synopsys/installers/vcs/W-2024.09//etc/uvm-1.2/base/uvm_callback.svh'.
Back to file '/app/synopsys/installers/vcs/W-2024.09//etc/uvm-1.2/base/uvm_base.svh'.
Parsing included file '/app/synopsys/installers/vcs/W-2024.09//etc/uvm-1.2/base/uvm_report_message.svh'.
Back to file '/app/synopsys/installers/vcs/W-2024.09//etc/uvm-1.2/base/uvm_base.svh'.
Parsing included file '/app/synopsys/installers/vcs/W-2024.09//etc/uvm-1.2/base/uvm_report_catcher.svh'.
Back to file '/app/synopsys/installers/vcs/W-2024.09//etc/uvm-1.2/base/uvm_base.svh'.
Parsing included file '/app/synopsys/installers/vcs/W-2024.09//etc/uvm-1.2/base/uvm_report_server.svh'.
Back to file '/app/synopsys/installers/vcs/W-2024.09//etc/uvm-1.2/base/uvm_base.svh'.
Parsing included file '/app/synopsys/installers/vcs/W-2024.09//etc/uvm-1.2/base/uvm_report_handler.svh'.
Back to file '/app/synopsys/installers/vcs/W-2024.09//etc/uvm-1.2/base/uvm_base.svh'.
Parsing included file '/app/synopsys/installers/vcs/W-2024.09//etc/uvm-1.2/base/uvm_report_object.svh'.
Back to file '/app/synopsys/installers/vcs/W-2024.09//etc/uvm-1.2/base/uvm_base.svh'.
Parsing included file '/app/synopsys/installers/vcs/W-2024.09//etc/uvm-1.2/base/uvm_transaction.svh'.
Back to file '/app/synopsys/installers/vcs/W-2024.09//etc/uvm-1.2/base/uvm_base.svh'.
Parsing included file '/app/synopsys/installers/vcs/W-2024.09//etc/uvm-1.2/base/uvm_phase.svh'.
Back to file '/app/synopsys/installers/vcs/W-2024.09//etc/uvm-1.2/base/uvm_base.svh'.
Parsing included file '/app/synopsys/installers/vcs/W-2024.09//etc/uvm-1.2/base/uvm_domain.svh'.
Back to file '/app/synopsys/installers/vcs/W-2024.09//etc/uvm-1.2/base/uvm_base.svh'.
Parsing included file '/app/synopsys/installers/vcs/W-2024.09//etc/uvm-1.2/base/uvm_bottomup_phase.svh'.
Back to file '/app/synopsys/installers/vcs/W-2024.09//etc/uvm-1.2/base/uvm_base.svh'.
Parsing included file '/app/synopsys/installers/vcs/W-2024.09//etc/uvm-1.2/base/uvm_topdown_phase.svh'.
Back to file '/app/synopsys/installers/vcs/W-2024.09//etc/uvm-1.2/base/uvm_base.svh'.
Parsing included file '/app/synopsys/installers/vcs/W-2024.09//etc/uvm-1.2/base/uvm_task_phase.svh'.
Back to file '/app/synopsys/installers/vcs/W-2024.09//etc/uvm-1.2/base/uvm_base.svh'.
Parsing included file '/app/synopsys/installers/vcs/W-2024.09//etc/uvm-1.2/base/uvm_common_phases.svh'.
Back to file '/app/synopsys/installers/vcs/W-2024.09//etc/uvm-1.2/base/uvm_base.svh'.
Parsing included file '/app/synopsys/installers/vcs/W-2024.09//etc/uvm-1.2/base/uvm_runtime_phases.svh'.
Back to file '/app/synopsys/installers/vcs/W-2024.09//etc/uvm-1.2/base/uvm_base.svh'.
Parsing included file '/app/synopsys/installers/vcs/W-2024.09//etc/uvm-1.2/base/uvm_component.svh'.
Parsing included file '/app/synopsys/installers/vcs/W-2024.09//etc/uvm-1.2/base/uvm_root.svh'.
Back to file '/app/synopsys/installers/vcs/W-2024.09//etc/uvm-1.2/base/uvm_component.svh'.
Back to file '/app/synopsys/installers/vcs/W-2024.09//etc/uvm-1.2/base/uvm_base.svh'.
Parsing included file '/app/synopsys/installers/vcs/W-2024.09//etc/uvm-1.2/base/uvm_objection.svh'.
Back to file '/app/synopsys/installers/vcs/W-2024.09//etc/uvm-1.2/base/uvm_base.svh'.
Parsing included file '/app/synopsys/installers/vcs/W-2024.09//etc/uvm-1.2/base/uvm_heartbeat.svh'.
Back to file '/app/synopsys/installers/vcs/W-2024.09//etc/uvm-1.2/base/uvm_base.svh'.
Parsing included file '/app/synopsys/installers/vcs/W-2024.09//etc/uvm-1.2/base/uvm_globals.svh'.
Back to file '/app/synopsys/installers/vcs/W-2024.09//etc/uvm-1.2/base/uvm_base.svh'.
Parsing included file '/app/synopsys/installers/vcs/W-2024.09//etc/uvm-1.2/base/uvm_cmdline_processor.svh'.
Back to file '/app/synopsys/installers/vcs/W-2024.09//etc/uvm-1.2/base/uvm_base.svh'.
Parsing included file '/app/synopsys/installers/vcs/W-2024.09//etc/uvm-1.2/base/uvm_traversal.svh'.
Back to file '/app/synopsys/installers/vcs/W-2024.09//etc/uvm-1.2/base/uvm_base.svh'.
Back to file '/app/synopsys/installers/vcs/W-2024.09//etc/uvm-1.2/uvm_pkg.sv'.
Parsing included file '/app/synopsys/installers/vcs/W-2024.09//etc/uvm-1.2/dap/uvm_dap.svh'.
Parsing included file '/app/synopsys/installers/vcs/W-2024.09//etc/uvm-1.2/dap/uvm_set_get_dap_base.svh'.
Back to file '/app/synopsys/installers/vcs/W-2024.09//etc/uvm-1.2/dap/uvm_dap.svh'.
Parsing included file '/app/synopsys/installers/vcs/W-2024.09//etc/uvm-1.2/dap/uvm_simple_lock_dap.svh'.
Back to file '/app/synopsys/installers/vcs/W-2024.09//etc/uvm-1.2/dap/uvm_dap.svh'.
Parsing included file '/app/synopsys/installers/vcs/W-2024.09//etc/uvm-1.2/dap/uvm_get_to_lock_dap.svh'.
Back to file '/app/synopsys/installers/vcs/W-2024.09//etc/uvm-1.2/dap/uvm_dap.svh'.
Parsing included file '/app/synopsys/installers/vcs/W-2024.09//etc/uvm-1.2/dap/uvm_set_before_get_dap.svh'.
Back to file '/app/synopsys/installers/vcs/W-2024.09//etc/uvm-1.2/dap/uvm_dap.svh'.
Back to file '/app/synopsys/installers/vcs/W-2024.09//etc/uvm-1.2/uvm_pkg.sv'.
Parsing included file '/app/synopsys/installers/vcs/W-2024.09//etc/uvm-1.2/tlm1/uvm_tlm.svh'.
Parsing included file '/app/synopsys/installers/vcs/W-2024.09//etc/uvm-1.2/tlm1/uvm_tlm_ifs.svh'.
Back to file '/app/synopsys/installers/vcs/W-2024.09//etc/uvm-1.2/tlm1/uvm_tlm.svh'.
Parsing included file '/app/synopsys/installers/vcs/W-2024.09//etc/uvm-1.2/tlm1/uvm_sqr_ifs.svh'.
Back to file '/app/synopsys/installers/vcs/W-2024.09//etc/uvm-1.2/tlm1/uvm_tlm.svh'.
Parsing included file '/app/synopsys/installers/vcs/W-2024.09//etc/uvm-1.2/base/uvm_port_base.svh'.
Back to file '/app/synopsys/installers/vcs/W-2024.09//etc/uvm-1.2/tlm1/uvm_tlm.svh'.
Parsing included file '/app/synopsys/installers/vcs/W-2024.09//etc/uvm-1.2/tlm1/uvm_tlm_imps.svh'.
Back to file '/app/synopsys/installers/vcs/W-2024.09//etc/uvm-1.2/tlm1/uvm_tlm.svh'.
Parsing included file '/app/synopsys/installers/vcs/W-2024.09//etc/uvm-1.2/tlm1/uvm_imps.svh'.
Back to file '/app/synopsys/installers/vcs/W-2024.09//etc/uvm-1.2/tlm1/uvm_tlm.svh'.
Parsing included file '/app/synopsys/installers/vcs/W-2024.09//etc/uvm-1.2/tlm1/uvm_ports.svh'.
Back to file '/app/synopsys/installers/vcs/W-2024.09//etc/uvm-1.2/tlm1/uvm_tlm.svh'.
Parsing included file '/app/synopsys/installers/vcs/W-2024.09//etc/uvm-1.2/tlm1/uvm_exports.svh'.
Back to file '/app/synopsys/installers/vcs/W-2024.09//etc/uvm-1.2/tlm1/uvm_tlm.svh'.
Parsing included file '/app/synopsys/installers/vcs/W-2024.09//etc/uvm-1.2/tlm1/uvm_analysis_port.svh'.
Back to file '/app/synopsys/installers/vcs/W-2024.09//etc/uvm-1.2/tlm1/uvm_tlm.svh'.
Parsing included file '/app/synopsys/installers/vcs/W-2024.09//etc/uvm-1.2/tlm1/uvm_tlm_fifo_base.svh'.
Back to file '/app/synopsys/installers/vcs/W-2024.09//etc/uvm-1.2/tlm1/uvm_tlm.svh'.
Parsing included file '/app/synopsys/installers/vcs/W-2024.09//etc/uvm-1.2/tlm1/uvm_tlm_fifos.svh'.
Back to file '/app/synopsys/installers/vcs/W-2024.09//etc/uvm-1.2/tlm1/uvm_tlm.svh'.
Parsing included file '/app/synopsys/installers/vcs/W-2024.09//etc/uvm-1.2/tlm1/uvm_tlm_req_rsp.svh'.
Back to file '/app/synopsys/installers/vcs/W-2024.09//etc/uvm-1.2/tlm1/uvm_tlm.svh'.
Parsing included file '/app/synopsys/installers/vcs/W-2024.09//etc/uvm-1.2/tlm1/uvm_sqr_connections.svh'.
Back to file '/app/synopsys/installers/vcs/W-2024.09//etc/uvm-1.2/tlm1/uvm_tlm.svh'.
Back to file '/app/synopsys/installers/vcs/W-2024.09//etc/uvm-1.2/uvm_pkg.sv'.
Parsing included file '/app/synopsys/installers/vcs/W-2024.09//etc/uvm-1.2/comps/uvm_comps.svh'.
Parsing included file '/app/synopsys/installers/vcs/W-2024.09//etc/uvm-1.2/comps/uvm_pair.svh'.
Back to file '/app/synopsys/installers/vcs/W-2024.09//etc/uvm-1.2/comps/uvm_comps.svh'.
Parsing included file '/app/synopsys/installers/vcs/W-2024.09//etc/uvm-1.2/comps/uvm_policies.svh'.
Back to file '/app/synopsys/installers/vcs/W-2024.09//etc/uvm-1.2/comps/uvm_comps.svh'.
Parsing included file '/app/synopsys/installers/vcs/W-2024.09//etc/uvm-1.2/comps/uvm_in_order_comparator.svh'.
Back to file '/app/synopsys/installers/vcs/W-2024.09//etc/uvm-1.2/comps/uvm_comps.svh'.
Parsing included file '/app/synopsys/installers/vcs/W-2024.09//etc/uvm-1.2/comps/uvm_algorithmic_comparator.svh'.
Back to file '/app/synopsys/installers/vcs/W-2024.09//etc/uvm-1.2/comps/uvm_comps.svh'.
Parsing included file '/app/synopsys/installers/vcs/W-2024.09//etc/uvm-1.2/comps/uvm_random_stimulus.svh'.
Back to file '/app/synopsys/installers/vcs/W-2024.09//etc/uvm-1.2/comps/uvm_comps.svh'.
Parsing included file '/app/synopsys/installers/vcs/W-2024.09//etc/uvm-1.2/comps/uvm_subscriber.svh'.
Back to file '/app/synopsys/installers/vcs/W-2024.09//etc/uvm-1.2/comps/uvm_comps.svh'.
Parsing included file '/app/synopsys/installers/vcs/W-2024.09//etc/uvm-1.2/comps/uvm_monitor.svh'.
Back to file '/app/synopsys/installers/vcs/W-2024.09//etc/uvm-1.2/comps/uvm_comps.svh'.
Parsing included file '/app/synopsys/installers/vcs/W-2024.09//etc/uvm-1.2/comps/uvm_driver.svh'.
Back to file '/app/synopsys/installers/vcs/W-2024.09//etc/uvm-1.2/comps/uvm_comps.svh'.
Parsing included file '/app/synopsys/installers/vcs/W-2024.09//etc/uvm-1.2/comps/uvm_push_driver.svh'.
Back to file '/app/synopsys/installers/vcs/W-2024.09//etc/uvm-1.2/comps/uvm_comps.svh'.
Parsing included file '/app/synopsys/installers/vcs/W-2024.09//etc/uvm-1.2/comps/uvm_scoreboard.svh'.
Back to file '/app/synopsys/installers/vcs/W-2024.09//etc/uvm-1.2/comps/uvm_comps.svh'.
Parsing included file '/app/synopsys/installers/vcs/W-2024.09//etc/uvm-1.2/comps/uvm_agent.svh'.
Back to file '/app/synopsys/installers/vcs/W-2024.09//etc/uvm-1.2/comps/uvm_comps.svh'.
Parsing included file '/app/synopsys/installers/vcs/W-2024.09//etc/uvm-1.2/comps/uvm_env.svh'.
Back to file '/app/synopsys/installers/vcs/W-2024.09//etc/uvm-1.2/comps/uvm_comps.svh'.
Parsing included file '/app/synopsys/installers/vcs/W-2024.09//etc/uvm-1.2/comps/uvm_test.svh'.
Back to file '/app/synopsys/installers/vcs/W-2024.09//etc/uvm-1.2/comps/uvm_comps.svh'.
Back to file '/app/synopsys/installers/vcs/W-2024.09//etc/uvm-1.2/uvm_pkg.sv'.
Parsing included file '/app/synopsys/installers/vcs/W-2024.09//etc/uvm-1.2/seq/uvm_seq.svh'.
Parsing included file '/app/synopsys/installers/vcs/W-2024.09//etc/uvm-1.2/seq/uvm_sequence_item.svh'.
Back to file '/app/synopsys/installers/vcs/W-2024.09//etc/uvm-1.2/seq/uvm_seq.svh'.
Parsing included file '/app/synopsys/installers/vcs/W-2024.09//etc/uvm-1.2/seq/uvm_sequencer_base.svh'.
Back to file '/app/synopsys/installers/vcs/W-2024.09//etc/uvm-1.2/seq/uvm_seq.svh'.
Parsing included file '/app/synopsys/installers/vcs/W-2024.09//etc/uvm-1.2/seq/uvm_sequencer_analysis_fifo.svh'.
Back to file '/app/synopsys/installers/vcs/W-2024.09//etc/uvm-1.2/seq/uvm_seq.svh'.
Parsing included file '/app/synopsys/installers/vcs/W-2024.09//etc/uvm-1.2/seq/uvm_sequencer_param_base.svh'.
Back to file '/app/synopsys/installers/vcs/W-2024.09//etc/uvm-1.2/seq/uvm_seq.svh'.
Parsing included file '/app/synopsys/installers/vcs/W-2024.09//etc/uvm-1.2/seq/uvm_sequencer.svh'.
Back to file '/app/synopsys/installers/vcs/W-2024.09//etc/uvm-1.2/seq/uvm_seq.svh'.
Parsing included file '/app/synopsys/installers/vcs/W-2024.09//etc/uvm-1.2/seq/uvm_push_sequencer.svh'.
Back to file '/app/synopsys/installers/vcs/W-2024.09//etc/uvm-1.2/seq/uvm_seq.svh'.
Parsing included file '/app/synopsys/installers/vcs/W-2024.09//etc/uvm-1.2/seq/uvm_sequence_base.svh'.
Back to file '/app/synopsys/installers/vcs/W-2024.09//etc/uvm-1.2/seq/uvm_seq.svh'.
Parsing included file '/app/synopsys/installers/vcs/W-2024.09//etc/uvm-1.2/seq/uvm_sequence.svh'.
Back to file '/app/synopsys/installers/vcs/W-2024.09//etc/uvm-1.2/seq/uvm_seq.svh'.
Parsing included file '/app/synopsys/installers/vcs/W-2024.09//etc/uvm-1.2/seq/uvm_sequence_library.svh'.
Back to file '/app/synopsys/installers/vcs/W-2024.09//etc/uvm-1.2/seq/uvm_seq.svh'.
Parsing included file '/app/synopsys/installers/vcs/W-2024.09//etc/uvm-1.2/seq/uvm_sequence_builtin.svh'.
Back to file '/app/synopsys/installers/vcs/W-2024.09//etc/uvm-1.2/seq/uvm_seq.svh'.
Back to file '/app/synopsys/installers/vcs/W-2024.09//etc/uvm-1.2/uvm_pkg.sv'.
Parsing included file '/app/synopsys/installers/vcs/W-2024.09//etc/uvm-1.2/tlm2/uvm_tlm2.svh'.
Parsing included file '/app/synopsys/installers/vcs/W-2024.09//etc/uvm-1.2/tlm2/uvm_tlm2_defines.svh'.
Back to file '/app/synopsys/installers/vcs/W-2024.09//etc/uvm-1.2/tlm2/uvm_tlm2.svh'.
Parsing included file '/app/synopsys/installers/vcs/W-2024.09//etc/uvm-1.2/tlm2/uvm_tlm2_time.svh'.
Back to file '/app/synopsys/installers/vcs/W-2024.09//etc/uvm-1.2/tlm2/uvm_tlm2.svh'.
Parsing included file '/app/synopsys/installers/vcs/W-2024.09//etc/uvm-1.2/tlm2/uvm_tlm2_generic_payload.svh'.
Back to file '/app/synopsys/installers/vcs/W-2024.09//etc/uvm-1.2/tlm2/uvm_tlm2.svh'.
Parsing included file '/app/synopsys/installers/vcs/W-2024.09//etc/uvm-1.2/tlm2/uvm_tlm2_ifs.svh'.
Back to file '/app/synopsys/installers/vcs/W-2024.09//etc/uvm-1.2/tlm2/uvm_tlm2.svh'.
Parsing included file '/app/synopsys/installers/vcs/W-2024.09//etc/uvm-1.2/tlm2/uvm_tlm2_imps.svh'.
Back to file '/app/synopsys/installers/vcs/W-2024.09//etc/uvm-1.2/tlm2/uvm_tlm2.svh'.
Parsing included file '/app/synopsys/installers/vcs/W-2024.09//etc/uvm-1.2/tlm2/uvm_tlm2_ports.svh'.
Back to file '/app/synopsys/installers/vcs/W-2024.09//etc/uvm-1.2/tlm2/uvm_tlm2.svh'.
Parsing included file '/app/synopsys/installers/vcs/W-2024.09//etc/uvm-1.2/tlm2/uvm_tlm2_exports.svh'.
Back to file '/app/synopsys/installers/vcs/W-2024.09//etc/uvm-1.2/tlm2/uvm_tlm2.svh'.
Parsing included file '/app/synopsys/installers/vcs/W-2024.09//etc/uvm-1.2/tlm2/uvm_tlm2_sockets_base.svh'.
Back to file '/app/synopsys/installers/vcs/W-2024.09//etc/uvm-1.2/tlm2/uvm_tlm2.svh'.
Parsing included file '/app/synopsys/installers/vcs/W-2024.09//etc/uvm-1.2/tlm2/uvm_tlm2_sockets.svh'.
Back to file '/app/synopsys/installers/vcs/W-2024.09//etc/uvm-1.2/tlm2/uvm_tlm2.svh'.
Back to file '/app/synopsys/installers/vcs/W-2024.09//etc/uvm-1.2/uvm_pkg.sv'.
Parsing included file '/app/synopsys/installers/vcs/W-2024.09//etc/uvm-1.2/reg/uvm_reg_model.svh'.
Parsing included file '/app/synopsys/installers/vcs/W-2024.09//etc/uvm-1.2/reg/uvm_reg_item.svh'.
Back to file '/app/synopsys/installers/vcs/W-2024.09//etc/uvm-1.2/reg/uvm_reg_model.svh'.
Parsing included file '/app/synopsys/installers/vcs/W-2024.09//etc/uvm-1.2/reg/uvm_reg_adapter.svh'.
Back to file '/app/synopsys/installers/vcs/W-2024.09//etc/uvm-1.2/reg/uvm_reg_model.svh'.
Parsing included file '/app/synopsys/installers/vcs/W-2024.09//etc/uvm-1.2/reg/uvm_reg_predictor.svh'.
Back to file '/app/synopsys/installers/vcs/W-2024.09//etc/uvm-1.2/reg/uvm_reg_model.svh'.
Parsing included file '/app/synopsys/installers/vcs/W-2024.09//etc/uvm-1.2/reg/uvm_reg_sequence.svh'.
Back to file '/app/synopsys/installers/vcs/W-2024.09//etc/uvm-1.2/reg/uvm_reg_model.svh'.
Parsing included file '/app/synopsys/installers/vcs/W-2024.09//etc/uvm-1.2/reg/uvm_reg_cbs.svh'.
Back to file '/app/synopsys/installers/vcs/W-2024.09//etc/uvm-1.2/reg/uvm_reg_model.svh'.
Parsing included file '/app/synopsys/installers/vcs/W-2024.09//etc/uvm-1.2/reg/uvm_reg_backdoor.svh'.
Back to file '/app/synopsys/installers/vcs/W-2024.09//etc/uvm-1.2/reg/uvm_reg_model.svh'.
Parsing included file '/app/synopsys/installers/vcs/W-2024.09//etc/uvm-1.2/reg/uvm_reg_field.svh'.
Back to file '/app/synopsys/installers/vcs/W-2024.09//etc/uvm-1.2/reg/uvm_reg_model.svh'.
Parsing included file '/app/synopsys/installers/vcs/W-2024.09//etc/uvm-1.2/reg/uvm_vreg_field.svh'.
Back to file '/app/synopsys/installers/vcs/W-2024.09//etc/uvm-1.2/reg/uvm_reg_model.svh'.
Parsing included file '/app/synopsys/installers/vcs/W-2024.09//etc/uvm-1.2/reg/uvm_reg.svh'.
Back to file '/app/synopsys/installers/vcs/W-2024.09//etc/uvm-1.2/reg/uvm_reg_model.svh'.
Parsing included file '/app/synopsys/installers/vcs/W-2024.09//etc/uvm-1.2/reg/uvm_reg_indirect.svh'.
Back to file '/app/synopsys/installers/vcs/W-2024.09//etc/uvm-1.2/reg/uvm_reg_model.svh'.
Parsing included file '/app/synopsys/installers/vcs/W-2024.09//etc/uvm-1.2/reg/uvm_reg_fifo.svh'.
Back to file '/app/synopsys/installers/vcs/W-2024.09//etc/uvm-1.2/reg/uvm_reg_model.svh'.
Parsing included file '/app/synopsys/installers/vcs/W-2024.09//etc/uvm-1.2/reg/uvm_reg_file.svh'.
Back to file '/app/synopsys/installers/vcs/W-2024.09//etc/uvm-1.2/reg/uvm_reg_model.svh'.
Parsing included file '/app/synopsys/installers/vcs/W-2024.09//etc/uvm-1.2/reg/uvm_mem_mam.svh'.
Back to file '/app/synopsys/installers/vcs/W-2024.09//etc/uvm-1.2/reg/uvm_reg_model.svh'.
Parsing included file '/app/synopsys/installers/vcs/W-2024.09//etc/uvm-1.2/reg/uvm_vreg.svh'.
Back to file '/app/synopsys/installers/vcs/W-2024.09//etc/uvm-1.2/reg/uvm_reg_model.svh'.
Parsing included file '/app/synopsys/installers/vcs/W-2024.09//etc/uvm-1.2/reg/uvm_mem.svh'.
Back to file '/app/synopsys/installers/vcs/W-2024.09//etc/uvm-1.2/reg/uvm_reg_model.svh'.
Parsing included file '/app/synopsys/installers/vcs/W-2024.09//etc/uvm-1.2/reg/uvm_reg_map.svh'.
Back to file '/app/synopsys/installers/vcs/W-2024.09//etc/uvm-1.2/reg/uvm_reg_model.svh'.
Parsing included file '/app/synopsys/installers/vcs/W-2024.09//etc/uvm-1.2/reg/uvm_reg_block.svh'.
Back to file '/app/synopsys/installers/vcs/W-2024.09//etc/uvm-1.2/reg/uvm_reg_model.svh'.
Parsing included file '/app/synopsys/installers/vcs/W-2024.09//etc/uvm-1.2/reg/sequences/uvm_reg_hw_reset_seq.svh'.
Back to file '/app/synopsys/installers/vcs/W-2024.09//etc/uvm-1.2/reg/uvm_reg_model.svh'.
Parsing included file '/app/synopsys/installers/vcs/W-2024.09//etc/uvm-1.2/reg/sequences/uvm_reg_bit_bash_seq.svh'.
Back to file '/app/synopsys/installers/vcs/W-2024.09//etc/uvm-1.2/reg/uvm_reg_model.svh'.
Parsing included file '/app/synopsys/installers/vcs/W-2024.09//etc/uvm-1.2/reg/sequences/uvm_mem_walk_seq.svh'.
Back to file '/app/synopsys/installers/vcs/W-2024.09//etc/uvm-1.2/reg/uvm_reg_model.svh'.
Parsing included file '/app/synopsys/installers/vcs/W-2024.09//etc/uvm-1.2/reg/sequences/uvm_mem_access_seq.svh'.
Back to file '/app/synopsys/installers/vcs/W-2024.09//etc/uvm-1.2/reg/uvm_reg_model.svh'.
Parsing included file '/app/synopsys/installers/vcs/W-2024.09//etc/uvm-1.2/reg/sequences/uvm_reg_access_seq.svh'.
Back to file '/app/synopsys/installers/vcs/W-2024.09//etc/uvm-1.2/reg/uvm_reg_model.svh'.
Parsing included file '/app/synopsys/installers/vcs/W-2024.09//etc/uvm-1.2/reg/sequences/uvm_reg_mem_shared_access_seq.svh'.
Back to file '/app/synopsys/installers/vcs/W-2024.09//etc/uvm-1.2/reg/uvm_reg_model.svh'.
Parsing included file '/app/synopsys/installers/vcs/W-2024.09//etc/uvm-1.2/reg/sequences/uvm_reg_mem_built_in_seq.svh'.
Back to file '/app/synopsys/installers/vcs/W-2024.09//etc/uvm-1.2/reg/uvm_reg_model.svh'.
Parsing included file '/app/synopsys/installers/vcs/W-2024.09//etc/uvm-1.2/reg/sequences/uvm_reg_mem_hdl_paths_seq.svh'.
Back to file '/app/synopsys/installers/vcs/W-2024.09//etc/uvm-1.2/reg/uvm_reg_model.svh'.
Parsing included file '/app/synopsys/installers/vcs/W-2024.09//etc/uvm-1.2/reg/snps_uvm_reg_bank.svh'.
Back to file '/app/synopsys/installers/vcs/W-2024.09//etc/uvm-1.2/reg/uvm_reg_model.svh'.
Back to file '/app/synopsys/installers/vcs/W-2024.09//etc/uvm-1.2/uvm_pkg.sv'.
Parsing included file '/app/synopsys/installers/vcs/W-2024.09//etc/uvm-1.2/vcs/vcs_uvm_alt.sv'.
Back to file '/app/synopsys/installers/vcs/W-2024.09//etc/uvm-1.2/uvm_pkg.sv'.
Parsing design file '/app/synopsys/installers/vcs/W-2024.09//etc/uvm-1.2/vcs/uvm_custom_install_vcs_recorder.sv'
Parsing included file '/app/synopsys/installers/vcs/W-2024.09//etc/uvm-1.2/vcs/msglog.svh'.
Back to file '/app/synopsys/installers/vcs/W-2024.09//etc/uvm-1.2/vcs/uvm_custom_install_vcs_recorder.sv'.
Parsing included file '/app/synopsys/installers/vcs/W-2024.09//etc/uvm-1.2/vcs/uvm_msglog_report_server.sv'.
Back to file '/app/synopsys/installers/vcs/W-2024.09//etc/uvm-1.2/vcs/uvm_custom_install_vcs_recorder.sv'.
Parsing included file '/app/synopsys/installers/vcs/W-2024.09//etc/uvm-1.2/vcs/uvm_vcs_recorder.svh'.
Parsing included file '/app/synopsys/installers/vcs/W-2024.09//etc/uvm-1.2/vcs/uvm_vcs_tr_database.svh'.
Parsing included file '/app/synopsys/installers/vcs/W-2024.09//etc/uvm-1.2/vcs/uvm_vcs_tr_stream.svh'.
Back to file '/app/synopsys/installers/vcs/W-2024.09//etc/uvm-1.2/vcs/uvm_vcs_tr_database.svh'.
Back to file '/app/synopsys/installers/vcs/W-2024.09//etc/uvm-1.2/vcs/uvm_vcs_recorder.svh'.
Back to file '/app/synopsys/installers/vcs/W-2024.09//etc/uvm-1.2/vcs/uvm_custom_install_vcs_recorder.sv'.
Parsing included file '/app/synopsys/installers/vcs/W-2024.09//etc/uvm-1.2/vcs/uvm_vcs_record_interface.sv'.
Back to file '/app/synopsys/installers/vcs/W-2024.09//etc/uvm-1.2/vcs/uvm_custom_install_vcs_recorder.sv'.
Parsing design file '/app/synopsys/installers/vcs/W-2024.09//etc/uvm-1.2/verdi/uvm_custom_install_verdi_recorder.sv'
Parsing included file '/app/synopsys/installers/vcs/W-2024.09//etc/uvm-1.2/uvm_macros.svh'.
Back to file '/app/synopsys/installers/vcs/W-2024.09//etc/uvm-1.2/verdi/uvm_custom_install_verdi_recorder.sv'.
Parsing included file '/app/synopsys/installers/vcs/W-2024.09//etc/uvm-1.2/verdi/uvm_verdi_recorder.svh'.
Parsing included file '/app/synopsys/installers/vcs/W-2024.09//etc/uvm-1.2/verdi/uvm_verdi_pli_base.svh'.
Back to file '/app/synopsys/installers/vcs/W-2024.09//etc/uvm-1.2/verdi/uvm_verdi_recorder.svh'.
Parsing included file '/app/synopsys/installers/vcs/W-2024.09//etc/uvm-1.2/verdi/uvm_verdi_tr_database.svh'.
Parsing included file '/app/synopsys/installers/vcs/W-2024.09//etc/uvm-1.2/verdi/uvm_verdi_tr_stream.svh'.
Back to file '/app/synopsys/installers/vcs/W-2024.09//etc/uvm-1.2/verdi/uvm_verdi_tr_database.svh'.
Back to file '/app/synopsys/installers/vcs/W-2024.09//etc/uvm-1.2/verdi/uvm_verdi_recorder.svh'.
Back to file '/app/synopsys/installers/vcs/W-2024.09//etc/uvm-1.2/verdi/uvm_custom_install_verdi_recorder.sv'.
Parsing included file '/app/synopsys/installers/vcs/W-2024.09//etc/uvm-1.2/verdi/uvm_verdi_reg_map_recording.sv'.
Back to file '/app/synopsys/installers/vcs/W-2024.09//etc/uvm-1.2/verdi/uvm_custom_install_verdi_recorder.sv'.
Parsing included file '/app/synopsys/installers/vcs/W-2024.09//etc/uvm-1.2/verdi/uvm_verdi_message_catcher.svh'.
Parsing included file '/app/synopsys/installers/vcs/W-2024.09//etc/uvm-1.2/verdi/uvm_verdi_pli_base.svh'.
Back to file '/app/synopsys/installers/vcs/W-2024.09//etc/uvm-1.2/verdi/uvm_verdi_message_catcher.svh'.
Back to file '/app/synopsys/installers/vcs/W-2024.09//etc/uvm-1.2/verdi/uvm_custom_install_verdi_recorder.sv'.
Parsing included file '/app/synopsys/installers/vcs/W-2024.09//etc/uvm-1.2/verdi/uvm_verdi_factory.svh'.
Back to file '/app/synopsys/installers/vcs/W-2024.09//etc/uvm-1.2/verdi/uvm_custom_install_verdi_recorder.sv'.
Parsing included file '/app/synopsys/installers/vcs/W-2024.09//etc/uvm-1.2/verdi/./dpi/uvm_verdi_dpi.svh'.
Back to file '/app/synopsys/installers/vcs/W-2024.09//etc/uvm-1.2/verdi/uvm_custom_install_verdi_recorder.sv'.
Parsing included file '/app/synopsys/installers/vcs/W-2024.09//etc/uvm-1.2/verdi/uvm_verdi_reg_recording.sv'.
Back to file '/app/synopsys/installers/vcs/W-2024.09//etc/uvm-1.2/verdi/uvm_custom_install_verdi_recorder.sv'.
Parsing included file '/app/synopsys/installers/verdi/X-2025.06/share/PLI/VCS/include/verdi_trans_recorder_dpi.svh'.
Back to file '/app/synopsys/installers/vcs/W-2024.09//etc/uvm-1.2/verdi/uvm_custom_install_verdi_recorder.sv'.
Parsing included file '/app/synopsys/installers/vcs/W-2024.09//etc/uvm-1.2/verdi/uvm_verdi_pli.svh'.
Back to file '/app/synopsys/installers/vcs/W-2024.09//etc/uvm-1.2/verdi/uvm_custom_install_verdi_recorder.sv'.
Parsing design file '/app/synopsys/installers/vcs/W-2024.09//etc/uvm-1.2/verdi/uvm_custom_install_verdi_recorder.sv'
Parsing design file '/home/dvft1103/dvft11/uvm/apb_project/verification/tb/apb_interface.sv'
Parsing design file '/home/dvft1103/dvft11/uvm/apb_project/verification/agent/apb_agent_package.svp'
Parsing included file '/app/synopsys/installers/vcs/W-2024.09//etc/uvm-1.2/uvm_macros.svh'.
Back to file '/home/dvft1103/dvft11/uvm/apb_project/verification/agent/apb_agent_package.svp'.
Parsing included file '/home/dvft1103/dvft11/uvm/apb_project/verification/agent/apb_sequence_item.sv'.
Back to file '/home/dvft1103/dvft11/uvm/apb_project/verification/agent/apb_agent_package.svp'.
Parsing included file '/home/dvft1103/dvft11/uvm/apb_project/verification/agent/apb_sequencer.sv'.
Back to file '/home/dvft1103/dvft11/uvm/apb_project/verification/agent/apb_agent_package.svp'.
Parsing included file '/home/dvft1103/dvft11/uvm/apb_project/verification/agent/apb_driver.sv'.
Back to file '/home/dvft1103/dvft11/uvm/apb_project/verification/agent/apb_agent_package.svp'.
Parsing included file '/home/dvft1103/dvft11/uvm/apb_project/verification/agent/apb_active_monitor.sv'.
Back to file '/home/dvft1103/dvft11/uvm/apb_project/verification/agent/apb_agent_package.svp'.
Parsing included file '/home/dvft1103/dvft11/uvm/apb_project/verification/agent/apb_active_agent.sv'.
Back to file '/home/dvft1103/dvft11/uvm/apb_project/verification/agent/apb_agent_package.svp'.
Parsing included file '/home/dvft1103/dvft11/uvm/apb_project/verification/agent/apb_passive_monitor.sv'.
Back to file '/home/dvft1103/dvft11/uvm/apb_project/verification/agent/apb_agent_package.svp'.
Parsing included file '/home/dvft1103/dvft11/uvm/apb_project/verification/agent/apb_passive_agent.sv'.
Back to file '/home/dvft1103/dvft11/uvm/apb_project/verification/agent/apb_agent_package.svp'.
Parsing design file '/home/dvft1103/dvft11/uvm/apb_project/verification/env/apb_env_package.svp'
Parsing included file '/app/synopsys/installers/vcs/W-2024.09//etc/uvm-1.2/uvm_macros.svh'.
Back to file '/home/dvft1103/dvft11/uvm/apb_project/verification/env/apb_env_package.svp'.
Parsing included file '/home/dvft1103/dvft11/uvm/apb_project/verification/env/apb_score_board.sv'.
Back to file '/home/dvft1103/dvft11/uvm/apb_project/verification/env/apb_env_package.svp'.
Parsing included file '/home/dvft1103/dvft11/uvm/apb_project/verification/env/apb_coverage.sv'.
Back to file '/home/dvft1103/dvft11/uvm/apb_project/verification/env/apb_env_package.svp'.
Parsing included file '/home/dvft1103/dvft11/uvm/apb_project/verification/env/apb_env.sv'.
Back to file '/home/dvft1103/dvft11/uvm/apb_project/verification/env/apb_env_package.svp'.
Parsing design file '/home/dvft1103/dvft11/uvm/apb_project/verification/test/apb_test_package.svp'
Parsing included file '/app/synopsys/installers/vcs/W-2024.09//etc/uvm-1.2/uvm_macros.svh'.
Back to file '/home/dvft1103/dvft11/uvm/apb_project/verification/test/apb_test_package.svp'.
Parsing included file '/home/dvft1103/dvft11/uvm/apb_project/verification/test/apb_error_seq.sv'.
Back to file '/home/dvft1103/dvft11/uvm/apb_project/verification/test/apb_test_package.svp'.
Parsing included file '/home/dvft1103/dvft11/uvm/apb_project/verification/test/apb_read_seq.sv'.
Back to file '/home/dvft1103/dvft11/uvm/apb_project/verification/test/apb_test_package.svp'.
Parsing included file '/home/dvft1103/dvft11/uvm/apb_project/verification/test/apb_write_seq.sv'.
Back to file '/home/dvft1103/dvft11/uvm/apb_project/verification/test/apb_test_package.svp'.
Parsing included file '/home/dvft1103/dvft11/uvm/apb_project/verification/test/apb_rw_seq.sv'.
Back to file '/home/dvft1103/dvft11/uvm/apb_project/verification/test/apb_test_package.svp'.
Parsing included file '/home/dvft1103/dvft11/uvm/apb_project/verification/test/apb_con_psel_seq.sv'.
Back to file '/home/dvft1103/dvft11/uvm/apb_project/verification/test/apb_test_package.svp'.
Parsing included file '/home/dvft1103/dvft11/uvm/apb_project/verification/test/apb_test.sv'.
Back to file '/home/dvft1103/dvft11/uvm/apb_project/verification/test/apb_test_package.svp'.
Parsing design file '/home/dvft1103/dvft11/uvm/apb_project/design/apb_slave_design.sv'
Parsing design file '/home/dvft1103/dvft11/uvm/apb_project/verification/tb/apb_top.sv'
Parsing included file '/app/synopsys/installers/vcs/W-2024.09//etc/uvm-1.2/uvm_macros.svh'.
Back to file '/home/dvft1103/dvft11/uvm/apb_project/verification/tb/apb_top.sv'.
Top Level Modules:
       uvm_custom_install_recording
       uvm_custom_install_verdi_recording
       apb_top
No TimeScale specified
VCS Coverage Metrics Release W-2024.09_Full64 Copyright (c) 1991-2024 by Synopsys Inc.
Notice: Ports coerced to inout, use -notice for details
Starting vcs inline pass...
11 modules and 0 UDP read.
recompiling package vcs_paramclassrepository
recompiling package _vcs_DPI_package
recompiling package uvm_pkg
recompiling package _vcs_msglog
recompiling module uvm_custom_install_recording
recompiling module uvm_custom_install_verdi_recording
recompiling module apb_interface
recompiling package apb_agent_package
recompiling package apb_env_package
recompiling package apb_test_package
recompiling module apb_top
All of 11 modules done
make[1]: Entering directory '/home/dvft1103/dvft11/uvm/apb_project/run/csrc'
rm -f _cuarc*.so _csrc*.so pre_vcsobj_*.so share_vcsobj_*.so
g++ -w  -pipe -DVCSMX -DUVM_DPI_DO_TYPE_CHECK -fPIC -O -I/app/synopsys/installers/vcs/W-2024.09/include \
-c /app/synopsys/installers/vcs/W-2024.09//etc/uvm-1.2/dpi/uvm_dpi.cc
g++ -w  -pipe -DVCSMX -DUVM_DPI_DO_TYPE_CHECK -fPIC -O -I/app/synopsys/installers/vcs/W-2024.09/include \
-c /app/synopsys/installers/vcs/W-2024.09//etc/uvm-1.2/verdi/dpi/uvm_verdi_dpi.cpp \

if [ -x ../simv ]; then chmod a-x ../simv; fi
g++  -o ../simv      -rdynamic  -Wl,-rpath='$ORIGIN'/simv.daidir -Wl,-rpath=./simv.daidir \
-Wl,-rpath=/app/synopsys/installers/vcs/W-2024.09/linux64/lib -L/app/synopsys/installers/vcs/W-2024.09/linux64/lib \
-Wl,-rpath-link=./  /usr/lib64/libnuma.so.1 uvm_dpi.o uvm_verdi_dpi.o   objs/amcQw_d.o \
_908404_archive_1.so   SIM_l.o      rmapats_mop.o rmapats.o rmar.o rmar_nd.o  rmar_llvm_0_1.o \
rmar_llvm_0_0.o            -lvirsim -lerrorinf -lsnpsmalloc -lvfs    -lvcsnew -lsimprofile \
-lreader_common /app/synopsys/installers/vcs/W-2024.09/linux64/lib/libBA.a -luclinative \
/app/synopsys/installers/vcs/W-2024.09/linux64/lib/vcs_tls.o   -Wl,-whole-archive \
-lvcsucli    -Wl,-no-whole-archive       ./../simv.daidir/vc_hdrs.o  _vcs_pli_stub_.o \
/app/synopsys/installers/vcs/W-2024.09/linux64/lib/vcs_save_restore_new.o /app/synopsys/installers/verdi/X-2025.06/share/PLI/VCS/LINUX64/pli.a \
-ldl  -lc -lm -lpthread -ldl 
../simv up to date
make[1]: Leaving directory '/home/dvft1103/dvft11/uvm/apb_project/run/csrc'
Command: /home/dvft1103/dvft11/uvm/apb_project/run/./simv -a debug.log -cm_runsilent -cm line+tgl+cond+fsm+branch+assert
Chronologic VCS simulator copyright 1991-2024
Contains Synopsys proprietary information.
Compiler version W-2024.09_Full64; Runtime version W-2024.09_Full64;  May 21 23:14 2026
UVM_INFO /app/synopsys/installers/vcs/W-2024.09//etc/uvm-1.2/base/uvm_root.svh(402) @ 0: reporter [UVM/RELNOTES] 
----------------------------------------------------------------
UVM-1.2.Synopsys
(C) 2007-2014 Mentor Graphics Corporation
(C) 2007-2014 Cadence Design Systems, Inc.
(C) 2006-2014 Synopsys, Inc.
(C) 2011-2013 Cypress Semiconductor Corp.
(C) 2013-2014 NVIDIA Corporation
----------------------------------------------------------------

  ***********       IMPORTANT RELEASE NOTES         ************

  You are using a version of the UVM library that has been compiled
  with `UVM_NO_DEPRECATED undefined.
  See http://www.eda.org/svdb/view.php?id=3313 for more details.

  You are using a version of the UVM library that has been compiled
  with `UVM_OBJECT_DO_NOT_NEED_CONSTRUCTOR undefined.
  See http://www.eda.org/svdb/view.php?id=3770 for more details.

      (Specify +UVM_NO_RELNOTES to turn off this notice)

UVM_INFO /home/dvft1103/dvft11/uvm/apb_project/verification/tb/apb_top.sv(33) @ 0: reporter [APB_TOP] Before run test
UVM_INFO @ 0: reporter [RNTST] Running test apb_test...
"/home/dvft1103/dvft11/uvm/apb_project/verification/tb/apb_interface.sv", 60: apb_top.intf_h.preset_check: started at 5s failed at 5s
	Offending '((!psel) && (!penable))'
UVM_INFO /home/dvft1103/dvft11/uvm/apb_project/verification/agent/apb_driver.sv(38) @ 5: uvm_test_top.env_h.act_agent_h.drv_h [DRV] Entered to RESET LOGIC
UVM_INFO /home/dvft1103/dvft11/uvm/apb_project/verification/test/apb_error_seq.sv(35) @ 25: uvm_test_top.env_h.act_agent_h.seqr_h@@error_h [apb_error_seq] Dispalying From apb_error_seq=-----------------------------------------------------------------------------------------------------
Name                           Type               Size  Value                                        
-----------------------------------------------------------------------------------------------------
seq_h                          apb_sequence_item  -     @718                                         
  psel                         integral           1     'h0                                          
  continuous_psel              integral           1     'h0                                          
  penable                      integral           1     'h0                                          
  pready                       integral           1     'h0                                          
  paddr                        integral           32    'hffffffff                                   
  pwrite                       integral           1     'h0                                          
  prdata                       integral           32    'h0                                          
  pwdata                       integral           32    'h8b334277                                   
  pslverr                      integral           1     'h0                                          
  apb_state                    apb_state_e        2     ""                                           
  begin_time                   time               64    25                                           
  depth                        int                32    'd2                                          
  parent sequence (name)       string             7     error_h                                      
  parent sequence (full name)  string             45    uvm_test_top.env_h.act_agent_h.seqr_h.error_h
  sequencer                    string             37    uvm_test_top.env_h.act_agent_h.seqr_h        
-----------------------------------------------------------------------------------------------------

UVM_INFO /home/dvft1103/dvft11/uvm/apb_project/verification/agent/apb_driver.sv(52) @ 25: uvm_test_top.env_h.act_agent_h.drv_h [DRIVER] Displaying from apb_driver=-----------------------------------------------------------------------------------------------------
Name                           Type               Size  Value                                        
-----------------------------------------------------------------------------------------------------
seq_h                          apb_sequence_item  -     @718                                         
  psel                         integral           1     'h0                                          
  continuous_psel              integral           1     'h0                                          
  penable                      integral           1     'h0                                          
  pready                       integral           1     'h0                                          
  paddr                        integral           32    'hffffffff                                   
  pwrite                       integral           1     'h0                                          
  prdata                       integral           32    'h0                                          
  pwdata                       integral           32    'h8b334277                                   
  pslverr                      integral           1     'h0                                          
  apb_state                    apb_state_e        2     ""                                           
  begin_time                   time               64    25                                           
  depth                        int                32    'd2                                          
  parent sequence (name)       string             7     error_h                                      
  parent sequence (full name)  string             45    uvm_test_top.env_h.act_agent_h.seqr_h.error_h
  sequencer                    string             37    uvm_test_top.env_h.act_agent_h.seqr_h        
-----------------------------------------------------------------------------------------------------

UVM_INFO /home/dvft1103/dvft11/uvm/apb_project/verification/agent/apb_driver.sv(63) @ 25: uvm_test_top.env_h.act_agent_h.drv_h [[DRV]] Entered SETUP State
UVM_INFO /home/dvft1103/dvft11/uvm/apb_project/verification/env/apb_score_board.sv(51) @ 30: uvm_test_top.env_h.sb_h [[SB]] [ACTIVE] paddr=0x0 pwrite=0 pwdata=0x0 prdata=0x0 pslverr=0
UVM_INFO /home/dvft1103/dvft11/uvm/apb_project/verification/agent/apb_active_monitor.sv(57) @ 30: uvm_test_top.env_h.act_agent_h.act_mon_h [[ACTIVE_MON]] setup detected:::::- ------------------------------------------------------
Name               Type               Size  Value     
------------------------------------------------------
seq_h              apb_sequence_item  -     @759      
  psel             integral           1     'h1       
  continuous_psel  integral           1     'h0       
  penable          integral           1     'h0       
  pready           integral           1     'h1       
  paddr            integral           32    'hffffffff
  pwrite           integral           1     'h0       
  prdata           integral           32    'h0       
  pwdata           integral           32    'h8b334277
  pslverr          integral           1     'h0       
  apb_state        apb_state_e        2     IDLE      
------------------------------------------------------

UVM_INFO /home/dvft1103/dvft11/uvm/apb_project/verification/env/apb_score_board.sv(51) @ 30: uvm_test_top.env_h.sb_h [[SB]] [ACTIVE] paddr=0xffffffff pwrite=0 pwdata=0x8b334277 prdata=0x0 pslverr=0
UVM_INFO /home/dvft1103/dvft11/uvm/apb_project/verification/env/apb_score_board.sv(61) @ 30: uvm_test_top.env_h.sb_h [[SB]] [PASSIVE] paddr=0x0 pwrite=0 pwdata=0x0 prdata=0x0 pslverr=0
UVM_WARNING /home/dvft1103/dvft11/uvm/apb_project/verification/env/apb_score_board.sv(150) @ 30: uvm_test_top.env_h.sb_h [[SB]] [30] READ from uninitialised addr 0x0 --- no ref
UVM_INFO /home/dvft1103/dvft11/uvm/apb_project/verification/agent/apb_passive_monitor.sv(52) @ 30: uvm_test_top.env_h.pas_agent_h.pas_mon_h [[PASSIVE_MON]] setup detected:::::- ------------------------------------------------------
Name               Type               Size  Value     
------------------------------------------------------
seq_h              apb_sequence_item  -     @785      
  psel             integral           1     'h1       
  continuous_psel  integral           1     'h0       
  penable          integral           1     'h0       
  pready           integral           1     'h1       
  paddr            integral           32    'hffffffff
  pwrite           integral           1     'h0       
  prdata           integral           32    'h0       
  pwdata           integral           32    'h8b334277
  pslverr          integral           1     'h0       
  apb_state        apb_state_e        2     IDLE      
------------------------------------------------------

UVM_INFO /home/dvft1103/dvft11/uvm/apb_project/verification/env/apb_score_board.sv(61) @ 30: uvm_test_top.env_h.sb_h [[SB]] [PASSIVE] paddr=0xffffffff pwrite=0 pwdata=0x8b334277 prdata=0x0 pslverr=0
UVM_WARNING /home/dvft1103/dvft11/uvm/apb_project/verification/env/apb_score_board.sv(150) @ 30: uvm_test_top.env_h.sb_h [[SB]] [30] READ from uninitialised addr 0xffffffff --- no ref
UVM_INFO /home/dvft1103/dvft11/uvm/apb_project/verification/agent/apb_driver.sv(81) @ 35: uvm_test_top.env_h.act_agent_h.drv_h [[DRV]] Entered ACCESS State
UVM_INFO /home/dvft1103/dvft11/uvm/apb_project/verification/env/apb_score_board.sv(51) @ 40: uvm_test_top.env_h.sb_h [[SB]] [ACTIVE] paddr=0xffffffff pwrite=0 pwdata=0x8b334277 prdata=0x0 pslverr=0
UVM_INFO /home/dvft1103/dvft11/uvm/apb_project/verification/env/apb_score_board.sv(51) @ 40: uvm_test_top.env_h.sb_h [[SB]] [ACTIVE] paddr=0xffffffff pwrite=0 pwdata=0x8b334277 prdata=0x0 pslverr=1
UVM_INFO /home/dvft1103/dvft11/uvm/apb_project/verification/agent/apb_active_monitor.sv(85) @ 40: uvm_test_top.env_h.act_agent_h.act_mon_h [[ACTIVE_MON]]  Transaction sent to scoreboard
UVM_INFO /home/dvft1103/dvft11/uvm/apb_project/verification/env/apb_score_board.sv(61) @ 40: uvm_test_top.env_h.sb_h [[SB]] [PASSIVE] paddr=0xffffffff pwrite=0 pwdata=0x8b334277 prdata=0x0 pslverr=0
UVM_WARNING /home/dvft1103/dvft11/uvm/apb_project/verification/env/apb_score_board.sv(150) @ 40: uvm_test_top.env_h.sb_h [[SB]] [40] READ from uninitialised addr 0xffffffff --- no ref
UVM_INFO /home/dvft1103/dvft11/uvm/apb_project/verification/env/apb_score_board.sv(61) @ 40: uvm_test_top.env_h.sb_h [[SB]] [PASSIVE] paddr=0xffffffff pwrite=0 pwdata=0x8b334277 prdata=0x0 pslverr=1
UVM_ERROR /home/dvft1103/dvft11/uvm/apb_project/verification/env/apb_score_board.sv(84) @ 40: uvm_test_top.env_h.sb_h [[SB]] [40] SLAVE ERROR:paddr=0xffffffff pwrite =0x0 act_pslverr=1 pas_pslverr=1
UVM_INFO /home/dvft1103/dvft11/uvm/apb_project/verification/agent/apb_passive_monitor.sv(79) @ 40: uvm_test_top.env_h.pas_agent_h.pas_mon_h [[PASSIVE_MON]]  Transaction sent to scoreboard
UVM_INFO /home/dvft1103/dvft11/uvm/apb_project/verification/agent/apb_driver.sv(107) @ 45: uvm_test_top.env_h.act_agent_h.drv_h [[DRV]] Pready occured at wait_count=0 4294967295 2335392375
UVM_INFO /home/dvft1103/dvft11/uvm/apb_project/verification/agent/apb_driver.sv(110) @ 55: uvm_test_top.env_h.act_agent_h.drv_h [[DRV]] Transaction completed
UVM_INFO /home/dvft1103/dvft11/uvm/apb_project/verification/test/apb_error_seq.sv(35) @ 65: uvm_test_top.env_h.act_agent_h.seqr_h@@error_h [apb_error_seq] Dispalying From apb_error_seq=-----------------------------------------------------------------------------------------------------
Name                           Type               Size  Value                                        
-----------------------------------------------------------------------------------------------------
seq_h                          apb_sequence_item  -     @870                                         
  psel                         integral           1     'h0                                          
  continuous_psel              integral           1     'h0                                          
  penable                      integral           1     'h0                                          
  pready                       integral           1     'h0                                          
  paddr                        integral           32    'hffffffff                                   
  pwrite                       integral           1     'h0                                          
  prdata                       integral           32    'h0                                          
  pwdata                       integral           32    'h53c1183                                    
  pslverr                      integral           1     'h0                                          
  apb_state                    apb_state_e        2     ""                                           
  begin_time                   time               64    65                                           
  depth                        int                32    'd2                                          
  parent sequence (name)       string             7     error_h                                      
  parent sequence (full name)  string             45    uvm_test_top.env_h.act_agent_h.seqr_h.error_h
  sequencer                    string             37    uvm_test_top.env_h.act_agent_h.seqr_h        
-----------------------------------------------------------------------------------------------------

UVM_INFO /home/dvft1103/dvft11/uvm/apb_project/verification/agent/apb_driver.sv(52) @ 65: uvm_test_top.env_h.act_agent_h.drv_h [DRIVER] Displaying from apb_driver=-----------------------------------------------------------------------------------------------------
Name                           Type               Size  Value                                        
-----------------------------------------------------------------------------------------------------
seq_h                          apb_sequence_item  -     @870                                         
  psel                         integral           1     'h0                                          
  continuous_psel              integral           1     'h0                                          
  penable                      integral           1     'h0                                          
  pready                       integral           1     'h0                                          
  paddr                        integral           32    'hffffffff                                   
  pwrite                       integral           1     'h0                                          
  prdata                       integral           32    'h0                                          
  pwdata                       integral           32    'h53c1183                                    
  pslverr                      integral           1     'h0                                          
  apb_state                    apb_state_e        2     ""                                           
  begin_time                   time               64    65                                           
  depth                        int                32    'd2                                          
  parent sequence (name)       string             7     error_h                                      
  parent sequence (full name)  string             45    uvm_test_top.env_h.act_agent_h.seqr_h.error_h
  sequencer                    string             37    uvm_test_top.env_h.act_agent_h.seqr_h        
-----------------------------------------------------------------------------------------------------

UVM_INFO /home/dvft1103/dvft11/uvm/apb_project/verification/agent/apb_driver.sv(63) @ 65: uvm_test_top.env_h.act_agent_h.drv_h [[DRV]] Entered SETUP State
UVM_INFO /home/dvft1103/dvft11/uvm/apb_project/verification/env/apb_score_board.sv(51) @ 70: uvm_test_top.env_h.sb_h [[SB]] [ACTIVE] paddr=0x0 pwrite=0 pwdata=0x0 prdata=0x0 pslverr=0
UVM_INFO /home/dvft1103/dvft11/uvm/apb_project/verification/agent/apb_active_monitor.sv(57) @ 70: uvm_test_top.env_h.act_agent_h.act_mon_h [[ACTIVE_MON]] setup detected:::::- ------------------------------------------------------
Name               Type               Size  Value     
------------------------------------------------------
seq_h              apb_sequence_item  -     @884      
  psel             integral           1     'h1       
  continuous_psel  integral           1     'h0       
  penable          integral           1     'h0       
  pready           integral           1     'h0       
  paddr            integral           32    'hffffffff
  pwrite           integral           1     'h0       
  prdata           integral           32    'h0       
  pwdata           integral           32    'h53c1183 
  pslverr          integral           1     'h0       
  apb_state        apb_state_e        2     IDLE      
------------------------------------------------------

UVM_INFO /home/dvft1103/dvft11/uvm/apb_project/verification/env/apb_score_board.sv(51) @ 70: uvm_test_top.env_h.sb_h [[SB]] [ACTIVE] paddr=0xffffffff pwrite=0 pwdata=0x53c1183 prdata=0x0 pslverr=0
UVM_INFO /home/dvft1103/dvft11/uvm/apb_project/verification/env/apb_score_board.sv(61) @ 70: uvm_test_top.env_h.sb_h [[SB]] [PASSIVE] paddr=0x0 pwrite=0 pwdata=0x0 prdata=0x0 pslverr=0
UVM_WARNING /home/dvft1103/dvft11/uvm/apb_project/verification/env/apb_score_board.sv(150) @ 70: uvm_test_top.env_h.sb_h [[SB]] [70] READ from uninitialised addr 0x0 --- no ref
UVM_INFO /home/dvft1103/dvft11/uvm/apb_project/verification/agent/apb_passive_monitor.sv(52) @ 70: uvm_test_top.env_h.pas_agent_h.pas_mon_h [[PASSIVE_MON]] setup detected:::::- ------------------------------------------------------
Name               Type               Size  Value     
------------------------------------------------------
seq_h              apb_sequence_item  -     @910      
  psel             integral           1     'h1       
  continuous_psel  integral           1     'h0       
  penable          integral           1     'h0       
  pready           integral           1     'h0       
  paddr            integral           32    'hffffffff
  pwrite           integral           1     'h0       
  prdata           integral           32    'h0       
  pwdata           integral           32    'h53c1183 
  pslverr          integral           1     'h0       
  apb_state        apb_state_e        2     IDLE      
------------------------------------------------------

UVM_INFO /home/dvft1103/dvft11/uvm/apb_project/verification/env/apb_score_board.sv(61) @ 70: uvm_test_top.env_h.sb_h [[SB]] [PASSIVE] paddr=0xffffffff pwrite=0 pwdata=0x53c1183 prdata=0x0 pslverr=0
UVM_WARNING /home/dvft1103/dvft11/uvm/apb_project/verification/env/apb_score_board.sv(150) @ 70: uvm_test_top.env_h.sb_h [[SB]] [70] READ from uninitialised addr 0xffffffff --- no ref
UVM_INFO /home/dvft1103/dvft11/uvm/apb_project/verification/agent/apb_driver.sv(81) @ 75: uvm_test_top.env_h.act_agent_h.drv_h [[DRV]] Entered ACCESS State
UVM_INFO /home/dvft1103/dvft11/uvm/apb_project/verification/env/apb_score_board.sv(51) @ 80: uvm_test_top.env_h.sb_h [[SB]] [ACTIVE] paddr=0xffffffff pwrite=0 pwdata=0x53c1183 prdata=0x0 pslverr=0
UVM_INFO /home/dvft1103/dvft11/uvm/apb_project/verification/env/apb_score_board.sv(61) @ 80: uvm_test_top.env_h.sb_h [[SB]] [PASSIVE] paddr=0xffffffff pwrite=0 pwdata=0x53c1183 prdata=0x0 pslverr=0
UVM_WARNING /home/dvft1103/dvft11/uvm/apb_project/verification/env/apb_score_board.sv(150) @ 80: uvm_test_top.env_h.sb_h [[SB]] [80] READ from uninitialised addr 0xffffffff --- no ref
"/home/dvft1103/dvft11/uvm/apb_project/verification/tb/apb_interface.sv", 102: apb_top.intf_h.pready_waiting: started at 35s failed at 95s
	Offending 'pready'
UVM_INFO /home/dvft1103/dvft11/uvm/apb_project/verification/agent/apb_driver.sv(107) @ 95: uvm_test_top.env_h.act_agent_h.drv_h [[DRV]] Pready occured at wait_count=1 4294967295 87822723
UVM_INFO /home/dvft1103/dvft11/uvm/apb_project/verification/env/apb_score_board.sv(51) @ 100: uvm_test_top.env_h.sb_h [[SB]] [ACTIVE] paddr=0xffffffff pwrite=0 pwdata=0x53c1183 prdata=0x0 pslverr=1
UVM_INFO /home/dvft1103/dvft11/uvm/apb_project/verification/agent/apb_active_monitor.sv(85) @ 100: uvm_test_top.env_h.act_agent_h.act_mon_h [[ACTIVE_MON]]  Transaction sent to scoreboard
UVM_INFO /home/dvft1103/dvft11/uvm/apb_project/verification/env/apb_score_board.sv(61) @ 100: uvm_test_top.env_h.sb_h [[SB]] [PASSIVE] paddr=0xffffffff pwrite=0 pwdata=0x53c1183 prdata=0x0 pslverr=1
UVM_ERROR /home/dvft1103/dvft11/uvm/apb_project/verification/env/apb_score_board.sv(84) @ 100: uvm_test_top.env_h.sb_h [[SB]] [100] SLAVE ERROR:paddr=0xffffffff pwrite =0x0 act_pslverr=1 pas_pslverr=1
UVM_INFO /home/dvft1103/dvft11/uvm/apb_project/verification/agent/apb_passive_monitor.sv(79) @ 100: uvm_test_top.env_h.pas_agent_h.pas_mon_h [[PASSIVE_MON]]  Transaction sent to scoreboard
UVM_INFO /home/dvft1103/dvft11/uvm/apb_project/verification/agent/apb_driver.sv(110) @ 105: uvm_test_top.env_h.act_agent_h.drv_h [[DRV]] Transaction completed
UVM_INFO /home/dvft1103/dvft11/uvm/apb_project/verification/test/apb_error_seq.sv(35) @ 115: uvm_test_top.env_h.act_agent_h.seqr_h@@error_h [apb_error_seq] Dispalying From apb_error_seq=-----------------------------------------------------------------------------------------------------
Name                           Type               Size  Value                                        
-----------------------------------------------------------------------------------------------------
seq_h                          apb_sequence_item  -     @994                                         
  psel                         integral           1     'h0                                          
  continuous_psel              integral           1     'h0                                          
  penable                      integral           1     'h0                                          
  pready                       integral           1     'h0                                          
  paddr                        integral           32    'hffffffff                                   
  pwrite                       integral           1     'h0                                          
  prdata                       integral           32    'h0                                          
  pwdata                       integral           32    'hcde7c59f                                   
  pslverr                      integral           1     'h0                                          
  apb_state                    apb_state_e        2     ""                                           
  begin_time                   time               64    115                                          
  depth                        int                32    'd2                                          
  parent sequence (name)       string             7     error_h                                      
  parent sequence (full name)  string             45    uvm_test_top.env_h.act_agent_h.seqr_h.error_h
  sequencer                    string             37    uvm_test_top.env_h.act_agent_h.seqr_h        
-----------------------------------------------------------------------------------------------------

UVM_INFO /home/dvft1103/dvft11/uvm/apb_project/verification/agent/apb_driver.sv(52) @ 115: uvm_test_top.env_h.act_agent_h.drv_h [DRIVER] Displaying from apb_driver=-----------------------------------------------------------------------------------------------------
Name                           Type               Size  Value                                        
-----------------------------------------------------------------------------------------------------
seq_h                          apb_sequence_item  -     @994                                         
  psel                         integral           1     'h0                                          
  continuous_psel              integral           1     'h0                                          
  penable                      integral           1     'h0                                          
  pready                       integral           1     'h0                                          
  paddr                        integral           32    'hffffffff                                   
  pwrite                       integral           1     'h0                                          
  prdata                       integral           32    'h0                                          
  pwdata                       integral           32    'hcde7c59f                                   
  pslverr                      integral           1     'h0                                          
  apb_state                    apb_state_e        2     ""                                           
  begin_time                   time               64    115                                          
  depth                        int                32    'd2                                          
  parent sequence (name)       string             7     error_h                                      
  parent sequence (full name)  string             45    uvm_test_top.env_h.act_agent_h.seqr_h.error_h
  sequencer                    string             37    uvm_test_top.env_h.act_agent_h.seqr_h        
-----------------------------------------------------------------------------------------------------

UVM_INFO /home/dvft1103/dvft11/uvm/apb_project/verification/agent/apb_driver.sv(63) @ 115: uvm_test_top.env_h.act_agent_h.drv_h [[DRV]] Entered SETUP State
UVM_INFO /home/dvft1103/dvft11/uvm/apb_project/verification/env/apb_score_board.sv(51) @ 120: uvm_test_top.env_h.sb_h [[SB]] [ACTIVE] paddr=0x0 pwrite=0 pwdata=0x0 prdata=0x0 pslverr=0
UVM_INFO /home/dvft1103/dvft11/uvm/apb_project/verification/agent/apb_active_monitor.sv(57) @ 120: uvm_test_top.env_h.act_agent_h.act_mon_h [[ACTIVE_MON]] setup detected:::::- ------------------------------------------------------
Name               Type               Size  Value     
------------------------------------------------------
seq_h              apb_sequence_item  -     @1008     
  psel             integral           1     'h1       
  continuous_psel  integral           1     'h0       
  penable          integral           1     'h0       
  pready           integral           1     'h1       
  paddr            integral           32    'hffffffff
  pwrite           integral           1     'h0       
  prdata           integral           32    'h0       
  pwdata           integral           32    'hcde7c59f
  pslverr          integral           1     'h0       
  apb_state        apb_state_e        2     IDLE      
------------------------------------------------------

UVM_INFO /home/dvft1103/dvft11/uvm/apb_project/verification/env/apb_score_board.sv(51) @ 120: uvm_test_top.env_h.sb_h [[SB]] [ACTIVE] paddr=0xffffffff pwrite=0 pwdata=0xcde7c59f prdata=0x0 pslverr=0
UVM_INFO /home/dvft1103/dvft11/uvm/apb_project/verification/env/apb_score_board.sv(61) @ 120: uvm_test_top.env_h.sb_h [[SB]] [PASSIVE] paddr=0x0 pwrite=0 pwdata=0x0 prdata=0x0 pslverr=0
UVM_WARNING /home/dvft1103/dvft11/uvm/apb_project/verification/env/apb_score_board.sv(150) @ 120: uvm_test_top.env_h.sb_h [[SB]] [120] READ from uninitialised addr 0x0 --- no ref
UVM_INFO /home/dvft1103/dvft11/uvm/apb_project/verification/agent/apb_passive_monitor.sv(52) @ 120: uvm_test_top.env_h.pas_agent_h.pas_mon_h [[PASSIVE_MON]] setup detected:::::- ------------------------------------------------------
Name               Type               Size  Value     
------------------------------------------------------
seq_h              apb_sequence_item  -     @1034     
  psel             integral           1     'h1       
  continuous_psel  integral           1     'h0       
  penable          integral           1     'h0       
  pready           integral           1     'h1       
  paddr            integral           32    'hffffffff
  pwrite           integral           1     'h0       
  prdata           integral           32    'h0       
  pwdata           integral           32    'hcde7c59f
  pslverr          integral           1     'h0       
  apb_state        apb_state_e        2     IDLE      
------------------------------------------------------

UVM_INFO /home/dvft1103/dvft11/uvm/apb_project/verification/env/apb_score_board.sv(61) @ 120: uvm_test_top.env_h.sb_h [[SB]] [PASSIVE] paddr=0xffffffff pwrite=0 pwdata=0xcde7c59f prdata=0x0 pslverr=0
UVM_WARNING /home/dvft1103/dvft11/uvm/apb_project/verification/env/apb_score_board.sv(150) @ 120: uvm_test_top.env_h.sb_h [[SB]] [120] READ from uninitialised addr 0xffffffff --- no ref
UVM_INFO /home/dvft1103/dvft11/uvm/apb_project/verification/agent/apb_driver.sv(81) @ 125: uvm_test_top.env_h.act_agent_h.drv_h [[DRV]] Entered ACCESS State
UVM_INFO /home/dvft1103/dvft11/uvm/apb_project/verification/env/apb_score_board.sv(51) @ 130: uvm_test_top.env_h.sb_h [[SB]] [ACTIVE] paddr=0xffffffff pwrite=0 pwdata=0xcde7c59f prdata=0x0 pslverr=0
UVM_INFO /home/dvft1103/dvft11/uvm/apb_project/verification/env/apb_score_board.sv(61) @ 130: uvm_test_top.env_h.sb_h [[SB]] [PASSIVE] paddr=0xffffffff pwrite=0 pwdata=0xcde7c59f prdata=0x0 pslverr=0
UVM_WARNING /home/dvft1103/dvft11/uvm/apb_project/verification/env/apb_score_board.sv(150) @ 130: uvm_test_top.env_h.sb_h [[SB]] [130] READ from uninitialised addr 0xffffffff --- no ref
UVM_INFO /home/dvft1103/dvft11/uvm/apb_project/verification/agent/apb_driver.sv(107) @ 145: uvm_test_top.env_h.act_agent_h.drv_h [[DRV]] Pready occured at wait_count=1 4294967295 3454518687
UVM_INFO /home/dvft1103/dvft11/uvm/apb_project/verification/env/apb_score_board.sv(51) @ 150: uvm_test_top.env_h.sb_h [[SB]] [ACTIVE] paddr=0xffffffff pwrite=0 pwdata=0xcde7c59f prdata=0x0 pslverr=1
UVM_INFO /home/dvft1103/dvft11/uvm/apb_project/verification/agent/apb_active_monitor.sv(85) @ 150: uvm_test_top.env_h.act_agent_h.act_mon_h [[ACTIVE_MON]]  Transaction sent to scoreboard
UVM_INFO /home/dvft1103/dvft11/uvm/apb_project/verification/env/apb_score_board.sv(61) @ 150: uvm_test_top.env_h.sb_h [[SB]] [PASSIVE] paddr=0xffffffff pwrite=0 pwdata=0xcde7c59f prdata=0x0 pslverr=1
UVM_ERROR /home/dvft1103/dvft11/uvm/apb_project/verification/env/apb_score_board.sv(84) @ 150: uvm_test_top.env_h.sb_h [[SB]] [150] SLAVE ERROR:paddr=0xffffffff pwrite =0x0 act_pslverr=1 pas_pslverr=1
UVM_INFO /home/dvft1103/dvft11/uvm/apb_project/verification/agent/apb_passive_monitor.sv(79) @ 150: uvm_test_top.env_h.pas_agent_h.pas_mon_h [[PASSIVE_MON]]  Transaction sent to scoreboard
UVM_INFO /home/dvft1103/dvft11/uvm/apb_project/verification/agent/apb_driver.sv(110) @ 155: uvm_test_top.env_h.act_agent_h.drv_h [[DRV]] Transaction completed
UVM_INFO /home/dvft1103/dvft11/uvm/apb_project/verification/test/apb_error_seq.sv(35) @ 165: uvm_test_top.env_h.act_agent_h.seqr_h@@error_h [apb_error_seq] Dispalying From apb_error_seq=-----------------------------------------------------------------------------------------------------
Name                           Type               Size  Value                                        
-----------------------------------------------------------------------------------------------------
seq_h                          apb_sequence_item  -     @1118                                        
  psel                         integral           1     'h0                                          
  continuous_psel              integral           1     'h0                                          
  penable                      integral           1     'h0                                          
  pready                       integral           1     'h0                                          
  paddr                        integral           32    'hffffffff                                   
  pwrite                       integral           1     'h0                                          
  prdata                       integral           32    'h0                                          
  pwdata                       integral           32    'hb4552366                                   
  pslverr                      integral           1     'h0                                          
  apb_state                    apb_state_e        2     ""                                           
  begin_time                   time               64    165                                          
  depth                        int                32    'd2                                          
  parent sequence (name)       string             7     error_h                                      
  parent sequence (full name)  string             45    uvm_test_top.env_h.act_agent_h.seqr_h.error_h
  sequencer                    string             37    uvm_test_top.env_h.act_agent_h.seqr_h        
-----------------------------------------------------------------------------------------------------

UVM_INFO /home/dvft1103/dvft11/uvm/apb_project/verification/agent/apb_driver.sv(52) @ 165: uvm_test_top.env_h.act_agent_h.drv_h [DRIVER] Displaying from apb_driver=-----------------------------------------------------------------------------------------------------
Name                           Type               Size  Value                                        
-----------------------------------------------------------------------------------------------------
seq_h                          apb_sequence_item  -     @1118                                        
  psel                         integral           1     'h0                                          
  continuous_psel              integral           1     'h0                                          
  penable                      integral           1     'h0                                          
  pready                       integral           1     'h0                                          
  paddr                        integral           32    'hffffffff                                   
  pwrite                       integral           1     'h0                                          
  prdata                       integral           32    'h0                                          
  pwdata                       integral           32    'hb4552366                                   
  pslverr                      integral           1     'h0                                          
  apb_state                    apb_state_e        2     ""                                           
  begin_time                   time               64    165                                          
  depth                        int                32    'd2                                          
  parent sequence (name)       string             7     error_h                                      
  parent sequence (full name)  string             45    uvm_test_top.env_h.act_agent_h.seqr_h.error_h
  sequencer                    string             37    uvm_test_top.env_h.act_agent_h.seqr_h        
-----------------------------------------------------------------------------------------------------

UVM_INFO /home/dvft1103/dvft11/uvm/apb_project/verification/agent/apb_driver.sv(63) @ 165: uvm_test_top.env_h.act_agent_h.drv_h [[DRV]] Entered SETUP State
UVM_INFO /home/dvft1103/dvft11/uvm/apb_project/verification/env/apb_score_board.sv(51) @ 170: uvm_test_top.env_h.sb_h [[SB]] [ACTIVE] paddr=0x0 pwrite=0 pwdata=0x0 prdata=0x0 pslverr=0
UVM_INFO /home/dvft1103/dvft11/uvm/apb_project/verification/agent/apb_active_monitor.sv(57) @ 170: uvm_test_top.env_h.act_agent_h.act_mon_h [[ACTIVE_MON]] setup detected:::::- ------------------------------------------------------
Name               Type               Size  Value     
------------------------------------------------------
seq_h              apb_sequence_item  -     @1132     
  psel             integral           1     'h1       
  continuous_psel  integral           1     'h0       
  penable          integral           1     'h0       
  pready           integral           1     'h1       
  paddr            integral           32    'hffffffff
  pwrite           integral           1     'h0       
  prdata           integral           32    'h0       
  pwdata           integral           32    'hb4552366
  pslverr          integral           1     'h0       
  apb_state        apb_state_e        2     IDLE      
------------------------------------------------------

UVM_INFO /home/dvft1103/dvft11/uvm/apb_project/verification/env/apb_score_board.sv(51) @ 170: uvm_test_top.env_h.sb_h [[SB]] [ACTIVE] paddr=0xffffffff pwrite=0 pwdata=0xb4552366 prdata=0x0 pslverr=0
UVM_INFO /home/dvft1103/dvft11/uvm/apb_project/verification/env/apb_score_board.sv(61) @ 170: uvm_test_top.env_h.sb_h [[SB]] [PASSIVE] paddr=0x0 pwrite=0 pwdata=0x0 prdata=0x0 pslverr=0
UVM_WARNING /home/dvft1103/dvft11/uvm/apb_project/verification/env/apb_score_board.sv(150) @ 170: uvm_test_top.env_h.sb_h [[SB]] [170] READ from uninitialised addr 0x0 --- no ref
UVM_INFO /home/dvft1103/dvft11/uvm/apb_project/verification/agent/apb_passive_monitor.sv(52) @ 170: uvm_test_top.env_h.pas_agent_h.pas_mon_h [[PASSIVE_MON]] setup detected:::::- ------------------------------------------------------
Name               Type               Size  Value     
------------------------------------------------------
seq_h              apb_sequence_item  -     @1158     
  psel             integral           1     'h1       
  continuous_psel  integral           1     'h0       
  penable          integral           1     'h0       
  pready           integral           1     'h1       
  paddr            integral           32    'hffffffff
  pwrite           integral           1     'h0       
  prdata           integral           32    'h0       
  pwdata           integral           32    'hb4552366
  pslverr          integral           1     'h0       
  apb_state        apb_state_e        2     IDLE      
------------------------------------------------------

UVM_INFO /home/dvft1103/dvft11/uvm/apb_project/verification/env/apb_score_board.sv(61) @ 170: uvm_test_top.env_h.sb_h [[SB]] [PASSIVE] paddr=0xffffffff pwrite=0 pwdata=0xb4552366 prdata=0x0 pslverr=0
UVM_WARNING /home/dvft1103/dvft11/uvm/apb_project/verification/env/apb_score_board.sv(150) @ 170: uvm_test_top.env_h.sb_h [[SB]] [170] READ from uninitialised addr 0xffffffff --- no ref
UVM_INFO /home/dvft1103/dvft11/uvm/apb_project/verification/agent/apb_driver.sv(81) @ 175: uvm_test_top.env_h.act_agent_h.drv_h [[DRV]] Entered ACCESS State
UVM_INFO /home/dvft1103/dvft11/uvm/apb_project/verification/env/apb_score_board.sv(51) @ 180: uvm_test_top.env_h.sb_h [[SB]] [ACTIVE] paddr=0xffffffff pwrite=0 pwdata=0xb4552366 prdata=0x0 pslverr=0
UVM_INFO /home/dvft1103/dvft11/uvm/apb_project/verification/env/apb_score_board.sv(61) @ 180: uvm_test_top.env_h.sb_h [[SB]] [PASSIVE] paddr=0xffffffff pwrite=0 pwdata=0xb4552366 prdata=0x0 pslverr=0
UVM_WARNING /home/dvft1103/dvft11/uvm/apb_project/verification/env/apb_score_board.sv(150) @ 180: uvm_test_top.env_h.sb_h [[SB]] [180] READ from uninitialised addr 0xffffffff --- no ref
UVM_INFO /home/dvft1103/dvft11/uvm/apb_project/verification/agent/apb_driver.sv(107) @ 185: uvm_test_top.env_h.act_agent_h.drv_h [[DRV]] Pready occured at wait_count=0 4294967295 3025478502
UVM_INFO /home/dvft1103/dvft11/uvm/apb_project/verification/env/apb_score_board.sv(51) @ 190: uvm_test_top.env_h.sb_h [[SB]] [ACTIVE] paddr=0xffffffff pwrite=0 pwdata=0xb4552366 prdata=0x0 pslverr=1
UVM_INFO /home/dvft1103/dvft11/uvm/apb_project/verification/agent/apb_active_monitor.sv(85) @ 190: uvm_test_top.env_h.act_agent_h.act_mon_h [[ACTIVE_MON]]  Transaction sent to scoreboard
UVM_INFO /home/dvft1103/dvft11/uvm/apb_project/verification/env/apb_score_board.sv(61) @ 190: uvm_test_top.env_h.sb_h [[SB]] [PASSIVE] paddr=0xffffffff pwrite=0 pwdata=0xb4552366 prdata=0x0 pslverr=1
UVM_ERROR /home/dvft1103/dvft11/uvm/apb_project/verification/env/apb_score_board.sv(84) @ 190: uvm_test_top.env_h.sb_h [[SB]] [190] SLAVE ERROR:paddr=0xffffffff pwrite =0x0 act_pslverr=1 pas_pslverr=1
UVM_INFO /home/dvft1103/dvft11/uvm/apb_project/verification/agent/apb_passive_monitor.sv(79) @ 190: uvm_test_top.env_h.pas_agent_h.pas_mon_h [[PASSIVE_MON]]  Transaction sent to scoreboard
UVM_INFO /home/dvft1103/dvft11/uvm/apb_project/verification/agent/apb_driver.sv(110) @ 195: uvm_test_top.env_h.act_agent_h.drv_h [[DRV]] Transaction completed
UVM_INFO /home/dvft1103/dvft11/uvm/apb_project/verification/test/apb_error_seq.sv(35) @ 205: uvm_test_top.env_h.act_agent_h.seqr_h@@error_h [apb_error_seq] Dispalying From apb_error_seq=-----------------------------------------------------------------------------------------------------
Name                           Type               Size  Value                                        
-----------------------------------------------------------------------------------------------------
seq_h                          apb_sequence_item  -     @1242                                        
  psel                         integral           1     'h0                                          
  continuous_psel              integral           1     'h0                                          
  penable                      integral           1     'h0                                          
  pready                       integral           1     'h0                                          
  paddr                        integral           32    'hffffffff                                   
  pwrite                       integral           1     'h0                                          
  prdata                       integral           32    'h0                                          
  pwdata                       integral           32    'hf3bd5f28                                   
  pslverr                      integral           1     'h0                                          
  apb_state                    apb_state_e        2     ""                                           
  begin_time                   time               64    205                                          
  depth                        int                32    'd2                                          
  parent sequence (name)       string             7     error_h                                      
  parent sequence (full name)  string             45    uvm_test_top.env_h.act_agent_h.seqr_h.error_h
  sequencer                    string             37    uvm_test_top.env_h.act_agent_h.seqr_h        
-----------------------------------------------------------------------------------------------------

UVM_INFO /home/dvft1103/dvft11/uvm/apb_project/verification/agent/apb_driver.sv(52) @ 205: uvm_test_top.env_h.act_agent_h.drv_h [DRIVER] Displaying from apb_driver=-----------------------------------------------------------------------------------------------------
Name                           Type               Size  Value                                        
-----------------------------------------------------------------------------------------------------
seq_h                          apb_sequence_item  -     @1242                                        
  psel                         integral           1     'h0                                          
  continuous_psel              integral           1     'h0                                          
  penable                      integral           1     'h0                                          
  pready                       integral           1     'h0                                          
  paddr                        integral           32    'hffffffff                                   
  pwrite                       integral           1     'h0                                          
  prdata                       integral           32    'h0                                          
  pwdata                       integral           32    'hf3bd5f28                                   
  pslverr                      integral           1     'h0                                          
  apb_state                    apb_state_e        2     ""                                           
  begin_time                   time               64    205                                          
  depth                        int                32    'd2                                          
  parent sequence (name)       string             7     error_h                                      
  parent sequence (full name)  string             45    uvm_test_top.env_h.act_agent_h.seqr_h.error_h
  sequencer                    string             37    uvm_test_top.env_h.act_agent_h.seqr_h        
-----------------------------------------------------------------------------------------------------

UVM_INFO /home/dvft1103/dvft11/uvm/apb_project/verification/agent/apb_driver.sv(63) @ 205: uvm_test_top.env_h.act_agent_h.drv_h [[DRV]] Entered SETUP State
UVM_INFO /home/dvft1103/dvft11/uvm/apb_project/verification/env/apb_score_board.sv(51) @ 210: uvm_test_top.env_h.sb_h [[SB]] [ACTIVE] paddr=0x0 pwrite=0 pwdata=0x0 prdata=0x0 pslverr=0
UVM_INFO /home/dvft1103/dvft11/uvm/apb_project/verification/agent/apb_active_monitor.sv(57) @ 210: uvm_test_top.env_h.act_agent_h.act_mon_h [[ACTIVE_MON]] setup detected:::::- ------------------------------------------------------
Name               Type               Size  Value     
------------------------------------------------------
seq_h              apb_sequence_item  -     @1256     
  psel             integral           1     'h1       
  continuous_psel  integral           1     'h0       
  penable          integral           1     'h0       
  pready           integral           1     'h1       
  paddr            integral           32    'hffffffff
  pwrite           integral           1     'h0       
  prdata           integral           32    'h0       
  pwdata           integral           32    'hf3bd5f28
  pslverr          integral           1     'h0       
  apb_state        apb_state_e        2     IDLE      
------------------------------------------------------

UVM_INFO /home/dvft1103/dvft11/uvm/apb_project/verification/env/apb_score_board.sv(51) @ 210: uvm_test_top.env_h.sb_h [[SB]] [ACTIVE] paddr=0xffffffff pwrite=0 pwdata=0xf3bd5f28 prdata=0x0 pslverr=0
UVM_INFO /home/dvft1103/dvft11/uvm/apb_project/verification/env/apb_score_board.sv(61) @ 210: uvm_test_top.env_h.sb_h [[SB]] [PASSIVE] paddr=0x0 pwrite=0 pwdata=0x0 prdata=0x0 pslverr=0
UVM_WARNING /home/dvft1103/dvft11/uvm/apb_project/verification/env/apb_score_board.sv(150) @ 210: uvm_test_top.env_h.sb_h [[SB]] [210] READ from uninitialised addr 0x0 --- no ref
UVM_INFO /home/dvft1103/dvft11/uvm/apb_project/verification/agent/apb_passive_monitor.sv(52) @ 210: uvm_test_top.env_h.pas_agent_h.pas_mon_h [[PASSIVE_MON]] setup detected:::::- ------------------------------------------------------
Name               Type               Size  Value     
------------------------------------------------------
seq_h              apb_sequence_item  -     @1282     
  psel             integral           1     'h1       
  continuous_psel  integral           1     'h0       
  penable          integral           1     'h0       
  pready           integral           1     'h1       
  paddr            integral           32    'hffffffff
  pwrite           integral           1     'h0       
  prdata           integral           32    'h0       
  pwdata           integral           32    'hf3bd5f28
  pslverr          integral           1     'h0       
  apb_state        apb_state_e        2     IDLE      
------------------------------------------------------

UVM_INFO /home/dvft1103/dvft11/uvm/apb_project/verification/env/apb_score_board.sv(61) @ 210: uvm_test_top.env_h.sb_h [[SB]] [PASSIVE] paddr=0xffffffff pwrite=0 pwdata=0xf3bd5f28 prdata=0x0 pslverr=0
UVM_WARNING /home/dvft1103/dvft11/uvm/apb_project/verification/env/apb_score_board.sv(150) @ 210: uvm_test_top.env_h.sb_h [[SB]] [210] READ from uninitialised addr 0xffffffff --- no ref
UVM_INFO /home/dvft1103/dvft11/uvm/apb_project/verification/agent/apb_driver.sv(81) @ 215: uvm_test_top.env_h.act_agent_h.drv_h [[DRV]] Entered ACCESS State
UVM_INFO /home/dvft1103/dvft11/uvm/apb_project/verification/env/apb_score_board.sv(51) @ 220: uvm_test_top.env_h.sb_h [[SB]] [ACTIVE] paddr=0xffffffff pwrite=0 pwdata=0xf3bd5f28 prdata=0x0 pslverr=0
UVM_INFO /home/dvft1103/dvft11/uvm/apb_project/verification/env/apb_score_board.sv(61) @ 220: uvm_test_top.env_h.sb_h [[SB]] [PASSIVE] paddr=0xffffffff pwrite=0 pwdata=0xf3bd5f28 prdata=0x0 pslverr=0
UVM_WARNING /home/dvft1103/dvft11/uvm/apb_project/verification/env/apb_score_board.sv(150) @ 220: uvm_test_top.env_h.sb_h [[SB]] [220] READ from uninitialised addr 0xffffffff --- no ref
UVM_INFO /home/dvft1103/dvft11/uvm/apb_project/verification/agent/apb_driver.sv(107) @ 225: uvm_test_top.env_h.act_agent_h.drv_h [[DRV]] Pready occured at wait_count=0 4294967295 4089274152
UVM_INFO /home/dvft1103/dvft11/uvm/apb_project/verification/env/apb_score_board.sv(51) @ 230: uvm_test_top.env_h.sb_h [[SB]] [ACTIVE] paddr=0xffffffff pwrite=0 pwdata=0xf3bd5f28 prdata=0x0 pslverr=1
UVM_INFO /home/dvft1103/dvft11/uvm/apb_project/verification/agent/apb_active_monitor.sv(85) @ 230: uvm_test_top.env_h.act_agent_h.act_mon_h [[ACTIVE_MON]]  Transaction sent to scoreboard
UVM_INFO /home/dvft1103/dvft11/uvm/apb_project/verification/env/apb_score_board.sv(61) @ 230: uvm_test_top.env_h.sb_h [[SB]] [PASSIVE] paddr=0xffffffff pwrite=0 pwdata=0xf3bd5f28 prdata=0x0 pslverr=1
UVM_ERROR /home/dvft1103/dvft11/uvm/apb_project/verification/env/apb_score_board.sv(84) @ 230: uvm_test_top.env_h.sb_h [[SB]] [230] SLAVE ERROR:paddr=0xffffffff pwrite =0x0 act_pslverr=1 pas_pslverr=1
UVM_INFO /home/dvft1103/dvft11/uvm/apb_project/verification/agent/apb_passive_monitor.sv(79) @ 230: uvm_test_top.env_h.pas_agent_h.pas_mon_h [[PASSIVE_MON]]  Transaction sent to scoreboard
UVM_INFO /home/dvft1103/dvft11/uvm/apb_project/verification/agent/apb_driver.sv(110) @ 235: uvm_test_top.env_h.act_agent_h.drv_h [[DRV]] Transaction completed
UVM_INFO /home/dvft1103/dvft11/uvm/apb_project/verification/test/apb_error_seq.sv(35) @ 245: uvm_test_top.env_h.act_agent_h.seqr_h@@error_h [apb_error_seq] Dispalying From apb_error_seq=-----------------------------------------------------------------------------------------------------
Name                           Type               Size  Value                                        
-----------------------------------------------------------------------------------------------------
seq_h                          apb_sequence_item  -     @1366                                        
  psel                         integral           1     'h0                                          
  continuous_psel              integral           1     'h0                                          
  penable                      integral           1     'h0                                          
  pready                       integral           1     'h0                                          
  paddr                        integral           32    'hffffffff                                   
  pwrite                       integral           1     'h0                                          
  prdata                       integral           32    'h0                                          
  pwdata                       integral           32    'hacaf27f8                                   
  pslverr                      integral           1     'h0                                          
  apb_state                    apb_state_e        2     ""                                           
  begin_time                   time               64    245                                          
  depth                        int                32    'd2                                          
  parent sequence (name)       string             7     error_h                                      
  parent sequence (full name)  string             45    uvm_test_top.env_h.act_agent_h.seqr_h.error_h
  sequencer                    string             37    uvm_test_top.env_h.act_agent_h.seqr_h        
-----------------------------------------------------------------------------------------------------

UVM_INFO /home/dvft1103/dvft11/uvm/apb_project/verification/agent/apb_driver.sv(52) @ 245: uvm_test_top.env_h.act_agent_h.drv_h [DRIVER] Displaying from apb_driver=-----------------------------------------------------------------------------------------------------
Name                           Type               Size  Value                                        
-----------------------------------------------------------------------------------------------------
seq_h                          apb_sequence_item  -     @1366                                        
  psel                         integral           1     'h0                                          
  continuous_psel              integral           1     'h0                                          
  penable                      integral           1     'h0                                          
  pready                       integral           1     'h0                                          
  paddr                        integral           32    'hffffffff                                   
  pwrite                       integral           1     'h0                                          
  prdata                       integral           32    'h0                                          
  pwdata                       integral           32    'hacaf27f8                                   
  pslverr                      integral           1     'h0                                          
  apb_state                    apb_state_e        2     ""                                           
  begin_time                   time               64    245                                          
  depth                        int                32    'd2                                          
  parent sequence (name)       string             7     error_h                                      
  parent sequence (full name)  string             45    uvm_test_top.env_h.act_agent_h.seqr_h.error_h
  sequencer                    string             37    uvm_test_top.env_h.act_agent_h.seqr_h        
-----------------------------------------------------------------------------------------------------

UVM_INFO /home/dvft1103/dvft11/uvm/apb_project/verification/agent/apb_driver.sv(63) @ 245: uvm_test_top.env_h.act_agent_h.drv_h [[DRV]] Entered SETUP State
UVM_INFO /home/dvft1103/dvft11/uvm/apb_project/verification/env/apb_score_board.sv(51) @ 250: uvm_test_top.env_h.sb_h [[SB]] [ACTIVE] paddr=0x0 pwrite=0 pwdata=0x0 prdata=0x0 pslverr=0
UVM_INFO /home/dvft1103/dvft11/uvm/apb_project/verification/agent/apb_active_monitor.sv(57) @ 250: uvm_test_top.env_h.act_agent_h.act_mon_h [[ACTIVE_MON]] setup detected:::::- ------------------------------------------------------
Name               Type               Size  Value     
------------------------------------------------------
seq_h              apb_sequence_item  -     @1380     
  psel             integral           1     'h1       
  continuous_psel  integral           1     'h0       
  penable          integral           1     'h0       
  pready           integral           1     'h1       
  paddr            integral           32    'hffffffff
  pwrite           integral           1     'h0       
  prdata           integral           32    'h0       
  pwdata           integral           32    'hacaf27f8
  pslverr          integral           1     'h0       
  apb_state        apb_state_e        2     IDLE      
------------------------------------------------------

UVM_INFO /home/dvft1103/dvft11/uvm/apb_project/verification/env/apb_score_board.sv(51) @ 250: uvm_test_top.env_h.sb_h [[SB]] [ACTIVE] paddr=0xffffffff pwrite=0 pwdata=0xacaf27f8 prdata=0x0 pslverr=0
UVM_INFO /home/dvft1103/dvft11/uvm/apb_project/verification/env/apb_score_board.sv(61) @ 250: uvm_test_top.env_h.sb_h [[SB]] [PASSIVE] paddr=0x0 pwrite=0 pwdata=0x0 prdata=0x0 pslverr=0
UVM_WARNING /home/dvft1103/dvft11/uvm/apb_project/verification/env/apb_score_board.sv(150) @ 250: uvm_test_top.env_h.sb_h [[SB]] [250] READ from uninitialised addr 0x0 --- no ref
UVM_INFO /home/dvft1103/dvft11/uvm/apb_project/verification/agent/apb_passive_monitor.sv(52) @ 250: uvm_test_top.env_h.pas_agent_h.pas_mon_h [[PASSIVE_MON]] setup detected:::::- ------------------------------------------------------
Name               Type               Size  Value     
------------------------------------------------------
seq_h              apb_sequence_item  -     @1406     
  psel             integral           1     'h1       
  continuous_psel  integral           1     'h0       
  penable          integral           1     'h0       
  pready           integral           1     'h1       
  paddr            integral           32    'hffffffff
  pwrite           integral           1     'h0       
  prdata           integral           32    'h0       
  pwdata           integral           32    'hacaf27f8
  pslverr          integral           1     'h0       
  apb_state        apb_state_e        2     IDLE      
------------------------------------------------------

UVM_INFO /home/dvft1103/dvft11/uvm/apb_project/verification/env/apb_score_board.sv(61) @ 250: uvm_test_top.env_h.sb_h [[SB]] [PASSIVE] paddr=0xffffffff pwrite=0 pwdata=0xacaf27f8 prdata=0x0 pslverr=0
UVM_WARNING /home/dvft1103/dvft11/uvm/apb_project/verification/env/apb_score_board.sv(150) @ 250: uvm_test_top.env_h.sb_h [[SB]] [250] READ from uninitialised addr 0xffffffff --- no ref
UVM_INFO /home/dvft1103/dvft11/uvm/apb_project/verification/agent/apb_driver.sv(81) @ 255: uvm_test_top.env_h.act_agent_h.drv_h [[DRV]] Entered ACCESS State
UVM_INFO /home/dvft1103/dvft11/uvm/apb_project/verification/env/apb_score_board.sv(51) @ 260: uvm_test_top.env_h.sb_h [[SB]] [ACTIVE] paddr=0xffffffff pwrite=0 pwdata=0xacaf27f8 prdata=0x0 pslverr=0
UVM_INFO /home/dvft1103/dvft11/uvm/apb_project/verification/env/apb_score_board.sv(51) @ 260: uvm_test_top.env_h.sb_h [[SB]] [ACTIVE] paddr=0xffffffff pwrite=0 pwdata=0xacaf27f8 prdata=0x0 pslverr=1
UVM_INFO /home/dvft1103/dvft11/uvm/apb_project/verification/agent/apb_active_monitor.sv(85) @ 260: uvm_test_top.env_h.act_agent_h.act_mon_h [[ACTIVE_MON]]  Transaction sent to scoreboard
UVM_INFO /home/dvft1103/dvft11/uvm/apb_project/verification/env/apb_score_board.sv(61) @ 260: uvm_test_top.env_h.sb_h [[SB]] [PASSIVE] paddr=0xffffffff pwrite=0 pwdata=0xacaf27f8 prdata=0x0 pslverr=0
UVM_WARNING /home/dvft1103/dvft11/uvm/apb_project/verification/env/apb_score_board.sv(150) @ 260: uvm_test_top.env_h.sb_h [[SB]] [260] READ from uninitialised addr 0xffffffff --- no ref
UVM_INFO /home/dvft1103/dvft11/uvm/apb_project/verification/env/apb_score_board.sv(61) @ 260: uvm_test_top.env_h.sb_h [[SB]] [PASSIVE] paddr=0xffffffff pwrite=0 pwdata=0xacaf27f8 prdata=0x0 pslverr=1
UVM_ERROR /home/dvft1103/dvft11/uvm/apb_project/verification/env/apb_score_board.sv(84) @ 260: uvm_test_top.env_h.sb_h [[SB]] [260] SLAVE ERROR:paddr=0xffffffff pwrite =0x0 act_pslverr=1 pas_pslverr=1
UVM_INFO /home/dvft1103/dvft11/uvm/apb_project/verification/agent/apb_passive_monitor.sv(79) @ 260: uvm_test_top.env_h.pas_agent_h.pas_mon_h [[PASSIVE_MON]]  Transaction sent to scoreboard
UVM_INFO /home/dvft1103/dvft11/uvm/apb_project/verification/agent/apb_driver.sv(107) @ 265: uvm_test_top.env_h.act_agent_h.drv_h [[DRV]] Pready occured at wait_count=0 4294967295 2897160184
UVM_INFO /home/dvft1103/dvft11/uvm/apb_project/verification/agent/apb_driver.sv(110) @ 275: uvm_test_top.env_h.act_agent_h.drv_h [[DRV]] Transaction completed
UVM_INFO /home/dvft1103/dvft11/uvm/apb_project/verification/test/apb_error_seq.sv(35) @ 285: uvm_test_top.env_h.act_agent_h.seqr_h@@error_h [apb_error_seq] Dispalying From apb_error_seq=-----------------------------------------------------------------------------------------------------
Name                           Type               Size  Value                                        
-----------------------------------------------------------------------------------------------------
seq_h                          apb_sequence_item  -     @1490                                        
  psel                         integral           1     'h0                                          
  continuous_psel              integral           1     'h0                                          
  penable                      integral           1     'h0                                          
  pready                       integral           1     'h0                                          
  paddr                        integral           32    'hffffffff                                   
  pwrite                       integral           1     'h0                                          
  prdata                       integral           32    'h0                                          
  pwdata                       integral           32    'hd44de9e0                                   
  pslverr                      integral           1     'h0                                          
  apb_state                    apb_state_e        2     ""                                           
  begin_time                   time               64    285                                          
  depth                        int                32    'd2                                          
  parent sequence (name)       string             7     error_h                                      
  parent sequence (full name)  string             45    uvm_test_top.env_h.act_agent_h.seqr_h.error_h
  sequencer                    string             37    uvm_test_top.env_h.act_agent_h.seqr_h        
-----------------------------------------------------------------------------------------------------

UVM_INFO /home/dvft1103/dvft11/uvm/apb_project/verification/agent/apb_driver.sv(52) @ 285: uvm_test_top.env_h.act_agent_h.drv_h [DRIVER] Displaying from apb_driver=-----------------------------------------------------------------------------------------------------
Name                           Type               Size  Value                                        
-----------------------------------------------------------------------------------------------------
seq_h                          apb_sequence_item  -     @1490                                        
  psel                         integral           1     'h0                                          
  continuous_psel              integral           1     'h0                                          
  penable                      integral           1     'h0                                          
  pready                       integral           1     'h0                                          
  paddr                        integral           32    'hffffffff                                   
  pwrite                       integral           1     'h0                                          
  prdata                       integral           32    'h0                                          
  pwdata                       integral           32    'hd44de9e0                                   
  pslverr                      integral           1     'h0                                          
  apb_state                    apb_state_e        2     ""                                           
  begin_time                   time               64    285                                          
  depth                        int                32    'd2                                          
  parent sequence (name)       string             7     error_h                                      
  parent sequence (full name)  string             45    uvm_test_top.env_h.act_agent_h.seqr_h.error_h
  sequencer                    string             37    uvm_test_top.env_h.act_agent_h.seqr_h        
-----------------------------------------------------------------------------------------------------

UVM_INFO /home/dvft1103/dvft11/uvm/apb_project/verification/agent/apb_driver.sv(63) @ 285: uvm_test_top.env_h.act_agent_h.drv_h [[DRV]] Entered SETUP State
UVM_INFO /home/dvft1103/dvft11/uvm/apb_project/verification/env/apb_score_board.sv(51) @ 290: uvm_test_top.env_h.sb_h [[SB]] [ACTIVE] paddr=0x0 pwrite=0 pwdata=0x0 prdata=0x0 pslverr=0
UVM_INFO /home/dvft1103/dvft11/uvm/apb_project/verification/agent/apb_active_monitor.sv(57) @ 290: uvm_test_top.env_h.act_agent_h.act_mon_h [[ACTIVE_MON]] setup detected:::::- ------------------------------------------------------
Name               Type               Size  Value     
------------------------------------------------------
seq_h              apb_sequence_item  -     @1504     
  psel             integral           1     'h1       
  continuous_psel  integral           1     'h0       
  penable          integral           1     'h0       
  pready           integral           1     'h0       
  paddr            integral           32    'hffffffff
  pwrite           integral           1     'h0       
  prdata           integral           32    'h0       
  pwdata           integral           32    'hd44de9e0
  pslverr          integral           1     'h0       
  apb_state        apb_state_e        2     IDLE      
------------------------------------------------------

UVM_INFO /home/dvft1103/dvft11/uvm/apb_project/verification/env/apb_score_board.sv(51) @ 290: uvm_test_top.env_h.sb_h [[SB]] [ACTIVE] paddr=0xffffffff pwrite=0 pwdata=0xd44de9e0 prdata=0x0 pslverr=0
UVM_INFO /home/dvft1103/dvft11/uvm/apb_project/verification/env/apb_score_board.sv(61) @ 290: uvm_test_top.env_h.sb_h [[SB]] [PASSIVE] paddr=0x0 pwrite=0 pwdata=0x0 prdata=0x0 pslverr=0
UVM_WARNING /home/dvft1103/dvft11/uvm/apb_project/verification/env/apb_score_board.sv(150) @ 290: uvm_test_top.env_h.sb_h [[SB]] [290] READ from uninitialised addr 0x0 --- no ref
UVM_INFO /home/dvft1103/dvft11/uvm/apb_project/verification/agent/apb_passive_monitor.sv(52) @ 290: uvm_test_top.env_h.pas_agent_h.pas_mon_h [[PASSIVE_MON]] setup detected:::::- ------------------------------------------------------
Name               Type               Size  Value     
------------------------------------------------------
seq_h              apb_sequence_item  -     @1530     
  psel             integral           1     'h1       
  continuous_psel  integral           1     'h0       
  penable          integral           1     'h0       
  pready           integral           1     'h0       
  paddr            integral           32    'hffffffff
  pwrite           integral           1     'h0       
  prdata           integral           32    'h0       
  pwdata           integral           32    'hd44de9e0
  pslverr          integral           1     'h0       
  apb_state        apb_state_e        2     IDLE      
------------------------------------------------------

UVM_INFO /home/dvft1103/dvft11/uvm/apb_project/verification/env/apb_score_board.sv(61) @ 290: uvm_test_top.env_h.sb_h [[SB]] [PASSIVE] paddr=0xffffffff pwrite=0 pwdata=0xd44de9e0 prdata=0x0 pslverr=0
UVM_WARNING /home/dvft1103/dvft11/uvm/apb_project/verification/env/apb_score_board.sv(150) @ 290: uvm_test_top.env_h.sb_h [[SB]] [290] READ from uninitialised addr 0xffffffff --- no ref
UVM_INFO /home/dvft1103/dvft11/uvm/apb_project/verification/agent/apb_driver.sv(81) @ 295: uvm_test_top.env_h.act_agent_h.drv_h [[DRV]] Entered ACCESS State
UVM_INFO /home/dvft1103/dvft11/uvm/apb_project/verification/env/apb_score_board.sv(51) @ 300: uvm_test_top.env_h.sb_h [[SB]] [ACTIVE] paddr=0xffffffff pwrite=0 pwdata=0xd44de9e0 prdata=0x0 pslverr=0
UVM_INFO /home/dvft1103/dvft11/uvm/apb_project/verification/env/apb_score_board.sv(61) @ 300: uvm_test_top.env_h.sb_h [[SB]] [PASSIVE] paddr=0xffffffff pwrite=0 pwdata=0xd44de9e0 prdata=0x0 pslverr=0
UVM_WARNING /home/dvft1103/dvft11/uvm/apb_project/verification/env/apb_score_board.sv(150) @ 300: uvm_test_top.env_h.sb_h [[SB]] [300] READ from uninitialised addr 0xffffffff --- no ref
UVM_INFO /home/dvft1103/dvft11/uvm/apb_project/verification/agent/apb_driver.sv(107) @ 305: uvm_test_top.env_h.act_agent_h.drv_h [[DRV]] Pready occured at wait_count=0 4294967295 3561875936
UVM_INFO /home/dvft1103/dvft11/uvm/apb_project/verification/env/apb_score_board.sv(51) @ 310: uvm_test_top.env_h.sb_h [[SB]] [ACTIVE] paddr=0xffffffff pwrite=0 pwdata=0xd44de9e0 prdata=0x0 pslverr=1
UVM_INFO /home/dvft1103/dvft11/uvm/apb_project/verification/agent/apb_active_monitor.sv(85) @ 310: uvm_test_top.env_h.act_agent_h.act_mon_h [[ACTIVE_MON]]  Transaction sent to scoreboard
UVM_INFO /home/dvft1103/dvft11/uvm/apb_project/verification/env/apb_score_board.sv(61) @ 310: uvm_test_top.env_h.sb_h [[SB]] [PASSIVE] paddr=0xffffffff pwrite=0 pwdata=0xd44de9e0 prdata=0x0 pslverr=1
UVM_ERROR /home/dvft1103/dvft11/uvm/apb_project/verification/env/apb_score_board.sv(84) @ 310: uvm_test_top.env_h.sb_h [[SB]] [310] SLAVE ERROR:paddr=0xffffffff pwrite =0x0 act_pslverr=1 pas_pslverr=1
UVM_INFO /home/dvft1103/dvft11/uvm/apb_project/verification/agent/apb_passive_monitor.sv(79) @ 310: uvm_test_top.env_h.pas_agent_h.pas_mon_h [[PASSIVE_MON]]  Transaction sent to scoreboard
UVM_INFO /home/dvft1103/dvft11/uvm/apb_project/verification/agent/apb_driver.sv(110) @ 315: uvm_test_top.env_h.act_agent_h.drv_h [[DRV]] Transaction completed
UVM_INFO /home/dvft1103/dvft11/uvm/apb_project/verification/test/apb_error_seq.sv(35) @ 325: uvm_test_top.env_h.act_agent_h.seqr_h@@error_h [apb_error_seq] Dispalying From apb_error_seq=-----------------------------------------------------------------------------------------------------
Name                           Type               Size  Value                                        
-----------------------------------------------------------------------------------------------------
seq_h                          apb_sequence_item  -     @1614                                        
  psel                         integral           1     'h0                                          
  continuous_psel              integral           1     'h0                                          
  penable                      integral           1     'h0                                          
  pready                       integral           1     'h0                                          
  paddr                        integral           32    'hffffffff                                   
  pwrite                       integral           1     'h0                                          
  prdata                       integral           32    'h0                                          
  pwdata                       integral           32    'h18815f00                                   
  pslverr                      integral           1     'h0                                          
  apb_state                    apb_state_e        2     ""                                           
  begin_time                   time               64    325                                          
  depth                        int                32    'd2                                          
  parent sequence (name)       string             7     error_h                                      
  parent sequence (full name)  string             45    uvm_test_top.env_h.act_agent_h.seqr_h.error_h
  sequencer                    string             37    uvm_test_top.env_h.act_agent_h.seqr_h        
-----------------------------------------------------------------------------------------------------

UVM_INFO /home/dvft1103/dvft11/uvm/apb_project/verification/agent/apb_driver.sv(52) @ 325: uvm_test_top.env_h.act_agent_h.drv_h [DRIVER] Displaying from apb_driver=-----------------------------------------------------------------------------------------------------
Name                           Type               Size  Value                                        
-----------------------------------------------------------------------------------------------------
seq_h                          apb_sequence_item  -     @1614                                        
  psel                         integral           1     'h0                                          
  continuous_psel              integral           1     'h0                                          
  penable                      integral           1     'h0                                          
  pready                       integral           1     'h0                                          
  paddr                        integral           32    'hffffffff                                   
  pwrite                       integral           1     'h0                                          
  prdata                       integral           32    'h0                                          
  pwdata                       integral           32    'h18815f00                                   
  pslverr                      integral           1     'h0                                          
  apb_state                    apb_state_e        2     ""                                           
  begin_time                   time               64    325                                          
  depth                        int                32    'd2                                          
  parent sequence (name)       string             7     error_h                                      
  parent sequence (full name)  string             45    uvm_test_top.env_h.act_agent_h.seqr_h.error_h
  sequencer                    string             37    uvm_test_top.env_h.act_agent_h.seqr_h        
-----------------------------------------------------------------------------------------------------

UVM_INFO /home/dvft1103/dvft11/uvm/apb_project/verification/agent/apb_driver.sv(63) @ 325: uvm_test_top.env_h.act_agent_h.drv_h [[DRV]] Entered SETUP State
UVM_INFO /home/dvft1103/dvft11/uvm/apb_project/verification/env/apb_score_board.sv(51) @ 330: uvm_test_top.env_h.sb_h [[SB]] [ACTIVE] paddr=0x0 pwrite=0 pwdata=0x0 prdata=0x0 pslverr=0
UVM_INFO /home/dvft1103/dvft11/uvm/apb_project/verification/agent/apb_active_monitor.sv(57) @ 330: uvm_test_top.env_h.act_agent_h.act_mon_h [[ACTIVE_MON]] setup detected:::::- ------------------------------------------------------
Name               Type               Size  Value     
------------------------------------------------------
seq_h              apb_sequence_item  -     @1628     
  psel             integral           1     'h1       
  continuous_psel  integral           1     'h0       
  penable          integral           1     'h0       
  pready           integral           1     'h1       
  paddr            integral           32    'hffffffff
  pwrite           integral           1     'h0       
  prdata           integral           32    'h0       
  pwdata           integral           32    'h18815f00
  pslverr          integral           1     'h0       
  apb_state        apb_state_e        2     IDLE      
------------------------------------------------------

UVM_INFO /home/dvft1103/dvft11/uvm/apb_project/verification/env/apb_score_board.sv(51) @ 330: uvm_test_top.env_h.sb_h [[SB]] [ACTIVE] paddr=0xffffffff pwrite=0 pwdata=0x18815f00 prdata=0x0 pslverr=0
UVM_INFO /home/dvft1103/dvft11/uvm/apb_project/verification/env/apb_score_board.sv(61) @ 330: uvm_test_top.env_h.sb_h [[SB]] [PASSIVE] paddr=0x0 pwrite=0 pwdata=0x0 prdata=0x0 pslverr=0
UVM_WARNING /home/dvft1103/dvft11/uvm/apb_project/verification/env/apb_score_board.sv(150) @ 330: uvm_test_top.env_h.sb_h [[SB]] [330] READ from uninitialised addr 0x0 --- no ref
UVM_INFO /home/dvft1103/dvft11/uvm/apb_project/verification/agent/apb_passive_monitor.sv(52) @ 330: uvm_test_top.env_h.pas_agent_h.pas_mon_h [[PASSIVE_MON]] setup detected:::::- ------------------------------------------------------
Name               Type               Size  Value     
------------------------------------------------------
seq_h              apb_sequence_item  -     @1654     
  psel             integral           1     'h1       
  continuous_psel  integral           1     'h0       
  penable          integral           1     'h0       
  pready           integral           1     'h1       
  paddr            integral           32    'hffffffff
  pwrite           integral           1     'h0       
  prdata           integral           32    'h0       
  pwdata           integral           32    'h18815f00
  pslverr          integral           1     'h0       
  apb_state        apb_state_e        2     IDLE      
------------------------------------------------------

UVM_INFO /home/dvft1103/dvft11/uvm/apb_project/verification/env/apb_score_board.sv(61) @ 330: uvm_test_top.env_h.sb_h [[SB]] [PASSIVE] paddr=0xffffffff pwrite=0 pwdata=0x18815f00 prdata=0x0 pslverr=0
UVM_WARNING /home/dvft1103/dvft11/uvm/apb_project/verification/env/apb_score_board.sv(150) @ 330: uvm_test_top.env_h.sb_h [[SB]] [330] READ from uninitialised addr 0xffffffff --- no ref
UVM_INFO /home/dvft1103/dvft11/uvm/apb_project/verification/agent/apb_driver.sv(81) @ 335: uvm_test_top.env_h.act_agent_h.drv_h [[DRV]] Entered ACCESS State
UVM_INFO /home/dvft1103/dvft11/uvm/apb_project/verification/env/apb_score_board.sv(51) @ 340: uvm_test_top.env_h.sb_h [[SB]] [ACTIVE] paddr=0xffffffff pwrite=0 pwdata=0x18815f00 prdata=0x0 pslverr=0
UVM_INFO /home/dvft1103/dvft11/uvm/apb_project/verification/env/apb_score_board.sv(61) @ 340: uvm_test_top.env_h.sb_h [[SB]] [PASSIVE] paddr=0xffffffff pwrite=0 pwdata=0x18815f00 prdata=0x0 pslverr=0
UVM_WARNING /home/dvft1103/dvft11/uvm/apb_project/verification/env/apb_score_board.sv(150) @ 340: uvm_test_top.env_h.sb_h [[SB]] [340] READ from uninitialised addr 0xffffffff --- no ref
UVM_INFO /home/dvft1103/dvft11/uvm/apb_project/verification/agent/apb_driver.sv(107) @ 355: uvm_test_top.env_h.act_agent_h.drv_h [[DRV]] Pready occured at wait_count=1 4294967295 411131648
UVM_INFO /home/dvft1103/dvft11/uvm/apb_project/verification/env/apb_score_board.sv(51) @ 360: uvm_test_top.env_h.sb_h [[SB]] [ACTIVE] paddr=0xffffffff pwrite=0 pwdata=0x18815f00 prdata=0x0 pslverr=1
UVM_INFO /home/dvft1103/dvft11/uvm/apb_project/verification/agent/apb_active_monitor.sv(85) @ 360: uvm_test_top.env_h.act_agent_h.act_mon_h [[ACTIVE_MON]]  Transaction sent to scoreboard
UVM_INFO /home/dvft1103/dvft11/uvm/apb_project/verification/env/apb_score_board.sv(61) @ 360: uvm_test_top.env_h.sb_h [[SB]] [PASSIVE] paddr=0xffffffff pwrite=0 pwdata=0x18815f00 prdata=0x0 pslverr=1
UVM_ERROR /home/dvft1103/dvft11/uvm/apb_project/verification/env/apb_score_board.sv(84) @ 360: uvm_test_top.env_h.sb_h [[SB]] [360] SLAVE ERROR:paddr=0xffffffff pwrite =0x0 act_pslverr=1 pas_pslverr=1
UVM_INFO /home/dvft1103/dvft11/uvm/apb_project/verification/agent/apb_passive_monitor.sv(79) @ 360: uvm_test_top.env_h.pas_agent_h.pas_mon_h [[PASSIVE_MON]]  Transaction sent to scoreboard
UVM_INFO /home/dvft1103/dvft11/uvm/apb_project/verification/agent/apb_driver.sv(110) @ 365: uvm_test_top.env_h.act_agent_h.drv_h [[DRV]] Transaction completed
UVM_INFO /home/dvft1103/dvft11/uvm/apb_project/verification/test/apb_error_seq.sv(35) @ 375: uvm_test_top.env_h.act_agent_h.seqr_h@@error_h [apb_error_seq] Dispalying From apb_error_seq=-----------------------------------------------------------------------------------------------------
Name                           Type               Size  Value                                        
-----------------------------------------------------------------------------------------------------
seq_h                          apb_sequence_item  -     @1738                                        
  psel                         integral           1     'h0                                          
  continuous_psel              integral           1     'h0                                          
  penable                      integral           1     'h0                                          
  pready                       integral           1     'h0                                          
  paddr                        integral           32    'hffffffff                                   
  pwrite                       integral           1     'h0                                          
  prdata                       integral           32    'h0                                          
  pwdata                       integral           32    'hb2fd80f1                                   
  pslverr                      integral           1     'h0                                          
  apb_state                    apb_state_e        2     ""                                           
  begin_time                   time               64    375                                          
  depth                        int                32    'd2                                          
  parent sequence (name)       string             7     error_h                                      
  parent sequence (full name)  string             45    uvm_test_top.env_h.act_agent_h.seqr_h.error_h
  sequencer                    string             37    uvm_test_top.env_h.act_agent_h.seqr_h        
-----------------------------------------------------------------------------------------------------

UVM_INFO /home/dvft1103/dvft11/uvm/apb_project/verification/agent/apb_driver.sv(52) @ 375: uvm_test_top.env_h.act_agent_h.drv_h [DRIVER] Displaying from apb_driver=-----------------------------------------------------------------------------------------------------
Name                           Type               Size  Value                                        
-----------------------------------------------------------------------------------------------------
seq_h                          apb_sequence_item  -     @1738                                        
  psel                         integral           1     'h0                                          
  continuous_psel              integral           1     'h0                                          
  penable                      integral           1     'h0                                          
  pready                       integral           1     'h0                                          
  paddr                        integral           32    'hffffffff                                   
  pwrite                       integral           1     'h0                                          
  prdata                       integral           32    'h0                                          
  pwdata                       integral           32    'hb2fd80f1                                   
  pslverr                      integral           1     'h0                                          
  apb_state                    apb_state_e        2     ""                                           
  begin_time                   time               64    375                                          
  depth                        int                32    'd2                                          
  parent sequence (name)       string             7     error_h                                      
  parent sequence (full name)  string             45    uvm_test_top.env_h.act_agent_h.seqr_h.error_h
  sequencer                    string             37    uvm_test_top.env_h.act_agent_h.seqr_h        
-----------------------------------------------------------------------------------------------------

UVM_INFO /home/dvft1103/dvft11/uvm/apb_project/verification/agent/apb_driver.sv(63) @ 375: uvm_test_top.env_h.act_agent_h.drv_h [[DRV]] Entered SETUP State
UVM_INFO /home/dvft1103/dvft11/uvm/apb_project/verification/env/apb_score_board.sv(51) @ 380: uvm_test_top.env_h.sb_h [[SB]] [ACTIVE] paddr=0x0 pwrite=0 pwdata=0x0 prdata=0x0 pslverr=0
UVM_INFO /home/dvft1103/dvft11/uvm/apb_project/verification/agent/apb_active_monitor.sv(57) @ 380: uvm_test_top.env_h.act_agent_h.act_mon_h [[ACTIVE_MON]] setup detected:::::- ------------------------------------------------------
Name               Type               Size  Value     
------------------------------------------------------
seq_h              apb_sequence_item  -     @1752     
  psel             integral           1     'h1       
  continuous_psel  integral           1     'h0       
  penable          integral           1     'h0       
  pready           integral           1     'h1       
  paddr            integral           32    'hffffffff
  pwrite           integral           1     'h0       
  prdata           integral           32    'h0       
  pwdata           integral           32    'hb2fd80f1
  pslverr          integral           1     'h0       
  apb_state        apb_state_e        2     IDLE      
------------------------------------------------------

UVM_INFO /home/dvft1103/dvft11/uvm/apb_project/verification/env/apb_score_board.sv(51) @ 380: uvm_test_top.env_h.sb_h [[SB]] [ACTIVE] paddr=0xffffffff pwrite=0 pwdata=0xb2fd80f1 prdata=0x0 pslverr=0
UVM_INFO /home/dvft1103/dvft11/uvm/apb_project/verification/env/apb_score_board.sv(61) @ 380: uvm_test_top.env_h.sb_h [[SB]] [PASSIVE] paddr=0x0 pwrite=0 pwdata=0x0 prdata=0x0 pslverr=0
UVM_WARNING /home/dvft1103/dvft11/uvm/apb_project/verification/env/apb_score_board.sv(150) @ 380: uvm_test_top.env_h.sb_h [[SB]] [380] READ from uninitialised addr 0x0 --- no ref
UVM_INFO /home/dvft1103/dvft11/uvm/apb_project/verification/agent/apb_passive_monitor.sv(52) @ 380: uvm_test_top.env_h.pas_agent_h.pas_mon_h [[PASSIVE_MON]] setup detected:::::- ------------------------------------------------------
Name               Type               Size  Value     
------------------------------------------------------
seq_h              apb_sequence_item  -     @1778     
  psel             integral           1     'h1       
  continuous_psel  integral           1     'h0       
  penable          integral           1     'h0       
  pready           integral           1     'h1       
  paddr            integral           32    'hffffffff
  pwrite           integral           1     'h0       
  prdata           integral           32    'h0       
  pwdata           integral           32    'hb2fd80f1
  pslverr          integral           1     'h0       
  apb_state        apb_state_e        2     IDLE      
------------------------------------------------------

UVM_INFO /home/dvft1103/dvft11/uvm/apb_project/verification/env/apb_score_board.sv(61) @ 380: uvm_test_top.env_h.sb_h [[SB]] [PASSIVE] paddr=0xffffffff pwrite=0 pwdata=0xb2fd80f1 prdata=0x0 pslverr=0
UVM_WARNING /home/dvft1103/dvft11/uvm/apb_project/verification/env/apb_score_board.sv(150) @ 380: uvm_test_top.env_h.sb_h [[SB]] [380] READ from uninitialised addr 0xffffffff --- no ref
UVM_INFO /home/dvft1103/dvft11/uvm/apb_project/verification/agent/apb_driver.sv(81) @ 385: uvm_test_top.env_h.act_agent_h.drv_h [[DRV]] Entered ACCESS State
UVM_INFO /home/dvft1103/dvft11/uvm/apb_project/verification/env/apb_score_board.sv(51) @ 390: uvm_test_top.env_h.sb_h [[SB]] [ACTIVE] paddr=0xffffffff pwrite=0 pwdata=0xb2fd80f1 prdata=0x0 pslverr=0
UVM_INFO /home/dvft1103/dvft11/uvm/apb_project/verification/env/apb_score_board.sv(61) @ 390: uvm_test_top.env_h.sb_h [[SB]] [PASSIVE] paddr=0xffffffff pwrite=0 pwdata=0xb2fd80f1 prdata=0x0 pslverr=0
UVM_WARNING /home/dvft1103/dvft11/uvm/apb_project/verification/env/apb_score_board.sv(150) @ 390: uvm_test_top.env_h.sb_h [[SB]] [390] READ from uninitialised addr 0xffffffff --- no ref
UVM_INFO /home/dvft1103/dvft11/uvm/apb_project/verification/agent/apb_driver.sv(107) @ 415: uvm_test_top.env_h.act_agent_h.drv_h [[DRV]] Pready occured at wait_count=2 4294967295 3002958065
UVM_INFO /home/dvft1103/dvft11/uvm/apb_project/verification/env/apb_score_board.sv(51) @ 420: uvm_test_top.env_h.sb_h [[SB]] [ACTIVE] paddr=0xffffffff pwrite=0 pwdata=0xb2fd80f1 prdata=0x0 pslverr=1
UVM_INFO /home/dvft1103/dvft11/uvm/apb_project/verification/agent/apb_active_monitor.sv(85) @ 420: uvm_test_top.env_h.act_agent_h.act_mon_h [[ACTIVE_MON]]  Transaction sent to scoreboard
UVM_INFO /home/dvft1103/dvft11/uvm/apb_project/verification/env/apb_score_board.sv(61) @ 420: uvm_test_top.env_h.sb_h [[SB]] [PASSIVE] paddr=0xffffffff pwrite=0 pwdata=0xb2fd80f1 prdata=0x0 pslverr=1
UVM_ERROR /home/dvft1103/dvft11/uvm/apb_project/verification/env/apb_score_board.sv(84) @ 420: uvm_test_top.env_h.sb_h [[SB]] [420] SLAVE ERROR:paddr=0xffffffff pwrite =0x0 act_pslverr=1 pas_pslverr=1
UVM_INFO /home/dvft1103/dvft11/uvm/apb_project/verification/agent/apb_passive_monitor.sv(79) @ 420: uvm_test_top.env_h.pas_agent_h.pas_mon_h [[PASSIVE_MON]]  Transaction sent to scoreboard
UVM_INFO /home/dvft1103/dvft11/uvm/apb_project/verification/agent/apb_driver.sv(110) @ 425: uvm_test_top.env_h.act_agent_h.drv_h [[DRV]] Transaction completed
UVM_ERROR @ 425: uvm_test_top.env_h.act_agent_h.seqr_h@@error_h [uvm_test_top.env_h.act_agent_h.seqr_h.error_h] Response queue overflow, response was dropped
UVM_INFO /home/dvft1103/dvft11/uvm/apb_project/verification/test/apb_error_seq.sv(35) @ 435: uvm_test_top.env_h.act_agent_h.seqr_h@@error_h [apb_error_seq] Dispalying From apb_error_seq=-----------------------------------------------------------------------------------------------------
Name                           Type               Size  Value                                        
-----------------------------------------------------------------------------------------------------
seq_h                          apb_sequence_item  -     @1864                                        
  psel                         integral           1     'h0                                          
  continuous_psel              integral           1     'h0                                          
  penable                      integral           1     'h0                                          
  pready                       integral           1     'h0                                          
  paddr                        integral           32    'hffffffff                                   
  pwrite                       integral           1     'h0                                          
  prdata                       integral           32    'h0                                          
  pwdata                       integral           32    'h5d2c31ac                                   
  pslverr                      integral           1     'h0                                          
  apb_state                    apb_state_e        2     ""                                           
  begin_time                   time               64    435                                          
  depth                        int                32    'd2                                          
  parent sequence (name)       string             7     error_h                                      
  parent sequence (full name)  string             45    uvm_test_top.env_h.act_agent_h.seqr_h.error_h
  sequencer                    string             37    uvm_test_top.env_h.act_agent_h.seqr_h        
-----------------------------------------------------------------------------------------------------

UVM_INFO /home/dvft1103/dvft11/uvm/apb_project/verification/agent/apb_driver.sv(52) @ 435: uvm_test_top.env_h.act_agent_h.drv_h [DRIVER] Displaying from apb_driver=-----------------------------------------------------------------------------------------------------
Name                           Type               Size  Value                                        
-----------------------------------------------------------------------------------------------------
seq_h                          apb_sequence_item  -     @1864                                        
  psel                         integral           1     'h0                                          
  continuous_psel              integral           1     'h0                                          
  penable                      integral           1     'h0                                          
  pready                       integral           1     'h0                                          
  paddr                        integral           32    'hffffffff                                   
  pwrite                       integral           1     'h0                                          
  prdata                       integral           32    'h0                                          
  pwdata                       integral           32    'h5d2c31ac                                   
  pslverr                      integral           1     'h0                                          
  apb_state                    apb_state_e        2     ""                                           
  begin_time                   time               64    435                                          
  depth                        int                32    'd2                                          
  parent sequence (name)       string             7     error_h                                      
  parent sequence (full name)  string             45    uvm_test_top.env_h.act_agent_h.seqr_h.error_h
  sequencer                    string             37    uvm_test_top.env_h.act_agent_h.seqr_h        
-----------------------------------------------------------------------------------------------------

UVM_INFO /home/dvft1103/dvft11/uvm/apb_project/verification/agent/apb_driver.sv(63) @ 435: uvm_test_top.env_h.act_agent_h.drv_h [[DRV]] Entered SETUP State
UVM_INFO /home/dvft1103/dvft11/uvm/apb_project/verification/env/apb_score_board.sv(51) @ 440: uvm_test_top.env_h.sb_h [[SB]] [ACTIVE] paddr=0x0 pwrite=0 pwdata=0x0 prdata=0x0 pslverr=0
UVM_INFO /home/dvft1103/dvft11/uvm/apb_project/verification/agent/apb_active_monitor.sv(57) @ 440: uvm_test_top.env_h.act_agent_h.act_mon_h [[ACTIVE_MON]] setup detected:::::- ------------------------------------------------------
Name               Type               Size  Value     
------------------------------------------------------
seq_h              apb_sequence_item  -     @1878     
  psel             integral           1     'h1       
  continuous_psel  integral           1     'h0       
  penable          integral           1     'h0       
  pready           integral           1     'h1       
  paddr            integral           32    'hffffffff
  pwrite           integral           1     'h0       
  prdata           integral           32    'h0       
  pwdata           integral           32    'h5d2c31ac
  pslverr          integral           1     'h0       
  apb_state        apb_state_e        2     IDLE      
------------------------------------------------------

UVM_INFO /home/dvft1103/dvft11/uvm/apb_project/verification/env/apb_score_board.sv(51) @ 440: uvm_test_top.env_h.sb_h [[SB]] [ACTIVE] paddr=0xffffffff pwrite=0 pwdata=0x5d2c31ac prdata=0x0 pslverr=0
UVM_INFO /home/dvft1103/dvft11/uvm/apb_project/verification/env/apb_score_board.sv(61) @ 440: uvm_test_top.env_h.sb_h [[SB]] [PASSIVE] paddr=0x0 pwrite=0 pwdata=0x0 prdata=0x0 pslverr=0
UVM_WARNING /home/dvft1103/dvft11/uvm/apb_project/verification/env/apb_score_board.sv(150) @ 440: uvm_test_top.env_h.sb_h [[SB]] [440] READ from uninitialised addr 0x0 --- no ref
UVM_INFO /home/dvft1103/dvft11/uvm/apb_project/verification/agent/apb_passive_monitor.sv(52) @ 440: uvm_test_top.env_h.pas_agent_h.pas_mon_h [[PASSIVE_MON]] setup detected:::::- ------------------------------------------------------
Name               Type               Size  Value     
------------------------------------------------------
seq_h              apb_sequence_item  -     @1904     
  psel             integral           1     'h1       
  continuous_psel  integral           1     'h0       
  penable          integral           1     'h0       
  pready           integral           1     'h1       
  paddr            integral           32    'hffffffff
  pwrite           integral           1     'h0       
  prdata           integral           32    'h0       
  pwdata           integral           32    'h5d2c31ac
  pslverr          integral           1     'h0       
  apb_state        apb_state_e        2     IDLE      
------------------------------------------------------

UVM_INFO /home/dvft1103/dvft11/uvm/apb_project/verification/env/apb_score_board.sv(61) @ 440: uvm_test_top.env_h.sb_h [[SB]] [PASSIVE] paddr=0xffffffff pwrite=0 pwdata=0x5d2c31ac prdata=0x0 pslverr=0
UVM_WARNING /home/dvft1103/dvft11/uvm/apb_project/verification/env/apb_score_board.sv(150) @ 440: uvm_test_top.env_h.sb_h [[SB]] [440] READ from uninitialised addr 0xffffffff --- no ref
UVM_INFO /home/dvft1103/dvft11/uvm/apb_project/verification/agent/apb_driver.sv(81) @ 445: uvm_test_top.env_h.act_agent_h.drv_h [[DRV]] Entered ACCESS State
UVM_INFO /home/dvft1103/dvft11/uvm/apb_project/verification/env/apb_score_board.sv(51) @ 450: uvm_test_top.env_h.sb_h [[SB]] [ACTIVE] paddr=0xffffffff pwrite=0 pwdata=0x5d2c31ac prdata=0x0 pslverr=0
UVM_INFO /home/dvft1103/dvft11/uvm/apb_project/verification/env/apb_score_board.sv(51) @ 450: uvm_test_top.env_h.sb_h [[SB]] [ACTIVE] paddr=0xffffffff pwrite=0 pwdata=0x5d2c31ac prdata=0x0 pslverr=1
UVM_INFO /home/dvft1103/dvft11/uvm/apb_project/verification/agent/apb_active_monitor.sv(85) @ 450: uvm_test_top.env_h.act_agent_h.act_mon_h [[ACTIVE_MON]]  Transaction sent to scoreboard
UVM_INFO /home/dvft1103/dvft11/uvm/apb_project/verification/env/apb_score_board.sv(61) @ 450: uvm_test_top.env_h.sb_h [[SB]] [PASSIVE] paddr=0xffffffff pwrite=0 pwdata=0x5d2c31ac prdata=0x0 pslverr=0
UVM_WARNING /home/dvft1103/dvft11/uvm/apb_project/verification/env/apb_score_board.sv(150) @ 450: uvm_test_top.env_h.sb_h [[SB]] [450] READ from uninitialised addr 0xffffffff --- no ref
UVM_INFO /home/dvft1103/dvft11/uvm/apb_project/verification/env/apb_score_board.sv(61) @ 450: uvm_test_top.env_h.sb_h [[SB]] [PASSIVE] paddr=0xffffffff pwrite=0 pwdata=0x5d2c31ac prdata=0x0 pslverr=1
UVM_ERROR /home/dvft1103/dvft11/uvm/apb_project/verification/env/apb_score_board.sv(84) @ 450: uvm_test_top.env_h.sb_h [[SB]] [450] SLAVE ERROR:paddr=0xffffffff pwrite =0x0 act_pslverr=1 pas_pslverr=1
UVM_INFO /home/dvft1103/dvft11/uvm/apb_project/verification/agent/apb_passive_monitor.sv(79) @ 450: uvm_test_top.env_h.pas_agent_h.pas_mon_h [[PASSIVE_MON]]  Transaction sent to scoreboard
UVM_INFO /home/dvft1103/dvft11/uvm/apb_project/verification/agent/apb_driver.sv(107) @ 455: uvm_test_top.env_h.act_agent_h.drv_h [[DRV]] Pready occured at wait_count=0 4294967295 1563177388
UVM_INFO /home/dvft1103/dvft11/uvm/apb_project/verification/agent/apb_driver.sv(110) @ 465: uvm_test_top.env_h.act_agent_h.drv_h [[DRV]] Transaction completed
UVM_ERROR @ 465: uvm_test_top.env_h.act_agent_h.seqr_h@@error_h [uvm_test_top.env_h.act_agent_h.seqr_h.error_h] Response queue overflow, response was dropped
UVM_INFO /home/dvft1103/dvft11/uvm/apb_project/verification/test/apb_write_seq.sv(30) @ 475: uvm_test_top.env_h.act_agent_h.seqr_h@@write_h [w_seq] Dispalying From apb_write_seq=-----------------------------------------------------------------------------------------------------
Name                           Type               Size  Value                                        
-----------------------------------------------------------------------------------------------------
seq_h                          apb_sequence_item  -     @1994                                        
  psel                         integral           1     'h0                                          
  continuous_psel              integral           1     'h0                                          
  penable                      integral           1     'h0                                          
  pready                       integral           1     'h0                                          
  paddr                        integral           32    'h53                                         
  pwrite                       integral           1     'h1                                          
  prdata                       integral           32    'h0                                          
  pwdata                       integral           32    'h9a12                                       
  pslverr                      integral           1     'h0                                          
  apb_state                    apb_state_e        2     ""                                           
  begin_time                   time               64    475                                          
  depth                        int                32    'd2                                          
  parent sequence (name)       string             7     write_h                                      
  parent sequence (full name)  string             45    uvm_test_top.env_h.act_agent_h.seqr_h.write_h
  sequencer                    string             37    uvm_test_top.env_h.act_agent_h.seqr_h        
-----------------------------------------------------------------------------------------------------

UVM_INFO /home/dvft1103/dvft11/uvm/apb_project/verification/agent/apb_driver.sv(52) @ 475: uvm_test_top.env_h.act_agent_h.drv_h [DRIVER] Displaying from apb_driver=-----------------------------------------------------------------------------------------------------
Name                           Type               Size  Value                                        
-----------------------------------------------------------------------------------------------------
seq_h                          apb_sequence_item  -     @1994                                        
  psel                         integral           1     'h0                                          
  continuous_psel              integral           1     'h0                                          
  penable                      integral           1     'h0                                          
  pready                       integral           1     'h0                                          
  paddr                        integral           32    'h53                                         
  pwrite                       integral           1     'h1                                          
  prdata                       integral           32    'h0                                          
  pwdata                       integral           32    'h9a12                                       
  pslverr                      integral           1     'h0                                          
  apb_state                    apb_state_e        2     ""                                           
  begin_time                   time               64    475                                          
  depth                        int                32    'd2                                          
  parent sequence (name)       string             7     write_h                                      
  parent sequence (full name)  string             45    uvm_test_top.env_h.act_agent_h.seqr_h.write_h
  sequencer                    string             37    uvm_test_top.env_h.act_agent_h.seqr_h        
-----------------------------------------------------------------------------------------------------

UVM_INFO /home/dvft1103/dvft11/uvm/apb_project/verification/agent/apb_driver.sv(63) @ 475: uvm_test_top.env_h.act_agent_h.drv_h [[DRV]] Entered SETUP State
UVM_INFO /home/dvft1103/dvft11/uvm/apb_project/verification/env/apb_score_board.sv(51) @ 480: uvm_test_top.env_h.sb_h [[SB]] [ACTIVE] paddr=0x0 pwrite=0 pwdata=0x0 prdata=0x0 pslverr=0
UVM_INFO /home/dvft1103/dvft11/uvm/apb_project/verification/agent/apb_active_monitor.sv(57) @ 480: uvm_test_top.env_h.act_agent_h.act_mon_h [[ACTIVE_MON]] setup detected:::::- --------------------------------------------------
Name               Type               Size  Value 
--------------------------------------------------
seq_h              apb_sequence_item  -     @2008 
  psel             integral           1     'h1   
  continuous_psel  integral           1     'h0   
  penable          integral           1     'h0   
  pready           integral           1     'h0   
  paddr            integral           32    'h53  
  pwrite           integral           1     'h1   
  prdata           integral           32    'h0   
  pwdata           integral           32    'h9a12
  pslverr          integral           1     'h0   
  apb_state        apb_state_e        2     IDLE  
--------------------------------------------------

UVM_INFO /home/dvft1103/dvft11/uvm/apb_project/verification/env/apb_score_board.sv(51) @ 480: uvm_test_top.env_h.sb_h [[SB]] [ACTIVE] paddr=0x53 pwrite=1 pwdata=0x9a12 prdata=0x0 pslverr=0
UVM_INFO /home/dvft1103/dvft11/uvm/apb_project/verification/env/apb_score_board.sv(61) @ 480: uvm_test_top.env_h.sb_h [[SB]] [PASSIVE] paddr=0x0 pwrite=0 pwdata=0x0 prdata=0x0 pslverr=0
UVM_WARNING /home/dvft1103/dvft11/uvm/apb_project/verification/env/apb_score_board.sv(150) @ 480: uvm_test_top.env_h.sb_h [[SB]] [480] READ from uninitialised addr 0x0 --- no ref
UVM_INFO /home/dvft1103/dvft11/uvm/apb_project/verification/agent/apb_passive_monitor.sv(52) @ 480: uvm_test_top.env_h.pas_agent_h.pas_mon_h [[PASSIVE_MON]] setup detected:::::- --------------------------------------------------
Name               Type               Size  Value 
--------------------------------------------------
seq_h              apb_sequence_item  -     @2034 
  psel             integral           1     'h1   
  continuous_psel  integral           1     'h0   
  penable          integral           1     'h0   
  pready           integral           1     'h0   
  paddr            integral           32    'h53  
  pwrite           integral           1     'h1   
  prdata           integral           32    'h0   
  pwdata           integral           32    'h9a12
  pslverr          integral           1     'h0   
  apb_state        apb_state_e        2     IDLE  
--------------------------------------------------

UVM_INFO /home/dvft1103/dvft11/uvm/apb_project/verification/env/apb_score_board.sv(61) @ 480: uvm_test_top.env_h.sb_h [[SB]] [PASSIVE] paddr=0x53 pwrite=1 pwdata=0x9a12 prdata=0x0 pslverr=0
UVM_INFO /home/dvft1103/dvft11/uvm/apb_project/verification/env/apb_score_board.sv(128) @ 480: uvm_test_top.env_h.sb_h [[SB]] [480]WRITE PASS:mem[0x53]=0x9a12
UVM_INFO /home/dvft1103/dvft11/uvm/apb_project/verification/agent/apb_driver.sv(81) @ 485: uvm_test_top.env_h.act_agent_h.drv_h [[DRV]] Entered ACCESS State
UVM_INFO /home/dvft1103/dvft11/uvm/apb_project/verification/env/apb_score_board.sv(51) @ 490: uvm_test_top.env_h.sb_h [[SB]] [ACTIVE] paddr=0x53 pwrite=1 pwdata=0x9a12 prdata=0x0 pslverr=0
UVM_INFO /home/dvft1103/dvft11/uvm/apb_project/verification/env/apb_score_board.sv(51) @ 490: uvm_test_top.env_h.sb_h [[SB]] [ACTIVE] paddr=0x53 pwrite=1 pwdata=0x9a12 prdata=0x0 pslverr=0
UVM_INFO /home/dvft1103/dvft11/uvm/apb_project/verification/agent/apb_active_monitor.sv(85) @ 490: uvm_test_top.env_h.act_agent_h.act_mon_h [[ACTIVE_MON]]  Transaction sent to scoreboard
UVM_INFO /home/dvft1103/dvft11/uvm/apb_project/verification/env/apb_score_board.sv(61) @ 490: uvm_test_top.env_h.sb_h [[SB]] [PASSIVE] paddr=0x53 pwrite=1 pwdata=0x9a12 prdata=0x0 pslverr=0
UVM_INFO /home/dvft1103/dvft11/uvm/apb_project/verification/env/apb_score_board.sv(128) @ 490: uvm_test_top.env_h.sb_h [[SB]] [490]WRITE PASS:mem[0x53]=0x9a12
UVM_INFO /home/dvft1103/dvft11/uvm/apb_project/verification/env/apb_score_board.sv(61) @ 490: uvm_test_top.env_h.sb_h [[SB]] [PASSIVE] paddr=0x53 pwrite=1 pwdata=0x9a12 prdata=0x0 pslverr=0
UVM_INFO /home/dvft1103/dvft11/uvm/apb_project/verification/env/apb_score_board.sv(128) @ 490: uvm_test_top.env_h.sb_h [[SB]] [490]WRITE PASS:mem[0x53]=0x9a12
UVM_INFO /home/dvft1103/dvft11/uvm/apb_project/verification/agent/apb_passive_monitor.sv(79) @ 490: uvm_test_top.env_h.pas_agent_h.pas_mon_h [[PASSIVE_MON]]  Transaction sent to scoreboard
UVM_INFO /home/dvft1103/dvft11/uvm/apb_project/verification/agent/apb_driver.sv(107) @ 495: uvm_test_top.env_h.act_agent_h.drv_h [[DRV]] Pready occured at wait_count=0 83 39442
UVM_INFO /home/dvft1103/dvft11/uvm/apb_project/verification/agent/apb_driver.sv(110) @ 505: uvm_test_top.env_h.act_agent_h.drv_h [[DRV]] Transaction completed
UVM_INFO /home/dvft1103/dvft11/uvm/apb_project/verification/test/apb_write_seq.sv(30) @ 515: uvm_test_top.env_h.act_agent_h.seqr_h@@write_h [w_seq] Dispalying From apb_write_seq=-----------------------------------------------------------------------------------------------------
Name                           Type               Size  Value                                        
-----------------------------------------------------------------------------------------------------
seq_h                          apb_sequence_item  -     @2118                                        
  psel                         integral           1     'h0                                          
  continuous_psel              integral           1     'h0                                          
  penable                      integral           1     'h0                                          
  pready                       integral           1     'h0                                          
  paddr                        integral           32    'hcd                                         
  pwrite                       integral           1     'h1                                          
  prdata                       integral           32    'h0                                          
  pwdata                       integral           32    'h9b6d                                       
  pslverr                      integral           1     'h0                                          
  apb_state                    apb_state_e        2     ""                                           
  begin_time                   time               64    515                                          
  depth                        int                32    'd2                                          
  parent sequence (name)       string             7     write_h                                      
  parent sequence (full name)  string             45    uvm_test_top.env_h.act_agent_h.seqr_h.write_h
  sequencer                    string             37    uvm_test_top.env_h.act_agent_h.seqr_h        
-----------------------------------------------------------------------------------------------------

UVM_INFO /home/dvft1103/dvft11/uvm/apb_project/verification/agent/apb_driver.sv(52) @ 515: uvm_test_top.env_h.act_agent_h.drv_h [DRIVER] Displaying from apb_driver=-----------------------------------------------------------------------------------------------------
Name                           Type               Size  Value                                        
-----------------------------------------------------------------------------------------------------
seq_h                          apb_sequence_item  -     @2118                                        
  psel                         integral           1     'h0                                          
  continuous_psel              integral           1     'h0                                          
  penable                      integral           1     'h0                                          
  pready                       integral           1     'h0                                          
  paddr                        integral           32    'hcd                                         
  pwrite                       integral           1     'h1                                          
  prdata                       integral           32    'h0                                          
  pwdata                       integral           32    'h9b6d                                       
  pslverr                      integral           1     'h0                                          
  apb_state                    apb_state_e        2     ""                                           
  begin_time                   time               64    515                                          
  depth                        int                32    'd2                                          
  parent sequence (name)       string             7     write_h                                      
  parent sequence (full name)  string             45    uvm_test_top.env_h.act_agent_h.seqr_h.write_h
  sequencer                    string             37    uvm_test_top.env_h.act_agent_h.seqr_h        
-----------------------------------------------------------------------------------------------------

UVM_INFO /home/dvft1103/dvft11/uvm/apb_project/verification/agent/apb_driver.sv(63) @ 515: uvm_test_top.env_h.act_agent_h.drv_h [[DRV]] Entered SETUP State
UVM_INFO /home/dvft1103/dvft11/uvm/apb_project/verification/env/apb_score_board.sv(51) @ 520: uvm_test_top.env_h.sb_h [[SB]] [ACTIVE] paddr=0x0 pwrite=0 pwdata=0x0 prdata=0x0 pslverr=0
UVM_INFO /home/dvft1103/dvft11/uvm/apb_project/verification/agent/apb_active_monitor.sv(57) @ 520: uvm_test_top.env_h.act_agent_h.act_mon_h [[ACTIVE_MON]] setup detected:::::- --------------------------------------------------
Name               Type               Size  Value 
--------------------------------------------------
seq_h              apb_sequence_item  -     @2132 
  psel             integral           1     'h1   
  continuous_psel  integral           1     'h0   
  penable          integral           1     'h0   
  pready           integral           1     'h1   
  paddr            integral           32    'hcd  
  pwrite           integral           1     'h1   
  prdata           integral           32    'h0   
  pwdata           integral           32    'h9b6d
  pslverr          integral           1     'h0   
  apb_state        apb_state_e        2     IDLE  
--------------------------------------------------

UVM_INFO /home/dvft1103/dvft11/uvm/apb_project/verification/env/apb_score_board.sv(51) @ 520: uvm_test_top.env_h.sb_h [[SB]] [ACTIVE] paddr=0xcd pwrite=1 pwdata=0x9b6d prdata=0x0 pslverr=0
UVM_INFO /home/dvft1103/dvft11/uvm/apb_project/verification/env/apb_score_board.sv(61) @ 520: uvm_test_top.env_h.sb_h [[SB]] [PASSIVE] paddr=0x0 pwrite=0 pwdata=0x0 prdata=0x0 pslverr=0
UVM_WARNING /home/dvft1103/dvft11/uvm/apb_project/verification/env/apb_score_board.sv(150) @ 520: uvm_test_top.env_h.sb_h [[SB]] [520] READ from uninitialised addr 0x0 --- no ref
UVM_INFO /home/dvft1103/dvft11/uvm/apb_project/verification/agent/apb_passive_monitor.sv(52) @ 520: uvm_test_top.env_h.pas_agent_h.pas_mon_h [[PASSIVE_MON]] setup detected:::::- --------------------------------------------------
Name               Type               Size  Value 
--------------------------------------------------
seq_h              apb_sequence_item  -     @2158 
  psel             integral           1     'h1   
  continuous_psel  integral           1     'h0   
  penable          integral           1     'h0   
  pready           integral           1     'h1   
  paddr            integral           32    'hcd  
  pwrite           integral           1     'h1   
  prdata           integral           32    'h0   
  pwdata           integral           32    'h9b6d
  pslverr          integral           1     'h0   
  apb_state        apb_state_e        2     IDLE  
--------------------------------------------------

UVM_INFO /home/dvft1103/dvft11/uvm/apb_project/verification/env/apb_score_board.sv(61) @ 520: uvm_test_top.env_h.sb_h [[SB]] [PASSIVE] paddr=0xcd pwrite=1 pwdata=0x9b6d prdata=0x0 pslverr=0
UVM_INFO /home/dvft1103/dvft11/uvm/apb_project/verification/env/apb_score_board.sv(128) @ 520: uvm_test_top.env_h.sb_h [[SB]] [520]WRITE PASS:mem[0xcd]=0x9b6d
UVM_INFO /home/dvft1103/dvft11/uvm/apb_project/verification/agent/apb_driver.sv(81) @ 525: uvm_test_top.env_h.act_agent_h.drv_h [[DRV]] Entered ACCESS State
UVM_INFO /home/dvft1103/dvft11/uvm/apb_project/verification/env/apb_score_board.sv(51) @ 530: uvm_test_top.env_h.sb_h [[SB]] [ACTIVE] paddr=0xcd pwrite=1 pwdata=0x9b6d prdata=0x0 pslverr=0
UVM_INFO /home/dvft1103/dvft11/uvm/apb_project/verification/env/apb_score_board.sv(61) @ 530: uvm_test_top.env_h.sb_h [[SB]] [PASSIVE] paddr=0xcd pwrite=1 pwdata=0x9b6d prdata=0x0 pslverr=0
UVM_INFO /home/dvft1103/dvft11/uvm/apb_project/verification/env/apb_score_board.sv(128) @ 530: uvm_test_top.env_h.sb_h [[SB]] [530]WRITE PASS:mem[0xcd]=0x9b6d
UVM_INFO /home/dvft1103/dvft11/uvm/apb_project/verification/agent/apb_driver.sv(107) @ 565: uvm_test_top.env_h.act_agent_h.drv_h [[DRV]] Pready occured at wait_count=3 205 39789
UVM_INFO /home/dvft1103/dvft11/uvm/apb_project/verification/env/apb_score_board.sv(51) @ 570: uvm_test_top.env_h.sb_h [[SB]] [ACTIVE] paddr=0xcd pwrite=1 pwdata=0x9b6d prdata=0x0 pslverr=0
UVM_INFO /home/dvft1103/dvft11/uvm/apb_project/verification/agent/apb_active_monitor.sv(85) @ 570: uvm_test_top.env_h.act_agent_h.act_mon_h [[ACTIVE_MON]]  Transaction sent to scoreboard
UVM_INFO /home/dvft1103/dvft11/uvm/apb_project/verification/env/apb_score_board.sv(61) @ 570: uvm_test_top.env_h.sb_h [[SB]] [PASSIVE] paddr=0xcd pwrite=1 pwdata=0x9b6d prdata=0x0 pslverr=0
UVM_INFO /home/dvft1103/dvft11/uvm/apb_project/verification/env/apb_score_board.sv(128) @ 570: uvm_test_top.env_h.sb_h [[SB]] [570]WRITE PASS:mem[0xcd]=0x9b6d
UVM_INFO /home/dvft1103/dvft11/uvm/apb_project/verification/agent/apb_passive_monitor.sv(79) @ 570: uvm_test_top.env_h.pas_agent_h.pas_mon_h [[PASSIVE_MON]]  Transaction sent to scoreboard
UVM_INFO /home/dvft1103/dvft11/uvm/apb_project/verification/agent/apb_driver.sv(110) @ 575: uvm_test_top.env_h.act_agent_h.drv_h [[DRV]] Transaction completed
UVM_INFO /home/dvft1103/dvft11/uvm/apb_project/verification/test/apb_write_seq.sv(30) @ 585: uvm_test_top.env_h.act_agent_h.seqr_h@@write_h [w_seq] Dispalying From apb_write_seq=-----------------------------------------------------------------------------------------------------
Name                           Type               Size  Value                                        
-----------------------------------------------------------------------------------------------------
seq_h                          apb_sequence_item  -     @2242                                        
  psel                         integral           1     'h0                                          
  continuous_psel              integral           1     'h0                                          
  penable                      integral           1     'h0                                          
  pready                       integral           1     'h0                                          
  paddr                        integral           32    'h86                                         
  pwrite                       integral           1     'h1                                          
  prdata                       integral           32    'h0                                          
  pwdata                       integral           32    'hd5d8                                       
  pslverr                      integral           1     'h0                                          
  apb_state                    apb_state_e        2     ""                                           
  begin_time                   time               64    585                                          
  depth                        int                32    'd2                                          
  parent sequence (name)       string             7     write_h                                      
  parent sequence (full name)  string             45    uvm_test_top.env_h.act_agent_h.seqr_h.write_h
  sequencer                    string             37    uvm_test_top.env_h.act_agent_h.seqr_h        
-----------------------------------------------------------------------------------------------------

UVM_INFO /home/dvft1103/dvft11/uvm/apb_project/verification/agent/apb_driver.sv(52) @ 585: uvm_test_top.env_h.act_agent_h.drv_h [DRIVER] Displaying from apb_driver=-----------------------------------------------------------------------------------------------------
Name                           Type               Size  Value                                        
-----------------------------------------------------------------------------------------------------
seq_h                          apb_sequence_item  -     @2242                                        
  psel                         integral           1     'h0                                          
  continuous_psel              integral           1     'h0                                          
  penable                      integral           1     'h0                                          
  pready                       integral           1     'h0                                          
  paddr                        integral           32    'h86                                         
  pwrite                       integral           1     'h1                                          
  prdata                       integral           32    'h0                                          
  pwdata                       integral           32    'hd5d8                                       
  pslverr                      integral           1     'h0                                          
  apb_state                    apb_state_e        2     ""                                           
  begin_time                   time               64    585                                          
  depth                        int                32    'd2                                          
  parent sequence (name)       string             7     write_h                                      
  parent sequence (full name)  string             45    uvm_test_top.env_h.act_agent_h.seqr_h.write_h
  sequencer                    string             37    uvm_test_top.env_h.act_agent_h.seqr_h        
-----------------------------------------------------------------------------------------------------

UVM_INFO /home/dvft1103/dvft11/uvm/apb_project/verification/agent/apb_driver.sv(63) @ 585: uvm_test_top.env_h.act_agent_h.drv_h [[DRV]] Entered SETUP State
UVM_INFO /home/dvft1103/dvft11/uvm/apb_project/verification/env/apb_score_board.sv(51) @ 590: uvm_test_top.env_h.sb_h [[SB]] [ACTIVE] paddr=0x0 pwrite=0 pwdata=0x0 prdata=0x0 pslverr=0
UVM_INFO /home/dvft1103/dvft11/uvm/apb_project/verification/agent/apb_active_monitor.sv(57) @ 590: uvm_test_top.env_h.act_agent_h.act_mon_h [[ACTIVE_MON]] setup detected:::::- --------------------------------------------------
Name               Type               Size  Value 
--------------------------------------------------
seq_h              apb_sequence_item  -     @2256 
  psel             integral           1     'h1   
  continuous_psel  integral           1     'h0   
  penable          integral           1     'h0   
  pready           integral           1     'h1   
  paddr            integral           32    'h86  
  pwrite           integral           1     'h1   
  prdata           integral           32    'h0   
  pwdata           integral           32    'hd5d8
  pslverr          integral           1     'h0   
  apb_state        apb_state_e        2     IDLE  
--------------------------------------------------

UVM_INFO /home/dvft1103/dvft11/uvm/apb_project/verification/env/apb_score_board.sv(51) @ 590: uvm_test_top.env_h.sb_h [[SB]] [ACTIVE] paddr=0x86 pwrite=1 pwdata=0xd5d8 prdata=0x0 pslverr=0
UVM_INFO /home/dvft1103/dvft11/uvm/apb_project/verification/env/apb_score_board.sv(61) @ 590: uvm_test_top.env_h.sb_h [[SB]] [PASSIVE] paddr=0x0 pwrite=0 pwdata=0x0 prdata=0x0 pslverr=0
UVM_WARNING /home/dvft1103/dvft11/uvm/apb_project/verification/env/apb_score_board.sv(150) @ 590: uvm_test_top.env_h.sb_h [[SB]] [590] READ from uninitialised addr 0x0 --- no ref
UVM_INFO /home/dvft1103/dvft11/uvm/apb_project/verification/agent/apb_passive_monitor.sv(52) @ 590: uvm_test_top.env_h.pas_agent_h.pas_mon_h [[PASSIVE_MON]] setup detected:::::- --------------------------------------------------
Name               Type               Size  Value 
--------------------------------------------------
seq_h              apb_sequence_item  -     @2282 
  psel             integral           1     'h1   
  continuous_psel  integral           1     'h0   
  penable          integral           1     'h0   
  pready           integral           1     'h1   
  paddr            integral           32    'h86  
  pwrite           integral           1     'h1   
  prdata           integral           32    'h0   
  pwdata           integral           32    'hd5d8
  pslverr          integral           1     'h0   
  apb_state        apb_state_e        2     IDLE  
--------------------------------------------------

UVM_INFO /home/dvft1103/dvft11/uvm/apb_project/verification/env/apb_score_board.sv(61) @ 590: uvm_test_top.env_h.sb_h [[SB]] [PASSIVE] paddr=0x86 pwrite=1 pwdata=0xd5d8 prdata=0x0 pslverr=0
UVM_INFO /home/dvft1103/dvft11/uvm/apb_project/verification/env/apb_score_board.sv(128) @ 590: uvm_test_top.env_h.sb_h [[SB]] [590]WRITE PASS:mem[0x86]=0xd5d8
UVM_INFO /home/dvft1103/dvft11/uvm/apb_project/verification/agent/apb_driver.sv(81) @ 595: uvm_test_top.env_h.act_agent_h.drv_h [[DRV]] Entered ACCESS State
UVM_INFO /home/dvft1103/dvft11/uvm/apb_project/verification/env/apb_score_board.sv(51) @ 600: uvm_test_top.env_h.sb_h [[SB]] [ACTIVE] paddr=0x86 pwrite=1 pwdata=0xd5d8 prdata=0x0 pslverr=0
UVM_INFO /home/dvft1103/dvft11/uvm/apb_project/verification/env/apb_score_board.sv(61) @ 600: uvm_test_top.env_h.sb_h [[SB]] [PASSIVE] paddr=0x86 pwrite=1 pwdata=0xd5d8 prdata=0x0 pslverr=0
UVM_INFO /home/dvft1103/dvft11/uvm/apb_project/verification/env/apb_score_board.sv(128) @ 600: uvm_test_top.env_h.sb_h [[SB]] [600]WRITE PASS:mem[0x86]=0xd5d8
UVM_INFO /home/dvft1103/dvft11/uvm/apb_project/verification/agent/apb_driver.sv(107) @ 625: uvm_test_top.env_h.act_agent_h.drv_h [[DRV]] Pready occured at wait_count=2 134 54744
UVM_INFO /home/dvft1103/dvft11/uvm/apb_project/verification/env/apb_score_board.sv(51) @ 630: uvm_test_top.env_h.sb_h [[SB]] [ACTIVE] paddr=0x86 pwrite=1 pwdata=0xd5d8 prdata=0x0 pslverr=0
UVM_INFO /home/dvft1103/dvft11/uvm/apb_project/verification/agent/apb_active_monitor.sv(85) @ 630: uvm_test_top.env_h.act_agent_h.act_mon_h [[ACTIVE_MON]]  Transaction sent to scoreboard
UVM_INFO /home/dvft1103/dvft11/uvm/apb_project/verification/env/apb_score_board.sv(61) @ 630: uvm_test_top.env_h.sb_h [[SB]] [PASSIVE] paddr=0x86 pwrite=1 pwdata=0xd5d8 prdata=0x0 pslverr=0
UVM_INFO /home/dvft1103/dvft11/uvm/apb_project/verification/env/apb_score_board.sv(128) @ 630: uvm_test_top.env_h.sb_h [[SB]] [630]WRITE PASS:mem[0x86]=0xd5d8
UVM_INFO /home/dvft1103/dvft11/uvm/apb_project/verification/agent/apb_passive_monitor.sv(79) @ 630: uvm_test_top.env_h.pas_agent_h.pas_mon_h [[PASSIVE_MON]]  Transaction sent to scoreboard
UVM_INFO /home/dvft1103/dvft11/uvm/apb_project/verification/agent/apb_driver.sv(110) @ 635: uvm_test_top.env_h.act_agent_h.drv_h [[DRV]] Transaction completed
UVM_INFO /home/dvft1103/dvft11/uvm/apb_project/verification/test/apb_write_seq.sv(30) @ 645: uvm_test_top.env_h.act_agent_h.seqr_h@@write_h [w_seq] Dispalying From apb_write_seq=-----------------------------------------------------------------------------------------------------
Name                           Type               Size  Value                                        
-----------------------------------------------------------------------------------------------------
seq_h                          apb_sequence_item  -     @2366                                        
  psel                         integral           1     'h0                                          
  continuous_psel              integral           1     'h0                                          
  penable                      integral           1     'h0                                          
  pready                       integral           1     'h0                                          
  paddr                        integral           32    'hb8                                         
  pwrite                       integral           1     'h1                                          
  prdata                       integral           32    'h0                                          
  pwdata                       integral           32    'h7846                                       
  pslverr                      integral           1     'h0                                          
  apb_state                    apb_state_e        2     ""                                           
  begin_time                   time               64    645                                          
  depth                        int                32    'd2                                          
  parent sequence (name)       string             7     write_h                                      
  parent sequence (full name)  string             45    uvm_test_top.env_h.act_agent_h.seqr_h.write_h
  sequencer                    string             37    uvm_test_top.env_h.act_agent_h.seqr_h        
-----------------------------------------------------------------------------------------------------

UVM_INFO /home/dvft1103/dvft11/uvm/apb_project/verification/agent/apb_driver.sv(52) @ 645: uvm_test_top.env_h.act_agent_h.drv_h [DRIVER] Displaying from apb_driver=-----------------------------------------------------------------------------------------------------
Name                           Type               Size  Value                                        
-----------------------------------------------------------------------------------------------------
seq_h                          apb_sequence_item  -     @2366                                        
  psel                         integral           1     'h0                                          
  continuous_psel              integral           1     'h0                                          
  penable                      integral           1     'h0                                          
  pready                       integral           1     'h0                                          
  paddr                        integral           32    'hb8                                         
  pwrite                       integral           1     'h1                                          
  prdata                       integral           32    'h0                                          
  pwdata                       integral           32    'h7846                                       
  pslverr                      integral           1     'h0                                          
  apb_state                    apb_state_e        2     ""                                           
  begin_time                   time               64    645                                          
  depth                        int                32    'd2                                          
  parent sequence (name)       string             7     write_h                                      
  parent sequence (full name)  string             45    uvm_test_top.env_h.act_agent_h.seqr_h.write_h
  sequencer                    string             37    uvm_test_top.env_h.act_agent_h.seqr_h        
-----------------------------------------------------------------------------------------------------

UVM_INFO /home/dvft1103/dvft11/uvm/apb_project/verification/agent/apb_driver.sv(63) @ 645: uvm_test_top.env_h.act_agent_h.drv_h [[DRV]] Entered SETUP State
UVM_INFO /home/dvft1103/dvft11/uvm/apb_project/verification/env/apb_score_board.sv(51) @ 650: uvm_test_top.env_h.sb_h [[SB]] [ACTIVE] paddr=0x0 pwrite=0 pwdata=0x0 prdata=0x0 pslverr=0
UVM_INFO /home/dvft1103/dvft11/uvm/apb_project/verification/agent/apb_active_monitor.sv(57) @ 650: uvm_test_top.env_h.act_agent_h.act_mon_h [[ACTIVE_MON]] setup detected:::::- --------------------------------------------------
Name               Type               Size  Value 
--------------------------------------------------
seq_h              apb_sequence_item  -     @2380 
  psel             integral           1     'h1   
  continuous_psel  integral           1     'h0   
  penable          integral           1     'h0   
  pready           integral           1     'h1   
  paddr            integral           32    'hb8  
  pwrite           integral           1     'h1   
  prdata           integral           32    'h0   
  pwdata           integral           32    'h7846
  pslverr          integral           1     'h0   
  apb_state        apb_state_e        2     IDLE  
--------------------------------------------------

UVM_INFO /home/dvft1103/dvft11/uvm/apb_project/verification/env/apb_score_board.sv(51) @ 650: uvm_test_top.env_h.sb_h [[SB]] [ACTIVE] paddr=0xb8 pwrite=1 pwdata=0x7846 prdata=0x0 pslverr=0
UVM_INFO /home/dvft1103/dvft11/uvm/apb_project/verification/env/apb_score_board.sv(61) @ 650: uvm_test_top.env_h.sb_h [[SB]] [PASSIVE] paddr=0x0 pwrite=0 pwdata=0x0 prdata=0x0 pslverr=0
UVM_WARNING /home/dvft1103/dvft11/uvm/apb_project/verification/env/apb_score_board.sv(150) @ 650: uvm_test_top.env_h.sb_h [[SB]] [650] READ from uninitialised addr 0x0 --- no ref
UVM_INFO /home/dvft1103/dvft11/uvm/apb_project/verification/agent/apb_passive_monitor.sv(52) @ 650: uvm_test_top.env_h.pas_agent_h.pas_mon_h [[PASSIVE_MON]] setup detected:::::- --------------------------------------------------
Name               Type               Size  Value 
--------------------------------------------------
seq_h              apb_sequence_item  -     @2406 
  psel             integral           1     'h1   
  continuous_psel  integral           1     'h0   
  penable          integral           1     'h0   
  pready           integral           1     'h1   
  paddr            integral           32    'hb8  
  pwrite           integral           1     'h1   
  prdata           integral           32    'h0   
  pwdata           integral           32    'h7846
  pslverr          integral           1     'h0   
  apb_state        apb_state_e        2     IDLE  
--------------------------------------------------

UVM_INFO /home/dvft1103/dvft11/uvm/apb_project/verification/env/apb_score_board.sv(61) @ 650: uvm_test_top.env_h.sb_h [[SB]] [PASSIVE] paddr=0xb8 pwrite=1 pwdata=0x7846 prdata=0x0 pslverr=0
UVM_INFO /home/dvft1103/dvft11/uvm/apb_project/verification/env/apb_score_board.sv(128) @ 650: uvm_test_top.env_h.sb_h [[SB]] [650]WRITE PASS:mem[0xb8]=0x7846
UVM_INFO /home/dvft1103/dvft11/uvm/apb_project/verification/agent/apb_driver.sv(81) @ 655: uvm_test_top.env_h.act_agent_h.drv_h [[DRV]] Entered ACCESS State
UVM_INFO /home/dvft1103/dvft11/uvm/apb_project/verification/env/apb_score_board.sv(51) @ 660: uvm_test_top.env_h.sb_h [[SB]] [ACTIVE] paddr=0xb8 pwrite=1 pwdata=0x7846 prdata=0x0 pslverr=0
UVM_INFO /home/dvft1103/dvft11/uvm/apb_project/verification/env/apb_score_board.sv(61) @ 660: uvm_test_top.env_h.sb_h [[SB]] [PASSIVE] paddr=0xb8 pwrite=1 pwdata=0x7846 prdata=0x0 pslverr=0
UVM_INFO /home/dvft1103/dvft11/uvm/apb_project/verification/env/apb_score_board.sv(128) @ 660: uvm_test_top.env_h.sb_h [[SB]] [660]WRITE PASS:mem[0xb8]=0x7846
UVM_INFO /home/dvft1103/dvft11/uvm/apb_project/verification/agent/apb_driver.sv(107) @ 665: uvm_test_top.env_h.act_agent_h.drv_h [[DRV]] Pready occured at wait_count=0 184 30790
UVM_INFO /home/dvft1103/dvft11/uvm/apb_project/verification/env/apb_score_board.sv(51) @ 670: uvm_test_top.env_h.sb_h [[SB]] [ACTIVE] paddr=0xb8 pwrite=1 pwdata=0x7846 prdata=0x0 pslverr=0
UVM_INFO /home/dvft1103/dvft11/uvm/apb_project/verification/agent/apb_active_monitor.sv(85) @ 670: uvm_test_top.env_h.act_agent_h.act_mon_h [[ACTIVE_MON]]  Transaction sent to scoreboard
UVM_INFO /home/dvft1103/dvft11/uvm/apb_project/verification/env/apb_score_board.sv(61) @ 670: uvm_test_top.env_h.sb_h [[SB]] [PASSIVE] paddr=0xb8 pwrite=1 pwdata=0x7846 prdata=0x0 pslverr=0
UVM_INFO /home/dvft1103/dvft11/uvm/apb_project/verification/env/apb_score_board.sv(128) @ 670: uvm_test_top.env_h.sb_h [[SB]] [670]WRITE PASS:mem[0xb8]=0x7846
UVM_INFO /home/dvft1103/dvft11/uvm/apb_project/verification/agent/apb_passive_monitor.sv(79) @ 670: uvm_test_top.env_h.pas_agent_h.pas_mon_h [[PASSIVE_MON]]  Transaction sent to scoreboard
UVM_INFO /home/dvft1103/dvft11/uvm/apb_project/verification/agent/apb_driver.sv(110) @ 675: uvm_test_top.env_h.act_agent_h.drv_h [[DRV]] Transaction completed
UVM_INFO /home/dvft1103/dvft11/uvm/apb_project/verification/test/apb_write_seq.sv(30) @ 685: uvm_test_top.env_h.act_agent_h.seqr_h@@write_h [w_seq] Dispalying From apb_write_seq=-----------------------------------------------------------------------------------------------------
Name                           Type               Size  Value                                        
-----------------------------------------------------------------------------------------------------
seq_h                          apb_sequence_item  -     @2490                                        
  psel                         integral           1     'h0                                          
  continuous_psel              integral           1     'h0                                          
  penable                      integral           1     'h0                                          
  pready                       integral           1     'h0                                          
  paddr                        integral           32    'h28                                         
  pwrite                       integral           1     'h1                                          
  prdata                       integral           32    'h0                                          
  pwdata                       integral           32    'hbcbe                                       
  pslverr                      integral           1     'h0                                          
  apb_state                    apb_state_e        2     ""                                           
  begin_time                   time               64    685                                          
  depth                        int                32    'd2                                          
  parent sequence (name)       string             7     write_h                                      
  parent sequence (full name)  string             45    uvm_test_top.env_h.act_agent_h.seqr_h.write_h
  sequencer                    string             37    uvm_test_top.env_h.act_agent_h.seqr_h        
-----------------------------------------------------------------------------------------------------

UVM_INFO /home/dvft1103/dvft11/uvm/apb_project/verification/agent/apb_driver.sv(52) @ 685: uvm_test_top.env_h.act_agent_h.drv_h [DRIVER] Displaying from apb_driver=-----------------------------------------------------------------------------------------------------
Name                           Type               Size  Value                                        
-----------------------------------------------------------------------------------------------------
seq_h                          apb_sequence_item  -     @2490                                        
  psel                         integral           1     'h0                                          
  continuous_psel              integral           1     'h0                                          
  penable                      integral           1     'h0                                          
  pready                       integral           1     'h0                                          
  paddr                        integral           32    'h28                                         
  pwrite                       integral           1     'h1                                          
  prdata                       integral           32    'h0                                          
  pwdata                       integral           32    'hbcbe                                       
  pslverr                      integral           1     'h0                                          
  apb_state                    apb_state_e        2     ""                                           
  begin_time                   time               64    685                                          
  depth                        int                32    'd2                                          
  parent sequence (name)       string             7     write_h                                      
  parent sequence (full name)  string             45    uvm_test_top.env_h.act_agent_h.seqr_h.write_h
  sequencer                    string             37    uvm_test_top.env_h.act_agent_h.seqr_h        
-----------------------------------------------------------------------------------------------------

UVM_INFO /home/dvft1103/dvft11/uvm/apb_project/verification/agent/apb_driver.sv(63) @ 685: uvm_test_top.env_h.act_agent_h.drv_h [[DRV]] Entered SETUP State
UVM_INFO /home/dvft1103/dvft11/uvm/apb_project/verification/env/apb_score_board.sv(51) @ 690: uvm_test_top.env_h.sb_h [[SB]] [ACTIVE] paddr=0x0 pwrite=0 pwdata=0x0 prdata=0x0 pslverr=0
UVM_INFO /home/dvft1103/dvft11/uvm/apb_project/verification/agent/apb_active_monitor.sv(57) @ 690: uvm_test_top.env_h.act_agent_h.act_mon_h [[ACTIVE_MON]] setup detected:::::- --------------------------------------------------
Name               Type               Size  Value 
--------------------------------------------------
seq_h              apb_sequence_item  -     @2504 
  psel             integral           1     'h1   
  continuous_psel  integral           1     'h0   
  penable          integral           1     'h0   
  pready           integral           1     'h1   
  paddr            integral           32    'h28  
  pwrite           integral           1     'h1   
  prdata           integral           32    'h0   
  pwdata           integral           32    'hbcbe
  pslverr          integral           1     'h0   
  apb_state        apb_state_e        2     IDLE  
--------------------------------------------------

UVM_INFO /home/dvft1103/dvft11/uvm/apb_project/verification/env/apb_score_board.sv(51) @ 690: uvm_test_top.env_h.sb_h [[SB]] [ACTIVE] paddr=0x28 pwrite=1 pwdata=0xbcbe prdata=0x0 pslverr=0
UVM_INFO /home/dvft1103/dvft11/uvm/apb_project/verification/env/apb_score_board.sv(61) @ 690: uvm_test_top.env_h.sb_h [[SB]] [PASSIVE] paddr=0x0 pwrite=0 pwdata=0x0 prdata=0x0 pslverr=0
UVM_WARNING /home/dvft1103/dvft11/uvm/apb_project/verification/env/apb_score_board.sv(150) @ 690: uvm_test_top.env_h.sb_h [[SB]] [690] READ from uninitialised addr 0x0 --- no ref
UVM_INFO /home/dvft1103/dvft11/uvm/apb_project/verification/agent/apb_passive_monitor.sv(52) @ 690: uvm_test_top.env_h.pas_agent_h.pas_mon_h [[PASSIVE_MON]] setup detected:::::- --------------------------------------------------
Name               Type               Size  Value 
--------------------------------------------------
seq_h              apb_sequence_item  -     @2530 
  psel             integral           1     'h1   
  continuous_psel  integral           1     'h0   
  penable          integral           1     'h0   
  pready           integral           1     'h1   
  paddr            integral           32    'h28  
  pwrite           integral           1     'h1   
  prdata           integral           32    'h0   
  pwdata           integral           32    'hbcbe
  pslverr          integral           1     'h0   
  apb_state        apb_state_e        2     IDLE  
--------------------------------------------------

UVM_INFO /home/dvft1103/dvft11/uvm/apb_project/verification/env/apb_score_board.sv(61) @ 690: uvm_test_top.env_h.sb_h [[SB]] [PASSIVE] paddr=0x28 pwrite=1 pwdata=0xbcbe prdata=0x0 pslverr=0
UVM_INFO /home/dvft1103/dvft11/uvm/apb_project/verification/env/apb_score_board.sv(128) @ 690: uvm_test_top.env_h.sb_h [[SB]] [690]WRITE PASS:mem[0x28]=0xbcbe
UVM_INFO /home/dvft1103/dvft11/uvm/apb_project/verification/agent/apb_driver.sv(81) @ 695: uvm_test_top.env_h.act_agent_h.drv_h [[DRV]] Entered ACCESS State
UVM_INFO /home/dvft1103/dvft11/uvm/apb_project/verification/env/apb_score_board.sv(51) @ 700: uvm_test_top.env_h.sb_h [[SB]] [ACTIVE] paddr=0x28 pwrite=1 pwdata=0xbcbe prdata=0x0 pslverr=0
UVM_INFO /home/dvft1103/dvft11/uvm/apb_project/verification/env/apb_score_board.sv(51) @ 700: uvm_test_top.env_h.sb_h [[SB]] [ACTIVE] paddr=0x28 pwrite=1 pwdata=0xbcbe prdata=0x0 pslverr=0
UVM_INFO /home/dvft1103/dvft11/uvm/apb_project/verification/agent/apb_active_monitor.sv(85) @ 700: uvm_test_top.env_h.act_agent_h.act_mon_h [[ACTIVE_MON]]  Transaction sent to scoreboard
UVM_INFO /home/dvft1103/dvft11/uvm/apb_project/verification/env/apb_score_board.sv(61) @ 700: uvm_test_top.env_h.sb_h [[SB]] [PASSIVE] paddr=0x28 pwrite=1 pwdata=0xbcbe prdata=0x0 pslverr=0
UVM_INFO /home/dvft1103/dvft11/uvm/apb_project/verification/env/apb_score_board.sv(128) @ 700: uvm_test_top.env_h.sb_h [[SB]] [700]WRITE PASS:mem[0x28]=0xbcbe
UVM_INFO /home/dvft1103/dvft11/uvm/apb_project/verification/env/apb_score_board.sv(61) @ 700: uvm_test_top.env_h.sb_h [[SB]] [PASSIVE] paddr=0x28 pwrite=1 pwdata=0xbcbe prdata=0x0 pslverr=0
UVM_INFO /home/dvft1103/dvft11/uvm/apb_project/verification/env/apb_score_board.sv(128) @ 700: uvm_test_top.env_h.sb_h [[SB]] [700]WRITE PASS:mem[0x28]=0xbcbe
UVM_INFO /home/dvft1103/dvft11/uvm/apb_project/verification/agent/apb_passive_monitor.sv(79) @ 700: uvm_test_top.env_h.pas_agent_h.pas_mon_h [[PASSIVE_MON]]  Transaction sent to scoreboard
UVM_INFO /home/dvft1103/dvft11/uvm/apb_project/verification/agent/apb_driver.sv(107) @ 705: uvm_test_top.env_h.act_agent_h.drv_h [[DRV]] Pready occured at wait_count=0 40 48318
UVM_INFO /home/dvft1103/dvft11/uvm/apb_project/verification/agent/apb_driver.sv(110) @ 715: uvm_test_top.env_h.act_agent_h.drv_h [[DRV]] Transaction completed
UVM_INFO /home/dvft1103/dvft11/uvm/apb_project/verification/test/apb_write_seq.sv(30) @ 725: uvm_test_top.env_h.act_agent_h.seqr_h@@write_h [w_seq] Dispalying From apb_write_seq=-----------------------------------------------------------------------------------------------------
Name                           Type               Size  Value                                        
-----------------------------------------------------------------------------------------------------
seq_h                          apb_sequence_item  -     @2614                                        
  psel                         integral           1     'h0                                          
  continuous_psel              integral           1     'h0                                          
  penable                      integral           1     'h0                                          
  pready                       integral           1     'h0                                          
  paddr                        integral           32    'hc5                                         
  pwrite                       integral           1     'h1                                          
  prdata                       integral           32    'h0                                          
  pwdata                       integral           32    'hcbe2                                       
  pslverr                      integral           1     'h0                                          
  apb_state                    apb_state_e        2     ""                                           
  begin_time                   time               64    725                                          
  depth                        int                32    'd2                                          
  parent sequence (name)       string             7     write_h                                      
  parent sequence (full name)  string             45    uvm_test_top.env_h.act_agent_h.seqr_h.write_h
  sequencer                    string             37    uvm_test_top.env_h.act_agent_h.seqr_h        
-----------------------------------------------------------------------------------------------------

UVM_INFO /home/dvft1103/dvft11/uvm/apb_project/verification/agent/apb_driver.sv(52) @ 725: uvm_test_top.env_h.act_agent_h.drv_h [DRIVER] Displaying from apb_driver=-----------------------------------------------------------------------------------------------------
Name                           Type               Size  Value                                        
-----------------------------------------------------------------------------------------------------
seq_h                          apb_sequence_item  -     @2614                                        
  psel                         integral           1     'h0                                          
  continuous_psel              integral           1     'h0                                          
  penable                      integral           1     'h0                                          
  pready                       integral           1     'h0                                          
  paddr                        integral           32    'hc5                                         
  pwrite                       integral           1     'h1                                          
  prdata                       integral           32    'h0                                          
  pwdata                       integral           32    'hcbe2                                       
  pslverr                      integral           1     'h0                                          
  apb_state                    apb_state_e        2     ""                                           
  begin_time                   time               64    725                                          
  depth                        int                32    'd2                                          
  parent sequence (name)       string             7     write_h                                      
  parent sequence (full name)  string             45    uvm_test_top.env_h.act_agent_h.seqr_h.write_h
  sequencer                    string             37    uvm_test_top.env_h.act_agent_h.seqr_h        
-----------------------------------------------------------------------------------------------------

UVM_INFO /home/dvft1103/dvft11/uvm/apb_project/verification/agent/apb_driver.sv(63) @ 725: uvm_test_top.env_h.act_agent_h.drv_h [[DRV]] Entered SETUP State
UVM_INFO /home/dvft1103/dvft11/uvm/apb_project/verification/env/apb_score_board.sv(51) @ 730: uvm_test_top.env_h.sb_h [[SB]] [ACTIVE] paddr=0x0 pwrite=0 pwdata=0x0 prdata=0x0 pslverr=0
UVM_INFO /home/dvft1103/dvft11/uvm/apb_project/verification/agent/apb_active_monitor.sv(57) @ 730: uvm_test_top.env_h.act_agent_h.act_mon_h [[ACTIVE_MON]] setup detected:::::- --------------------------------------------------
Name               Type               Size  Value 
--------------------------------------------------
seq_h              apb_sequence_item  -     @2628 
  psel             integral           1     'h1   
  continuous_psel  integral           1     'h0   
  penable          integral           1     'h0   
  pready           integral           1     'h0   
  paddr            integral           32    'hc5  
  pwrite           integral           1     'h1   
  prdata           integral           32    'h0   
  pwdata           integral           32    'hcbe2
  pslverr          integral           1     'h0   
  apb_state        apb_state_e        2     IDLE  
--------------------------------------------------

UVM_INFO /home/dvft1103/dvft11/uvm/apb_project/verification/env/apb_score_board.sv(51) @ 730: uvm_test_top.env_h.sb_h [[SB]] [ACTIVE] paddr=0xc5 pwrite=1 pwdata=0xcbe2 prdata=0x0 pslverr=0
UVM_INFO /home/dvft1103/dvft11/uvm/apb_project/verification/env/apb_score_board.sv(61) @ 730: uvm_test_top.env_h.sb_h [[SB]] [PASSIVE] paddr=0x0 pwrite=0 pwdata=0x0 prdata=0x0 pslverr=0
UVM_WARNING /home/dvft1103/dvft11/uvm/apb_project/verification/env/apb_score_board.sv(150) @ 730: uvm_test_top.env_h.sb_h [[SB]] [730] READ from uninitialised addr 0x0 --- no ref
UVM_INFO /home/dvft1103/dvft11/uvm/apb_project/verification/agent/apb_passive_monitor.sv(52) @ 730: uvm_test_top.env_h.pas_agent_h.pas_mon_h [[PASSIVE_MON]] setup detected:::::- --------------------------------------------------
Name               Type               Size  Value 
--------------------------------------------------
seq_h              apb_sequence_item  -     @2654 
  psel             integral           1     'h1   
  continuous_psel  integral           1     'h0   
  penable          integral           1     'h0   
  pready           integral           1     'h0   
  paddr            integral           32    'hc5  
  pwrite           integral           1     'h1   
  prdata           integral           32    'h0   
  pwdata           integral           32    'hcbe2
  pslverr          integral           1     'h0   
  apb_state        apb_state_e        2     IDLE  
--------------------------------------------------

UVM_INFO /home/dvft1103/dvft11/uvm/apb_project/verification/env/apb_score_board.sv(61) @ 730: uvm_test_top.env_h.sb_h [[SB]] [PASSIVE] paddr=0xc5 pwrite=1 pwdata=0xcbe2 prdata=0x0 pslverr=0
UVM_INFO /home/dvft1103/dvft11/uvm/apb_project/verification/env/apb_score_board.sv(128) @ 730: uvm_test_top.env_h.sb_h [[SB]] [730]WRITE PASS:mem[0xc5]=0xcbe2
UVM_INFO /home/dvft1103/dvft11/uvm/apb_project/verification/agent/apb_driver.sv(81) @ 735: uvm_test_top.env_h.act_agent_h.drv_h [[DRV]] Entered ACCESS State
UVM_INFO /home/dvft1103/dvft11/uvm/apb_project/verification/env/apb_score_board.sv(51) @ 740: uvm_test_top.env_h.sb_h [[SB]] [ACTIVE] paddr=0xc5 pwrite=1 pwdata=0xcbe2 prdata=0x0 pslverr=0
UVM_INFO /home/dvft1103/dvft11/uvm/apb_project/verification/env/apb_score_board.sv(51) @ 740: uvm_test_top.env_h.sb_h [[SB]] [ACTIVE] paddr=0xc5 pwrite=1 pwdata=0xcbe2 prdata=0x0 pslverr=0
UVM_INFO /home/dvft1103/dvft11/uvm/apb_project/verification/agent/apb_active_monitor.sv(85) @ 740: uvm_test_top.env_h.act_agent_h.act_mon_h [[ACTIVE_MON]]  Transaction sent to scoreboard
UVM_INFO /home/dvft1103/dvft11/uvm/apb_project/verification/env/apb_score_board.sv(61) @ 740: uvm_test_top.env_h.sb_h [[SB]] [PASSIVE] paddr=0xc5 pwrite=1 pwdata=0xcbe2 prdata=0x0 pslverr=0
UVM_INFO /home/dvft1103/dvft11/uvm/apb_project/verification/env/apb_score_board.sv(128) @ 740: uvm_test_top.env_h.sb_h [[SB]] [740]WRITE PASS:mem[0xc5]=0xcbe2
UVM_INFO /home/dvft1103/dvft11/uvm/apb_project/verification/env/apb_score_board.sv(61) @ 740: uvm_test_top.env_h.sb_h [[SB]] [PASSIVE] paddr=0xc5 pwrite=1 pwdata=0xcbe2 prdata=0x0 pslverr=0
UVM_INFO /home/dvft1103/dvft11/uvm/apb_project/verification/env/apb_score_board.sv(128) @ 740: uvm_test_top.env_h.sb_h [[SB]] [740]WRITE PASS:mem[0xc5]=0xcbe2
UVM_INFO /home/dvft1103/dvft11/uvm/apb_project/verification/agent/apb_passive_monitor.sv(79) @ 740: uvm_test_top.env_h.pas_agent_h.pas_mon_h [[PASSIVE_MON]]  Transaction sent to scoreboard
UVM_INFO /home/dvft1103/dvft11/uvm/apb_project/verification/agent/apb_driver.sv(107) @ 745: uvm_test_top.env_h.act_agent_h.drv_h [[DRV]] Pready occured at wait_count=0 197 52194
UVM_INFO /home/dvft1103/dvft11/uvm/apb_project/verification/agent/apb_driver.sv(110) @ 755: uvm_test_top.env_h.act_agent_h.drv_h [[DRV]] Transaction completed
UVM_INFO /home/dvft1103/dvft11/uvm/apb_project/verification/test/apb_write_seq.sv(30) @ 765: uvm_test_top.env_h.act_agent_h.seqr_h@@write_h [w_seq] Dispalying From apb_write_seq=-----------------------------------------------------------------------------------------------------
Name                           Type               Size  Value                                        
-----------------------------------------------------------------------------------------------------
seq_h                          apb_sequence_item  -     @2738                                        
  psel                         integral           1     'h0                                          
  continuous_psel              integral           1     'h0                                          
  penable                      integral           1     'h0                                          
  pready                       integral           1     'h0                                          
  paddr                        integral           32    'h42                                         
  pwrite                       integral           1     'h1                                          
  prdata                       integral           32    'h0                                          
  pwdata                       integral           32    'hcd1b                                       
  pslverr                      integral           1     'h0                                          
  apb_state                    apb_state_e        2     ""                                           
  begin_time                   time               64    765                                          
  depth                        int                32    'd2                                          
  parent sequence (name)       string             7     write_h                                      
  parent sequence (full name)  string             45    uvm_test_top.env_h.act_agent_h.seqr_h.write_h
  sequencer                    string             37    uvm_test_top.env_h.act_agent_h.seqr_h        
-----------------------------------------------------------------------------------------------------

UVM_INFO /home/dvft1103/dvft11/uvm/apb_project/verification/agent/apb_driver.sv(52) @ 765: uvm_test_top.env_h.act_agent_h.drv_h [DRIVER] Displaying from apb_driver=-----------------------------------------------------------------------------------------------------
Name                           Type               Size  Value                                        
-----------------------------------------------------------------------------------------------------
seq_h                          apb_sequence_item  -     @2738                                        
  psel                         integral           1     'h0                                          
  continuous_psel              integral           1     'h0                                          
  penable                      integral           1     'h0                                          
  pready                       integral           1     'h0                                          
  paddr                        integral           32    'h42                                         
  pwrite                       integral           1     'h1                                          
  prdata                       integral           32    'h0                                          
  pwdata                       integral           32    'hcd1b                                       
  pslverr                      integral           1     'h0                                          
  apb_state                    apb_state_e        2     ""                                           
  begin_time                   time               64    765                                          
  depth                        int                32    'd2                                          
  parent sequence (name)       string             7     write_h                                      
  parent sequence (full name)  string             45    uvm_test_top.env_h.act_agent_h.seqr_h.write_h
  sequencer                    string             37    uvm_test_top.env_h.act_agent_h.seqr_h        
-----------------------------------------------------------------------------------------------------

UVM_INFO /home/dvft1103/dvft11/uvm/apb_project/verification/agent/apb_driver.sv(63) @ 765: uvm_test_top.env_h.act_agent_h.drv_h [[DRV]] Entered SETUP State
UVM_INFO /home/dvft1103/dvft11/uvm/apb_project/verification/env/apb_score_board.sv(51) @ 770: uvm_test_top.env_h.sb_h [[SB]] [ACTIVE] paddr=0x0 pwrite=0 pwdata=0x0 prdata=0x0 pslverr=0
UVM_INFO /home/dvft1103/dvft11/uvm/apb_project/verification/agent/apb_active_monitor.sv(57) @ 770: uvm_test_top.env_h.act_agent_h.act_mon_h [[ACTIVE_MON]] setup detected:::::- --------------------------------------------------
Name               Type               Size  Value 
--------------------------------------------------
seq_h              apb_sequence_item  -     @2752 
  psel             integral           1     'h1   
  continuous_psel  integral           1     'h0   
  penable          integral           1     'h0   
  pready           integral           1     'h0   
  paddr            integral           32    'h42  
  pwrite           integral           1     'h1   
  prdata           integral           32    'h0   
  pwdata           integral           32    'hcd1b
  pslverr          integral           1     'h0   
  apb_state        apb_state_e        2     IDLE  
--------------------------------------------------

UVM_INFO /home/dvft1103/dvft11/uvm/apb_project/verification/env/apb_score_board.sv(51) @ 770: uvm_test_top.env_h.sb_h [[SB]] [ACTIVE] paddr=0x42 pwrite=1 pwdata=0xcd1b prdata=0x0 pslverr=0
UVM_INFO /home/dvft1103/dvft11/uvm/apb_project/verification/env/apb_score_board.sv(61) @ 770: uvm_test_top.env_h.sb_h [[SB]] [PASSIVE] paddr=0x0 pwrite=0 pwdata=0x0 prdata=0x0 pslverr=0
UVM_WARNING /home/dvft1103/dvft11/uvm/apb_project/verification/env/apb_score_board.sv(150) @ 770: uvm_test_top.env_h.sb_h [[SB]] [770] READ from uninitialised addr 0x0 --- no ref
UVM_INFO /home/dvft1103/dvft11/uvm/apb_project/verification/agent/apb_passive_monitor.sv(52) @ 770: uvm_test_top.env_h.pas_agent_h.pas_mon_h [[PASSIVE_MON]] setup detected:::::- --------------------------------------------------
Name               Type               Size  Value 
--------------------------------------------------
seq_h              apb_sequence_item  -     @2778 
  psel             integral           1     'h1   
  continuous_psel  integral           1     'h0   
  penable          integral           1     'h0   
  pready           integral           1     'h0   
  paddr            integral           32    'h42  
  pwrite           integral           1     'h1   
  prdata           integral           32    'h0   
  pwdata           integral           32    'hcd1b
  pslverr          integral           1     'h0   
  apb_state        apb_state_e        2     IDLE  
--------------------------------------------------

UVM_INFO /home/dvft1103/dvft11/uvm/apb_project/verification/env/apb_score_board.sv(61) @ 770: uvm_test_top.env_h.sb_h [[SB]] [PASSIVE] paddr=0x42 pwrite=1 pwdata=0xcd1b prdata=0x0 pslverr=0
UVM_INFO /home/dvft1103/dvft11/uvm/apb_project/verification/env/apb_score_board.sv(128) @ 770: uvm_test_top.env_h.sb_h [[SB]] [770]WRITE PASS:mem[0x42]=0xcd1b
UVM_INFO /home/dvft1103/dvft11/uvm/apb_project/verification/agent/apb_driver.sv(81) @ 775: uvm_test_top.env_h.act_agent_h.drv_h [[DRV]] Entered ACCESS State
UVM_INFO /home/dvft1103/dvft11/uvm/apb_project/verification/env/apb_score_board.sv(51) @ 780: uvm_test_top.env_h.sb_h [[SB]] [ACTIVE] paddr=0x42 pwrite=1 pwdata=0xcd1b prdata=0x0 pslverr=0
UVM_INFO /home/dvft1103/dvft11/uvm/apb_project/verification/env/apb_score_board.sv(61) @ 780: uvm_test_top.env_h.sb_h [[SB]] [PASSIVE] paddr=0x42 pwrite=1 pwdata=0xcd1b prdata=0x0 pslverr=0
UVM_INFO /home/dvft1103/dvft11/uvm/apb_project/verification/env/apb_score_board.sv(128) @ 780: uvm_test_top.env_h.sb_h [[SB]] [780]WRITE PASS:mem[0x42]=0xcd1b
"/home/dvft1103/dvft11/uvm/apb_project/verification/tb/apb_interface.sv", 102: apb_top.intf_h.pready_waiting: started at 735s failed at 795s
	Offending 'pready'
UVM_INFO /home/dvft1103/dvft11/uvm/apb_project/verification/agent/apb_driver.sv(107) @ 795: uvm_test_top.env_h.act_agent_h.drv_h [[DRV]] Pready occured at wait_count=1 66 52507
UVM_INFO /home/dvft1103/dvft11/uvm/apb_project/verification/env/apb_score_board.sv(51) @ 800: uvm_test_top.env_h.sb_h [[SB]] [ACTIVE] paddr=0x42 pwrite=1 pwdata=0xcd1b prdata=0x0 pslverr=0
UVM_INFO /home/dvft1103/dvft11/uvm/apb_project/verification/agent/apb_active_monitor.sv(85) @ 800: uvm_test_top.env_h.act_agent_h.act_mon_h [[ACTIVE_MON]]  Transaction sent to scoreboard
UVM_INFO /home/dvft1103/dvft11/uvm/apb_project/verification/env/apb_score_board.sv(61) @ 800: uvm_test_top.env_h.sb_h [[SB]] [PASSIVE] paddr=0x42 pwrite=1 pwdata=0xcd1b prdata=0x0 pslverr=0
UVM_INFO /home/dvft1103/dvft11/uvm/apb_project/verification/env/apb_score_board.sv(128) @ 800: uvm_test_top.env_h.sb_h [[SB]] [800]WRITE PASS:mem[0x42]=0xcd1b
UVM_INFO /home/dvft1103/dvft11/uvm/apb_project/verification/agent/apb_passive_monitor.sv(79) @ 800: uvm_test_top.env_h.pas_agent_h.pas_mon_h [[PASSIVE_MON]]  Transaction sent to scoreboard
UVM_INFO /home/dvft1103/dvft11/uvm/apb_project/verification/agent/apb_driver.sv(110) @ 805: uvm_test_top.env_h.act_agent_h.drv_h [[DRV]] Transaction completed
UVM_INFO /home/dvft1103/dvft11/uvm/apb_project/verification/test/apb_write_seq.sv(30) @ 815: uvm_test_top.env_h.act_agent_h.seqr_h@@write_h [w_seq] Dispalying From apb_write_seq=-----------------------------------------------------------------------------------------------------
Name                           Type               Size  Value                                        
-----------------------------------------------------------------------------------------------------
seq_h                          apb_sequence_item  -     @2862                                        
  psel                         integral           1     'h0                                          
  continuous_psel              integral           1     'h0                                          
  penable                      integral           1     'h0                                          
  pready                       integral           1     'h0                                          
  paddr                        integral           32    'h4b                                         
  pwrite                       integral           1     'h1                                          
  prdata                       integral           32    'h0                                          
  pwdata                       integral           32    'h854a                                       
  pslverr                      integral           1     'h0                                          
  apb_state                    apb_state_e        2     ""                                           
  begin_time                   time               64    815                                          
  depth                        int                32    'd2                                          
  parent sequence (name)       string             7     write_h                                      
  parent sequence (full name)  string             45    uvm_test_top.env_h.act_agent_h.seqr_h.write_h
  sequencer                    string             37    uvm_test_top.env_h.act_agent_h.seqr_h        
-----------------------------------------------------------------------------------------------------

UVM_INFO /home/dvft1103/dvft11/uvm/apb_project/verification/agent/apb_driver.sv(52) @ 815: uvm_test_top.env_h.act_agent_h.drv_h [DRIVER] Displaying from apb_driver=-----------------------------------------------------------------------------------------------------
Name                           Type               Size  Value                                        
-----------------------------------------------------------------------------------------------------
seq_h                          apb_sequence_item  -     @2862                                        
  psel                         integral           1     'h0                                          
  continuous_psel              integral           1     'h0                                          
  penable                      integral           1     'h0                                          
  pready                       integral           1     'h0                                          
  paddr                        integral           32    'h4b                                         
  pwrite                       integral           1     'h1                                          
  prdata                       integral           32    'h0                                          
  pwdata                       integral           32    'h854a                                       
  pslverr                      integral           1     'h0                                          
  apb_state                    apb_state_e        2     ""                                           
  begin_time                   time               64    815                                          
  depth                        int                32    'd2                                          
  parent sequence (name)       string             7     write_h                                      
  parent sequence (full name)  string             45    uvm_test_top.env_h.act_agent_h.seqr_h.write_h
  sequencer                    string             37    uvm_test_top.env_h.act_agent_h.seqr_h        
-----------------------------------------------------------------------------------------------------

UVM_INFO /home/dvft1103/dvft11/uvm/apb_project/verification/agent/apb_driver.sv(63) @ 815: uvm_test_top.env_h.act_agent_h.drv_h [[DRV]] Entered SETUP State
UVM_INFO /home/dvft1103/dvft11/uvm/apb_project/verification/env/apb_score_board.sv(51) @ 820: uvm_test_top.env_h.sb_h [[SB]] [ACTIVE] paddr=0x0 pwrite=0 pwdata=0x0 prdata=0x0 pslverr=0
UVM_INFO /home/dvft1103/dvft11/uvm/apb_project/verification/agent/apb_active_monitor.sv(57) @ 820: uvm_test_top.env_h.act_agent_h.act_mon_h [[ACTIVE_MON]] setup detected:::::- --------------------------------------------------
Name               Type               Size  Value 
--------------------------------------------------
seq_h              apb_sequence_item  -     @2876 
  psel             integral           1     'h1   
  continuous_psel  integral           1     'h0   
  penable          integral           1     'h0   
  pready           integral           1     'h1   
  paddr            integral           32    'h4b  
  pwrite           integral           1     'h1   
  prdata           integral           32    'h0   
  pwdata           integral           32    'h854a
  pslverr          integral           1     'h0   
  apb_state        apb_state_e        2     IDLE  
--------------------------------------------------

UVM_INFO /home/dvft1103/dvft11/uvm/apb_project/verification/env/apb_score_board.sv(51) @ 820: uvm_test_top.env_h.sb_h [[SB]] [ACTIVE] paddr=0x4b pwrite=1 pwdata=0x854a prdata=0x0 pslverr=0
UVM_INFO /home/dvft1103/dvft11/uvm/apb_project/verification/env/apb_score_board.sv(61) @ 820: uvm_test_top.env_h.sb_h [[SB]] [PASSIVE] paddr=0x0 pwrite=0 pwdata=0x0 prdata=0x0 pslverr=0
UVM_WARNING /home/dvft1103/dvft11/uvm/apb_project/verification/env/apb_score_board.sv(150) @ 820: uvm_test_top.env_h.sb_h [[SB]] [820] READ from uninitialised addr 0x0 --- no ref
UVM_INFO /home/dvft1103/dvft11/uvm/apb_project/verification/agent/apb_passive_monitor.sv(52) @ 820: uvm_test_top.env_h.pas_agent_h.pas_mon_h [[PASSIVE_MON]] setup detected:::::- --------------------------------------------------
Name               Type               Size  Value 
--------------------------------------------------
seq_h              apb_sequence_item  -     @2902 
  psel             integral           1     'h1   
  continuous_psel  integral           1     'h0   
  penable          integral           1     'h0   
  pready           integral           1     'h1   
  paddr            integral           32    'h4b  
  pwrite           integral           1     'h1   
  prdata           integral           32    'h0   
  pwdata           integral           32    'h854a
  pslverr          integral           1     'h0   
  apb_state        apb_state_e        2     IDLE  
--------------------------------------------------

UVM_INFO /home/dvft1103/dvft11/uvm/apb_project/verification/env/apb_score_board.sv(61) @ 820: uvm_test_top.env_h.sb_h [[SB]] [PASSIVE] paddr=0x4b pwrite=1 pwdata=0x854a prdata=0x0 pslverr=0
UVM_INFO /home/dvft1103/dvft11/uvm/apb_project/verification/env/apb_score_board.sv(128) @ 820: uvm_test_top.env_h.sb_h [[SB]] [820]WRITE PASS:mem[0x4b]=0x854a
UVM_INFO /home/dvft1103/dvft11/uvm/apb_project/verification/agent/apb_driver.sv(81) @ 825: uvm_test_top.env_h.act_agent_h.drv_h [[DRV]] Entered ACCESS State
UVM_INFO /home/dvft1103/dvft11/uvm/apb_project/verification/env/apb_score_board.sv(51) @ 830: uvm_test_top.env_h.sb_h [[SB]] [ACTIVE] paddr=0x4b pwrite=1 pwdata=0x854a prdata=0x0 pslverr=0
UVM_INFO /home/dvft1103/dvft11/uvm/apb_project/verification/env/apb_score_board.sv(61) @ 830: uvm_test_top.env_h.sb_h [[SB]] [PASSIVE] paddr=0x4b pwrite=1 pwdata=0x854a prdata=0x0 pslverr=0
UVM_INFO /home/dvft1103/dvft11/uvm/apb_project/verification/env/apb_score_board.sv(128) @ 830: uvm_test_top.env_h.sb_h [[SB]] [830]WRITE PASS:mem[0x4b]=0x854a
UVM_INFO /home/dvft1103/dvft11/uvm/apb_project/verification/agent/apb_driver.sv(107) @ 855: uvm_test_top.env_h.act_agent_h.drv_h [[DRV]] Pready occured at wait_count=2 75 34122
UVM_INFO /home/dvft1103/dvft11/uvm/apb_project/verification/env/apb_score_board.sv(51) @ 860: uvm_test_top.env_h.sb_h [[SB]] [ACTIVE] paddr=0x4b pwrite=1 pwdata=0x854a prdata=0x0 pslverr=0
UVM_INFO /home/dvft1103/dvft11/uvm/apb_project/verification/agent/apb_active_monitor.sv(85) @ 860: uvm_test_top.env_h.act_agent_h.act_mon_h [[ACTIVE_MON]]  Transaction sent to scoreboard
UVM_INFO /home/dvft1103/dvft11/uvm/apb_project/verification/env/apb_score_board.sv(61) @ 860: uvm_test_top.env_h.sb_h [[SB]] [PASSIVE] paddr=0x4b pwrite=1 pwdata=0x854a prdata=0x0 pslverr=0
UVM_INFO /home/dvft1103/dvft11/uvm/apb_project/verification/env/apb_score_board.sv(128) @ 860: uvm_test_top.env_h.sb_h [[SB]] [860]WRITE PASS:mem[0x4b]=0x854a
UVM_INFO /home/dvft1103/dvft11/uvm/apb_project/verification/agent/apb_passive_monitor.sv(79) @ 860: uvm_test_top.env_h.pas_agent_h.pas_mon_h [[PASSIVE_MON]]  Transaction sent to scoreboard
UVM_INFO /home/dvft1103/dvft11/uvm/apb_project/verification/agent/apb_driver.sv(110) @ 865: uvm_test_top.env_h.act_agent_h.drv_h [[DRV]] Transaction completed
UVM_INFO /home/dvft1103/dvft11/uvm/apb_project/verification/test/apb_write_seq.sv(30) @ 875: uvm_test_top.env_h.act_agent_h.seqr_h@@write_h [w_seq] Dispalying From apb_write_seq=-----------------------------------------------------------------------------------------------------
Name                           Type               Size  Value                                        
-----------------------------------------------------------------------------------------------------
seq_h                          apb_sequence_item  -     @2986                                        
  psel                         integral           1     'h0                                          
  continuous_psel              integral           1     'h0                                          
  penable                      integral           1     'h0                                          
  pready                       integral           1     'h0                                          
  paddr                        integral           32    'hd3                                         
  pwrite                       integral           1     'h1                                          
  prdata                       integral           32    'h0                                          
  pwdata                       integral           32    'h27fe                                       
  pslverr                      integral           1     'h0                                          
  apb_state                    apb_state_e        2     ""                                           
  begin_time                   time               64    875                                          
  depth                        int                32    'd2                                          
  parent sequence (name)       string             7     write_h                                      
  parent sequence (full name)  string             45    uvm_test_top.env_h.act_agent_h.seqr_h.write_h
  sequencer                    string             37    uvm_test_top.env_h.act_agent_h.seqr_h        
-----------------------------------------------------------------------------------------------------

UVM_INFO /home/dvft1103/dvft11/uvm/apb_project/verification/agent/apb_driver.sv(52) @ 875: uvm_test_top.env_h.act_agent_h.drv_h [DRIVER] Displaying from apb_driver=-----------------------------------------------------------------------------------------------------
Name                           Type               Size  Value                                        
-----------------------------------------------------------------------------------------------------
seq_h                          apb_sequence_item  -     @2986                                        
  psel                         integral           1     'h0                                          
  continuous_psel              integral           1     'h0                                          
  penable                      integral           1     'h0                                          
  pready                       integral           1     'h0                                          
  paddr                        integral           32    'hd3                                         
  pwrite                       integral           1     'h1                                          
  prdata                       integral           32    'h0                                          
  pwdata                       integral           32    'h27fe                                       
  pslverr                      integral           1     'h0                                          
  apb_state                    apb_state_e        2     ""                                           
  begin_time                   time               64    875                                          
  depth                        int                32    'd2                                          
  parent sequence (name)       string             7     write_h                                      
  parent sequence (full name)  string             45    uvm_test_top.env_h.act_agent_h.seqr_h.write_h
  sequencer                    string             37    uvm_test_top.env_h.act_agent_h.seqr_h        
-----------------------------------------------------------------------------------------------------

UVM_INFO /home/dvft1103/dvft11/uvm/apb_project/verification/agent/apb_driver.sv(63) @ 875: uvm_test_top.env_h.act_agent_h.drv_h [[DRV]] Entered SETUP State
UVM_INFO /home/dvft1103/dvft11/uvm/apb_project/verification/env/apb_score_board.sv(51) @ 880: uvm_test_top.env_h.sb_h [[SB]] [ACTIVE] paddr=0x0 pwrite=0 pwdata=0x0 prdata=0x0 pslverr=0
UVM_INFO /home/dvft1103/dvft11/uvm/apb_project/verification/agent/apb_active_monitor.sv(57) @ 880: uvm_test_top.env_h.act_agent_h.act_mon_h [[ACTIVE_MON]] setup detected:::::- --------------------------------------------------
Name               Type               Size  Value 
--------------------------------------------------
seq_h              apb_sequence_item  -     @3000 
  psel             integral           1     'h1   
  continuous_psel  integral           1     'h0   
  penable          integral           1     'h0   
  pready           integral           1     'h1   
  paddr            integral           32    'hd3  
  pwrite           integral           1     'h1   
  prdata           integral           32    'h0   
  pwdata           integral           32    'h27fe
  pslverr          integral           1     'h0   
  apb_state        apb_state_e        2     IDLE  
--------------------------------------------------

UVM_INFO /home/dvft1103/dvft11/uvm/apb_project/verification/env/apb_score_board.sv(51) @ 880: uvm_test_top.env_h.sb_h [[SB]] [ACTIVE] paddr=0xd3 pwrite=1 pwdata=0x27fe prdata=0x0 pslverr=0
UVM_INFO /home/dvft1103/dvft11/uvm/apb_project/verification/env/apb_score_board.sv(61) @ 880: uvm_test_top.env_h.sb_h [[SB]] [PASSIVE] paddr=0x0 pwrite=0 pwdata=0x0 prdata=0x0 pslverr=0
UVM_WARNING /home/dvft1103/dvft11/uvm/apb_project/verification/env/apb_score_board.sv(150) @ 880: uvm_test_top.env_h.sb_h [[SB]] [880] READ from uninitialised addr 0x0 --- no ref
UVM_INFO /home/dvft1103/dvft11/uvm/apb_project/verification/agent/apb_passive_monitor.sv(52) @ 880: uvm_test_top.env_h.pas_agent_h.pas_mon_h [[PASSIVE_MON]] setup detected:::::- --------------------------------------------------
Name               Type               Size  Value 
--------------------------------------------------
seq_h              apb_sequence_item  -     @3026 
  psel             integral           1     'h1   
  continuous_psel  integral           1     'h0   
  penable          integral           1     'h0   
  pready           integral           1     'h1   
  paddr            integral           32    'hd3  
  pwrite           integral           1     'h1   
  prdata           integral           32    'h0   
  pwdata           integral           32    'h27fe
  pslverr          integral           1     'h0   
  apb_state        apb_state_e        2     IDLE  
--------------------------------------------------

UVM_INFO /home/dvft1103/dvft11/uvm/apb_project/verification/env/apb_score_board.sv(61) @ 880: uvm_test_top.env_h.sb_h [[SB]] [PASSIVE] paddr=0xd3 pwrite=1 pwdata=0x27fe prdata=0x0 pslverr=0
UVM_INFO /home/dvft1103/dvft11/uvm/apb_project/verification/env/apb_score_board.sv(128) @ 880: uvm_test_top.env_h.sb_h [[SB]] [880]WRITE PASS:mem[0xd3]=0x27fe
UVM_INFO /home/dvft1103/dvft11/uvm/apb_project/verification/agent/apb_driver.sv(81) @ 885: uvm_test_top.env_h.act_agent_h.drv_h [[DRV]] Entered ACCESS State
UVM_INFO /home/dvft1103/dvft11/uvm/apb_project/verification/env/apb_score_board.sv(51) @ 890: uvm_test_top.env_h.sb_h [[SB]] [ACTIVE] paddr=0xd3 pwrite=1 pwdata=0x27fe prdata=0x0 pslverr=0
UVM_INFO /home/dvft1103/dvft11/uvm/apb_project/verification/env/apb_score_board.sv(51) @ 890: uvm_test_top.env_h.sb_h [[SB]] [ACTIVE] paddr=0xd3 pwrite=1 pwdata=0x27fe prdata=0x0 pslverr=0
UVM_INFO /home/dvft1103/dvft11/uvm/apb_project/verification/agent/apb_active_monitor.sv(85) @ 890: uvm_test_top.env_h.act_agent_h.act_mon_h [[ACTIVE_MON]]  Transaction sent to scoreboard
UVM_INFO /home/dvft1103/dvft11/uvm/apb_project/verification/env/apb_score_board.sv(61) @ 890: uvm_test_top.env_h.sb_h [[SB]] [PASSIVE] paddr=0xd3 pwrite=1 pwdata=0x27fe prdata=0x0 pslverr=0
UVM_INFO /home/dvft1103/dvft11/uvm/apb_project/verification/env/apb_score_board.sv(128) @ 890: uvm_test_top.env_h.sb_h [[SB]] [890]WRITE PASS:mem[0xd3]=0x27fe
UVM_INFO /home/dvft1103/dvft11/uvm/apb_project/verification/env/apb_score_board.sv(61) @ 890: uvm_test_top.env_h.sb_h [[SB]] [PASSIVE] paddr=0xd3 pwrite=1 pwdata=0x27fe prdata=0x0 pslverr=0
UVM_INFO /home/dvft1103/dvft11/uvm/apb_project/verification/env/apb_score_board.sv(128) @ 890: uvm_test_top.env_h.sb_h [[SB]] [890]WRITE PASS:mem[0xd3]=0x27fe
UVM_INFO /home/dvft1103/dvft11/uvm/apb_project/verification/agent/apb_passive_monitor.sv(79) @ 890: uvm_test_top.env_h.pas_agent_h.pas_mon_h [[PASSIVE_MON]]  Transaction sent to scoreboard
UVM_INFO /home/dvft1103/dvft11/uvm/apb_project/verification/agent/apb_driver.sv(107) @ 925: uvm_test_top.env_h.act_agent_h.drv_h [[DRV]] Pready occured at wait_count=3 211 10238
UVM_INFO /home/dvft1103/dvft11/uvm/apb_project/verification/agent/apb_driver.sv(110) @ 935: uvm_test_top.env_h.act_agent_h.drv_h [[DRV]] Transaction completed
UVM_ERROR @ 935: uvm_test_top.env_h.act_agent_h.seqr_h@@write_h [uvm_test_top.env_h.act_agent_h.seqr_h.write_h] Response queue overflow, response was dropped
UVM_INFO /home/dvft1103/dvft11/uvm/apb_project/verification/test/apb_write_seq.sv(30) @ 945: uvm_test_top.env_h.act_agent_h.seqr_h@@write_h [w_seq] Dispalying From apb_write_seq=-----------------------------------------------------------------------------------------------------
Name                           Type               Size  Value                                        
-----------------------------------------------------------------------------------------------------
seq_h                          apb_sequence_item  -     @3112                                        
  psel                         integral           1     'h0                                          
  continuous_psel              integral           1     'h0                                          
  penable                      integral           1     'h0                                          
  pready                       integral           1     'h0                                          
  paddr                        integral           32    'hd5                                         
  pwrite                       integral           1     'h1                                          
  prdata                       integral           32    'h0                                          
  pwdata                       integral           32    'h59e6                                       
  pslverr                      integral           1     'h0                                          
  apb_state                    apb_state_e        2     ""                                           
  begin_time                   time               64    945                                          
  depth                        int                32    'd2                                          
  parent sequence (name)       string             7     write_h                                      
  parent sequence (full name)  string             45    uvm_test_top.env_h.act_agent_h.seqr_h.write_h
  sequencer                    string             37    uvm_test_top.env_h.act_agent_h.seqr_h        
-----------------------------------------------------------------------------------------------------

UVM_INFO /home/dvft1103/dvft11/uvm/apb_project/verification/agent/apb_driver.sv(52) @ 945: uvm_test_top.env_h.act_agent_h.drv_h [DRIVER] Displaying from apb_driver=-----------------------------------------------------------------------------------------------------
Name                           Type               Size  Value                                        
-----------------------------------------------------------------------------------------------------
seq_h                          apb_sequence_item  -     @3112                                        
  psel                         integral           1     'h0                                          
  continuous_psel              integral           1     'h0                                          
  penable                      integral           1     'h0                                          
  pready                       integral           1     'h0                                          
  paddr                        integral           32    'hd5                                         
  pwrite                       integral           1     'h1                                          
  prdata                       integral           32    'h0                                          
  pwdata                       integral           32    'h59e6                                       
  pslverr                      integral           1     'h0                                          
  apb_state                    apb_state_e        2     ""                                           
  begin_time                   time               64    945                                          
  depth                        int                32    'd2                                          
  parent sequence (name)       string             7     write_h                                      
  parent sequence (full name)  string             45    uvm_test_top.env_h.act_agent_h.seqr_h.write_h
  sequencer                    string             37    uvm_test_top.env_h.act_agent_h.seqr_h        
-----------------------------------------------------------------------------------------------------

UVM_INFO /home/dvft1103/dvft11/uvm/apb_project/verification/agent/apb_driver.sv(63) @ 945: uvm_test_top.env_h.act_agent_h.drv_h [[DRV]] Entered SETUP State
UVM_INFO /home/dvft1103/dvft11/uvm/apb_project/verification/env/apb_score_board.sv(51) @ 950: uvm_test_top.env_h.sb_h [[SB]] [ACTIVE] paddr=0x0 pwrite=0 pwdata=0x0 prdata=0x0 pslverr=0
UVM_INFO /home/dvft1103/dvft11/uvm/apb_project/verification/agent/apb_active_monitor.sv(57) @ 950: uvm_test_top.env_h.act_agent_h.act_mon_h [[ACTIVE_MON]] setup detected:::::- --------------------------------------------------
Name               Type               Size  Value 
--------------------------------------------------
seq_h              apb_sequence_item  -     @3126 
  psel             integral           1     'h1   
  continuous_psel  integral           1     'h0   
  penable          integral           1     'h0   
  pready           integral           1     'h1   
  paddr            integral           32    'hd5  
  pwrite           integral           1     'h1   
  prdata           integral           32    'h0   
  pwdata           integral           32    'h59e6
  pslverr          integral           1     'h0   
  apb_state        apb_state_e        2     IDLE  
--------------------------------------------------

UVM_INFO /home/dvft1103/dvft11/uvm/apb_project/verification/env/apb_score_board.sv(51) @ 950: uvm_test_top.env_h.sb_h [[SB]] [ACTIVE] paddr=0xd5 pwrite=1 pwdata=0x59e6 prdata=0x0 pslverr=0
UVM_INFO /home/dvft1103/dvft11/uvm/apb_project/verification/env/apb_score_board.sv(61) @ 950: uvm_test_top.env_h.sb_h [[SB]] [PASSIVE] paddr=0x0 pwrite=0 pwdata=0x0 prdata=0x0 pslverr=0
UVM_WARNING /home/dvft1103/dvft11/uvm/apb_project/verification/env/apb_score_board.sv(150) @ 950: uvm_test_top.env_h.sb_h [[SB]] [950] READ from uninitialised addr 0x0 --- no ref
UVM_INFO /home/dvft1103/dvft11/uvm/apb_project/verification/agent/apb_passive_monitor.sv(52) @ 950: uvm_test_top.env_h.pas_agent_h.pas_mon_h [[PASSIVE_MON]] setup detected:::::- --------------------------------------------------
Name               Type               Size  Value 
--------------------------------------------------
seq_h              apb_sequence_item  -     @3152 
  psel             integral           1     'h1   
  continuous_psel  integral           1     'h0   
  penable          integral           1     'h0   
  pready           integral           1     'h1   
  paddr            integral           32    'hd5  
  pwrite           integral           1     'h1   
  prdata           integral           32    'h0   
  pwdata           integral           32    'h59e6
  pslverr          integral           1     'h0   
  apb_state        apb_state_e        2     IDLE  
--------------------------------------------------

UVM_INFO /home/dvft1103/dvft11/uvm/apb_project/verification/env/apb_score_board.sv(61) @ 950: uvm_test_top.env_h.sb_h [[SB]] [PASSIVE] paddr=0xd5 pwrite=1 pwdata=0x59e6 prdata=0x0 pslverr=0
UVM_INFO /home/dvft1103/dvft11/uvm/apb_project/verification/env/apb_score_board.sv(128) @ 950: uvm_test_top.env_h.sb_h [[SB]] [950]WRITE PASS:mem[0xd5]=0x59e6
UVM_INFO /home/dvft1103/dvft11/uvm/apb_project/verification/agent/apb_driver.sv(81) @ 955: uvm_test_top.env_h.act_agent_h.drv_h [[DRV]] Entered ACCESS State
UVM_INFO /home/dvft1103/dvft11/uvm/apb_project/verification/env/apb_score_board.sv(51) @ 960: uvm_test_top.env_h.sb_h [[SB]] [ACTIVE] paddr=0xd5 pwrite=1 pwdata=0x59e6 prdata=0x0 pslverr=0
UVM_INFO /home/dvft1103/dvft11/uvm/apb_project/verification/env/apb_score_board.sv(61) @ 960: uvm_test_top.env_h.sb_h [[SB]] [PASSIVE] paddr=0xd5 pwrite=1 pwdata=0x59e6 prdata=0x0 pslverr=0
UVM_INFO /home/dvft1103/dvft11/uvm/apb_project/verification/env/apb_score_board.sv(128) @ 960: uvm_test_top.env_h.sb_h [[SB]] [960]WRITE PASS:mem[0xd5]=0x59e6
UVM_INFO /home/dvft1103/dvft11/uvm/apb_project/verification/agent/apb_driver.sv(107) @ 985: uvm_test_top.env_h.act_agent_h.drv_h [[DRV]] Pready occured at wait_count=2 213 23014
UVM_INFO /home/dvft1103/dvft11/uvm/apb_project/verification/env/apb_score_board.sv(51) @ 990: uvm_test_top.env_h.sb_h [[SB]] [ACTIVE] paddr=0xd5 pwrite=1 pwdata=0x59e6 prdata=0x0 pslverr=0
UVM_INFO /home/dvft1103/dvft11/uvm/apb_project/verification/agent/apb_active_monitor.sv(85) @ 990: uvm_test_top.env_h.act_agent_h.act_mon_h [[ACTIVE_MON]]  Transaction sent to scoreboard
UVM_INFO /home/dvft1103/dvft11/uvm/apb_project/verification/env/apb_score_board.sv(61) @ 990: uvm_test_top.env_h.sb_h [[SB]] [PASSIVE] paddr=0xd5 pwrite=1 pwdata=0x59e6 prdata=0x0 pslverr=0
UVM_INFO /home/dvft1103/dvft11/uvm/apb_project/verification/env/apb_score_board.sv(128) @ 990: uvm_test_top.env_h.sb_h [[SB]] [990]WRITE PASS:mem[0xd5]=0x59e6
UVM_INFO /home/dvft1103/dvft11/uvm/apb_project/verification/agent/apb_passive_monitor.sv(79) @ 990: uvm_test_top.env_h.pas_agent_h.pas_mon_h [[PASSIVE_MON]]  Transaction sent to scoreboard
UVM_INFO /home/dvft1103/dvft11/uvm/apb_project/verification/agent/apb_driver.sv(110) @ 995: uvm_test_top.env_h.act_agent_h.drv_h [[DRV]] Transaction completed
UVM_ERROR @ 995: uvm_test_top.env_h.act_agent_h.seqr_h@@write_h [uvm_test_top.env_h.act_agent_h.seqr_h.write_h] Response queue overflow, response was dropped
UVM_INFO /home/dvft1103/dvft11/uvm/apb_project/verification/test/apb_read_seq.sv(35) @ 1005: uvm_test_top.env_h.act_agent_h.seqr_h@@read_h [apb_read_seq] Dispalying From apb_read_seq=----------------------------------------------------------------------------------------------------
Name                           Type               Size  Value                                       
----------------------------------------------------------------------------------------------------
seq_h                          apb_sequence_item  -     @3242                                       
  psel                         integral           1     'h0                                         
  continuous_psel              integral           1     'h0                                         
  penable                      integral           1     'h0                                         
  pready                       integral           1     'h0                                         
  paddr                        integral           32    'hb4                                        
  pwrite                       integral           1     'h0                                         
  prdata                       integral           32    'h0                                         
  pwdata                       integral           32    'h8c6c5eb7                                  
  pslverr                      integral           1     'h0                                         
  apb_state                    apb_state_e        2     ""                                          
  begin_time                   time               64    1005                                        
  depth                        int                32    'd2                                         
  parent sequence (name)       string             6     read_h                                      
  parent sequence (full name)  string             44    uvm_test_top.env_h.act_agent_h.seqr_h.read_h
  sequencer                    string             37    uvm_test_top.env_h.act_agent_h.seqr_h       
----------------------------------------------------------------------------------------------------

UVM_INFO /home/dvft1103/dvft11/uvm/apb_project/verification/agent/apb_driver.sv(52) @ 1005: uvm_test_top.env_h.act_agent_h.drv_h [DRIVER] Displaying from apb_driver=----------------------------------------------------------------------------------------------------
Name                           Type               Size  Value                                       
----------------------------------------------------------------------------------------------------
seq_h                          apb_sequence_item  -     @3242                                       
  psel                         integral           1     'h0                                         
  continuous_psel              integral           1     'h0                                         
  penable                      integral           1     'h0                                         
  pready                       integral           1     'h0                                         
  paddr                        integral           32    'hb4                                        
  pwrite                       integral           1     'h0                                         
  prdata                       integral           32    'h0                                         
  pwdata                       integral           32    'h8c6c5eb7                                  
  pslverr                      integral           1     'h0                                         
  apb_state                    apb_state_e        2     ""                                          
  begin_time                   time               64    1005                                        
  depth                        int                32    'd2                                         
  parent sequence (name)       string             6     read_h                                      
  parent sequence (full name)  string             44    uvm_test_top.env_h.act_agent_h.seqr_h.read_h
  sequencer                    string             37    uvm_test_top.env_h.act_agent_h.seqr_h       
----------------------------------------------------------------------------------------------------

UVM_INFO /home/dvft1103/dvft11/uvm/apb_project/verification/agent/apb_driver.sv(63) @ 1005: uvm_test_top.env_h.act_agent_h.drv_h [[DRV]] Entered SETUP State
UVM_INFO /home/dvft1103/dvft11/uvm/apb_project/verification/env/apb_score_board.sv(51) @ 1010: uvm_test_top.env_h.sb_h [[SB]] [ACTIVE] paddr=0x0 pwrite=0 pwdata=0x0 prdata=0x0 pslverr=0
UVM_INFO /home/dvft1103/dvft11/uvm/apb_project/verification/agent/apb_active_monitor.sv(57) @ 1010: uvm_test_top.env_h.act_agent_h.act_mon_h [[ACTIVE_MON]] setup detected:::::- ------------------------------------------------------
Name               Type               Size  Value     
------------------------------------------------------
seq_h              apb_sequence_item  -     @3256     
  psel             integral           1     'h1       
  continuous_psel  integral           1     'h0       
  penable          integral           1     'h0       
  pready           integral           1     'h1       
  paddr            integral           32    'hb4      
  pwrite           integral           1     'h0       
  prdata           integral           32    'h0       
  pwdata           integral           32    'h8c6c5eb7
  pslverr          integral           1     'h0       
  apb_state        apb_state_e        2     IDLE      
------------------------------------------------------

UVM_INFO /home/dvft1103/dvft11/uvm/apb_project/verification/env/apb_score_board.sv(51) @ 1010: uvm_test_top.env_h.sb_h [[SB]] [ACTIVE] paddr=0xb4 pwrite=0 pwdata=0x8c6c5eb7 prdata=0x0 pslverr=0
UVM_INFO /home/dvft1103/dvft11/uvm/apb_project/verification/env/apb_score_board.sv(61) @ 1010: uvm_test_top.env_h.sb_h [[SB]] [PASSIVE] paddr=0x0 pwrite=0 pwdata=0x0 prdata=0x0 pslverr=0
UVM_WARNING /home/dvft1103/dvft11/uvm/apb_project/verification/env/apb_score_board.sv(150) @ 1010: uvm_test_top.env_h.sb_h [[SB]] [1010] READ from uninitialised addr 0x0 --- no ref
UVM_INFO /home/dvft1103/dvft11/uvm/apb_project/verification/agent/apb_passive_monitor.sv(52) @ 1010: uvm_test_top.env_h.pas_agent_h.pas_mon_h [[PASSIVE_MON]] setup detected:::::- ------------------------------------------------------
Name               Type               Size  Value     
------------------------------------------------------
seq_h              apb_sequence_item  -     @3282     
  psel             integral           1     'h1       
  continuous_psel  integral           1     'h0       
  penable          integral           1     'h0       
  pready           integral           1     'h1       
  paddr            integral           32    'hb4      
  pwrite           integral           1     'h0       
  prdata           integral           32    'h0       
  pwdata           integral           32    'h8c6c5eb7
  pslverr          integral           1     'h0       
  apb_state        apb_state_e        2     IDLE      
------------------------------------------------------

UVM_INFO /home/dvft1103/dvft11/uvm/apb_project/verification/env/apb_score_board.sv(61) @ 1010: uvm_test_top.env_h.sb_h [[SB]] [PASSIVE] paddr=0xb4 pwrite=0 pwdata=0x8c6c5eb7 prdata=0x0 pslverr=0
UVM_WARNING /home/dvft1103/dvft11/uvm/apb_project/verification/env/apb_score_board.sv(150) @ 1010: uvm_test_top.env_h.sb_h [[SB]] [1010] READ from uninitialised addr 0xb4 --- no ref
UVM_INFO /home/dvft1103/dvft11/uvm/apb_project/verification/agent/apb_driver.sv(81) @ 1015: uvm_test_top.env_h.act_agent_h.drv_h [[DRV]] Entered ACCESS State
UVM_INFO /home/dvft1103/dvft11/uvm/apb_project/verification/env/apb_score_board.sv(51) @ 1020: uvm_test_top.env_h.sb_h [[SB]] [ACTIVE] paddr=0xb4 pwrite=0 pwdata=0x8c6c5eb7 prdata=0x0 pslverr=0
UVM_INFO /home/dvft1103/dvft11/uvm/apb_project/verification/env/apb_score_board.sv(61) @ 1020: uvm_test_top.env_h.sb_h [[SB]] [PASSIVE] paddr=0xb4 pwrite=0 pwdata=0x8c6c5eb7 prdata=0x0 pslverr=0
UVM_WARNING /home/dvft1103/dvft11/uvm/apb_project/verification/env/apb_score_board.sv(150) @ 1020: uvm_test_top.env_h.sb_h [[SB]] [1020] READ from uninitialised addr 0xb4 --- no ref
UVM_INFO /home/dvft1103/dvft11/uvm/apb_project/verification/agent/apb_driver.sv(107) @ 1025: uvm_test_top.env_h.act_agent_h.drv_h [[DRV]] Pready occured at wait_count=0 180 2355912375
UVM_INFO /home/dvft1103/dvft11/uvm/apb_project/verification/env/apb_score_board.sv(51) @ 1030: uvm_test_top.env_h.sb_h [[SB]] [ACTIVE] paddr=0xb4 pwrite=0 pwdata=0x8c6c5eb7 prdata=0xb4 pslverr=0
UVM_INFO /home/dvft1103/dvft11/uvm/apb_project/verification/agent/apb_active_monitor.sv(85) @ 1030: uvm_test_top.env_h.act_agent_h.act_mon_h [[ACTIVE_MON]]  Transaction sent to scoreboard
UVM_INFO /home/dvft1103/dvft11/uvm/apb_project/verification/env/apb_score_board.sv(61) @ 1030: uvm_test_top.env_h.sb_h [[SB]] [PASSIVE] paddr=0xb4 pwrite=0 pwdata=0x8c6c5eb7 prdata=0xb4 pslverr=0
UVM_WARNING /home/dvft1103/dvft11/uvm/apb_project/verification/env/apb_score_board.sv(150) @ 1030: uvm_test_top.env_h.sb_h [[SB]] [1030] READ from uninitialised addr 0xb4 --- no ref
UVM_INFO /home/dvft1103/dvft11/uvm/apb_project/verification/agent/apb_passive_monitor.sv(79) @ 1030: uvm_test_top.env_h.pas_agent_h.pas_mon_h [[PASSIVE_MON]]  Transaction sent to scoreboard
UVM_INFO /home/dvft1103/dvft11/uvm/apb_project/verification/agent/apb_driver.sv(110) @ 1035: uvm_test_top.env_h.act_agent_h.drv_h [[DRV]] Transaction completed
UVM_INFO /home/dvft1103/dvft11/uvm/apb_project/verification/test/apb_read_seq.sv(35) @ 1045: uvm_test_top.env_h.act_agent_h.seqr_h@@read_h [apb_read_seq] Dispalying From apb_read_seq=----------------------------------------------------------------------------------------------------
Name                           Type               Size  Value                                       
----------------------------------------------------------------------------------------------------
seq_h                          apb_sequence_item  -     @3366                                       
  psel                         integral           1     'h0                                         
  continuous_psel              integral           1     'h0                                         
  penable                      integral           1     'h0                                         
  pready                       integral           1     'h0                                         
  paddr                        integral           32    'hc2                                        
  pwrite                       integral           1     'h0                                         
  prdata                       integral           32    'h0                                         
  pwdata                       integral           32    'h4b17e738                                  
  pslverr                      integral           1     'h0                                         
  apb_state                    apb_state_e        2     ""                                          
  begin_time                   time               64    1045                                        
  depth                        int                32    'd2                                         
  parent sequence (name)       string             6     read_h                                      
  parent sequence (full name)  string             44    uvm_test_top.env_h.act_agent_h.seqr_h.read_h
  sequencer                    string             37    uvm_test_top.env_h.act_agent_h.seqr_h       
----------------------------------------------------------------------------------------------------

UVM_INFO /home/dvft1103/dvft11/uvm/apb_project/verification/agent/apb_driver.sv(52) @ 1045: uvm_test_top.env_h.act_agent_h.drv_h [DRIVER] Displaying from apb_driver=----------------------------------------------------------------------------------------------------
Name                           Type               Size  Value                                       
----------------------------------------------------------------------------------------------------
seq_h                          apb_sequence_item  -     @3366                                       
  psel                         integral           1     'h0                                         
  continuous_psel              integral           1     'h0                                         
  penable                      integral           1     'h0                                         
  pready                       integral           1     'h0                                         
  paddr                        integral           32    'hc2                                        
  pwrite                       integral           1     'h0                                         
  prdata                       integral           32    'h0                                         
  pwdata                       integral           32    'h4b17e738                                  
  pslverr                      integral           1     'h0                                         
  apb_state                    apb_state_e        2     ""                                          
  begin_time                   time               64    1045                                        
  depth                        int                32    'd2                                         
  parent sequence (name)       string             6     read_h                                      
  parent sequence (full name)  string             44    uvm_test_top.env_h.act_agent_h.seqr_h.read_h
  sequencer                    string             37    uvm_test_top.env_h.act_agent_h.seqr_h       
----------------------------------------------------------------------------------------------------

UVM_INFO /home/dvft1103/dvft11/uvm/apb_project/verification/agent/apb_driver.sv(63) @ 1045: uvm_test_top.env_h.act_agent_h.drv_h [[DRV]] Entered SETUP State
UVM_INFO /home/dvft1103/dvft11/uvm/apb_project/verification/env/apb_score_board.sv(51) @ 1050: uvm_test_top.env_h.sb_h [[SB]] [ACTIVE] paddr=0x0 pwrite=0 pwdata=0x0 prdata=0x0 pslverr=0
UVM_INFO /home/dvft1103/dvft11/uvm/apb_project/verification/agent/apb_active_monitor.sv(57) @ 1050: uvm_test_top.env_h.act_agent_h.act_mon_h [[ACTIVE_MON]] setup detected:::::- ------------------------------------------------------
Name               Type               Size  Value     
------------------------------------------------------
seq_h              apb_sequence_item  -     @3380     
  psel             integral           1     'h1       
  continuous_psel  integral           1     'h0       
  penable          integral           1     'h0       
  pready           integral           1     'h1       
  paddr            integral           32    'hc2      
  pwrite           integral           1     'h0       
  prdata           integral           32    'h0       
  pwdata           integral           32    'h4b17e738
  pslverr          integral           1     'h0       
  apb_state        apb_state_e        2     IDLE      
------------------------------------------------------

UVM_INFO /home/dvft1103/dvft11/uvm/apb_project/verification/env/apb_score_board.sv(51) @ 1050: uvm_test_top.env_h.sb_h [[SB]] [ACTIVE] paddr=0xc2 pwrite=0 pwdata=0x4b17e738 prdata=0x0 pslverr=0
UVM_INFO /home/dvft1103/dvft11/uvm/apb_project/verification/env/apb_score_board.sv(61) @ 1050: uvm_test_top.env_h.sb_h [[SB]] [PASSIVE] paddr=0x0 pwrite=0 pwdata=0x0 prdata=0x0 pslverr=0
UVM_WARNING /home/dvft1103/dvft11/uvm/apb_project/verification/env/apb_score_board.sv(150) @ 1050: uvm_test_top.env_h.sb_h [[SB]] [1050] READ from uninitialised addr 0x0 --- no ref
UVM_INFO /home/dvft1103/dvft11/uvm/apb_project/verification/agent/apb_passive_monitor.sv(52) @ 1050: uvm_test_top.env_h.pas_agent_h.pas_mon_h [[PASSIVE_MON]] setup detected:::::- ------------------------------------------------------
Name               Type               Size  Value     
------------------------------------------------------
seq_h              apb_sequence_item  -     @3406     
  psel             integral           1     'h1       
  continuous_psel  integral           1     'h0       
  penable          integral           1     'h0       
  pready           integral           1     'h1       
  paddr            integral           32    'hc2      
  pwrite           integral           1     'h0       
  prdata           integral           32    'h0       
  pwdata           integral           32    'h4b17e738
  pslverr          integral           1     'h0       
  apb_state        apb_state_e        2     IDLE      
------------------------------------------------------

UVM_INFO /home/dvft1103/dvft11/uvm/apb_project/verification/env/apb_score_board.sv(61) @ 1050: uvm_test_top.env_h.sb_h [[SB]] [PASSIVE] paddr=0xc2 pwrite=0 pwdata=0x4b17e738 prdata=0x0 pslverr=0
UVM_WARNING /home/dvft1103/dvft11/uvm/apb_project/verification/env/apb_score_board.sv(150) @ 1050: uvm_test_top.env_h.sb_h [[SB]] [1050] READ from uninitialised addr 0xc2 --- no ref
UVM_INFO /home/dvft1103/dvft11/uvm/apb_project/verification/agent/apb_driver.sv(81) @ 1055: uvm_test_top.env_h.act_agent_h.drv_h [[DRV]] Entered ACCESS State
UVM_INFO /home/dvft1103/dvft11/uvm/apb_project/verification/env/apb_score_board.sv(51) @ 1060: uvm_test_top.env_h.sb_h [[SB]] [ACTIVE] paddr=0xc2 pwrite=0 pwdata=0x4b17e738 prdata=0x0 pslverr=0
UVM_INFO /home/dvft1103/dvft11/uvm/apb_project/verification/env/apb_score_board.sv(61) @ 1060: uvm_test_top.env_h.sb_h [[SB]] [PASSIVE] paddr=0xc2 pwrite=0 pwdata=0x4b17e738 prdata=0x0 pslverr=0
UVM_WARNING /home/dvft1103/dvft11/uvm/apb_project/verification/env/apb_score_board.sv(150) @ 1060: uvm_test_top.env_h.sb_h [[SB]] [1060] READ from uninitialised addr 0xc2 --- no ref
UVM_INFO /home/dvft1103/dvft11/uvm/apb_project/verification/agent/apb_driver.sv(107) @ 1095: uvm_test_top.env_h.act_agent_h.drv_h [[DRV]] Pready occured at wait_count=3 194 1259857720
UVM_INFO /home/dvft1103/dvft11/uvm/apb_project/verification/env/apb_score_board.sv(51) @ 1100: uvm_test_top.env_h.sb_h [[SB]] [ACTIVE] paddr=0xc2 pwrite=0 pwdata=0x4b17e738 prdata=0xc2 pslverr=0
UVM_INFO /home/dvft1103/dvft11/uvm/apb_project/verification/agent/apb_active_monitor.sv(85) @ 1100: uvm_test_top.env_h.act_agent_h.act_mon_h [[ACTIVE_MON]]  Transaction sent to scoreboard
UVM_INFO /home/dvft1103/dvft11/uvm/apb_project/verification/env/apb_score_board.sv(61) @ 1100: uvm_test_top.env_h.sb_h [[SB]] [PASSIVE] paddr=0xc2 pwrite=0 pwdata=0x4b17e738 prdata=0xc2 pslverr=0
UVM_WARNING /home/dvft1103/dvft11/uvm/apb_project/verification/env/apb_score_board.sv(150) @ 1100: uvm_test_top.env_h.sb_h [[SB]] [1100] READ from uninitialised addr 0xc2 --- no ref
UVM_INFO /home/dvft1103/dvft11/uvm/apb_project/verification/agent/apb_passive_monitor.sv(79) @ 1100: uvm_test_top.env_h.pas_agent_h.pas_mon_h [[PASSIVE_MON]]  Transaction sent to scoreboard
UVM_INFO /home/dvft1103/dvft11/uvm/apb_project/verification/agent/apb_driver.sv(110) @ 1105: uvm_test_top.env_h.act_agent_h.drv_h [[DRV]] Transaction completed
UVM_INFO /home/dvft1103/dvft11/uvm/apb_project/verification/test/apb_read_seq.sv(35) @ 1115: uvm_test_top.env_h.act_agent_h.seqr_h@@read_h [apb_read_seq] Dispalying From apb_read_seq=----------------------------------------------------------------------------------------------------
Name                           Type               Size  Value                                       
----------------------------------------------------------------------------------------------------
seq_h                          apb_sequence_item  -     @3490                                       
  psel                         integral           1     'h0                                         
  continuous_psel              integral           1     'h0                                         
  penable                      integral           1     'h0                                         
  pready                       integral           1     'h0                                         
  paddr                        integral           32    'h5f                                        
  pwrite                       integral           1     'h0                                         
  prdata                       integral           32    'h0                                         
  pwdata                       integral           32    'hd11eed41                                  
  pslverr                      integral           1     'h0                                         
  apb_state                    apb_state_e        2     ""                                          
  begin_time                   time               64    1115                                        
  depth                        int                32    'd2                                         
  parent sequence (name)       string             6     read_h                                      
  parent sequence (full name)  string             44    uvm_test_top.env_h.act_agent_h.seqr_h.read_h
  sequencer                    string             37    uvm_test_top.env_h.act_agent_h.seqr_h       
----------------------------------------------------------------------------------------------------

UVM_INFO /home/dvft1103/dvft11/uvm/apb_project/verification/agent/apb_driver.sv(52) @ 1115: uvm_test_top.env_h.act_agent_h.drv_h [DRIVER] Displaying from apb_driver=----------------------------------------------------------------------------------------------------
Name                           Type               Size  Value                                       
----------------------------------------------------------------------------------------------------
seq_h                          apb_sequence_item  -     @3490                                       
  psel                         integral           1     'h0                                         
  continuous_psel              integral           1     'h0                                         
  penable                      integral           1     'h0                                         
  pready                       integral           1     'h0                                         
  paddr                        integral           32    'h5f                                        
  pwrite                       integral           1     'h0                                         
  prdata                       integral           32    'h0                                         
  pwdata                       integral           32    'hd11eed41                                  
  pslverr                      integral           1     'h0                                         
  apb_state                    apb_state_e        2     ""                                          
  begin_time                   time               64    1115                                        
  depth                        int                32    'd2                                         
  parent sequence (name)       string             6     read_h                                      
  parent sequence (full name)  string             44    uvm_test_top.env_h.act_agent_h.seqr_h.read_h
  sequencer                    string             37    uvm_test_top.env_h.act_agent_h.seqr_h       
----------------------------------------------------------------------------------------------------

UVM_INFO /home/dvft1103/dvft11/uvm/apb_project/verification/agent/apb_driver.sv(63) @ 1115: uvm_test_top.env_h.act_agent_h.drv_h [[DRV]] Entered SETUP State
UVM_INFO /home/dvft1103/dvft11/uvm/apb_project/verification/env/apb_score_board.sv(51) @ 1120: uvm_test_top.env_h.sb_h [[SB]] [ACTIVE] paddr=0x0 pwrite=0 pwdata=0x0 prdata=0x0 pslverr=0
UVM_INFO /home/dvft1103/dvft11/uvm/apb_project/verification/agent/apb_active_monitor.sv(57) @ 1120: uvm_test_top.env_h.act_agent_h.act_mon_h [[ACTIVE_MON]] setup detected:::::- ------------------------------------------------------
Name               Type               Size  Value     
------------------------------------------------------
seq_h              apb_sequence_item  -     @3504     
  psel             integral           1     'h1       
  continuous_psel  integral           1     'h0       
  penable          integral           1     'h0       
  pready           integral           1     'h1       
  paddr            integral           32    'h5f      
  pwrite           integral           1     'h0       
  prdata           integral           32    'h0       
  pwdata           integral           32    'hd11eed41
  pslverr          integral           1     'h0       
  apb_state        apb_state_e        2     IDLE      
------------------------------------------------------

UVM_INFO /home/dvft1103/dvft11/uvm/apb_project/verification/env/apb_score_board.sv(51) @ 1120: uvm_test_top.env_h.sb_h [[SB]] [ACTIVE] paddr=0x5f pwrite=0 pwdata=0xd11eed41 prdata=0x0 pslverr=0
UVM_INFO /home/dvft1103/dvft11/uvm/apb_project/verification/env/apb_score_board.sv(61) @ 1120: uvm_test_top.env_h.sb_h [[SB]] [PASSIVE] paddr=0x0 pwrite=0 pwdata=0x0 prdata=0x0 pslverr=0
UVM_WARNING /home/dvft1103/dvft11/uvm/apb_project/verification/env/apb_score_board.sv(150) @ 1120: uvm_test_top.env_h.sb_h [[SB]] [1120] READ from uninitialised addr 0x0 --- no ref
UVM_INFO /home/dvft1103/dvft11/uvm/apb_project/verification/agent/apb_passive_monitor.sv(52) @ 1120: uvm_test_top.env_h.pas_agent_h.pas_mon_h [[PASSIVE_MON]] setup detected:::::- ------------------------------------------------------
Name               Type               Size  Value     
------------------------------------------------------
seq_h              apb_sequence_item  -     @3530     
  psel             integral           1     'h1       
  continuous_psel  integral           1     'h0       
  penable          integral           1     'h0       
  pready           integral           1     'h1       
  paddr            integral           32    'h5f      
  pwrite           integral           1     'h0       
  prdata           integral           32    'h0       
  pwdata           integral           32    'hd11eed41
  pslverr          integral           1     'h0       
  apb_state        apb_state_e        2     IDLE      
------------------------------------------------------

UVM_INFO /home/dvft1103/dvft11/uvm/apb_project/verification/env/apb_score_board.sv(61) @ 1120: uvm_test_top.env_h.sb_h [[SB]] [PASSIVE] paddr=0x5f pwrite=0 pwdata=0xd11eed41 prdata=0x0 pslverr=0
UVM_WARNING /home/dvft1103/dvft11/uvm/apb_project/verification/env/apb_score_board.sv(150) @ 1120: uvm_test_top.env_h.sb_h [[SB]] [1120] READ from uninitialised addr 0x5f --- no ref
UVM_INFO /home/dvft1103/dvft11/uvm/apb_project/verification/agent/apb_driver.sv(81) @ 1125: uvm_test_top.env_h.act_agent_h.drv_h [[DRV]] Entered ACCESS State
UVM_INFO /home/dvft1103/dvft11/uvm/apb_project/verification/env/apb_score_board.sv(51) @ 1130: uvm_test_top.env_h.sb_h [[SB]] [ACTIVE] paddr=0x5f pwrite=0 pwdata=0xd11eed41 prdata=0x0 pslverr=0
UVM_INFO /home/dvft1103/dvft11/uvm/apb_project/verification/env/apb_score_board.sv(61) @ 1130: uvm_test_top.env_h.sb_h [[SB]] [PASSIVE] paddr=0x5f pwrite=0 pwdata=0xd11eed41 prdata=0x0 pslverr=0
UVM_WARNING /home/dvft1103/dvft11/uvm/apb_project/verification/env/apb_score_board.sv(150) @ 1130: uvm_test_top.env_h.sb_h [[SB]] [1130] READ from uninitialised addr 0x5f --- no ref
UVM_INFO /home/dvft1103/dvft11/uvm/apb_project/verification/agent/apb_driver.sv(107) @ 1165: uvm_test_top.env_h.act_agent_h.drv_h [[DRV]] Pready occured at wait_count=3 95 3508464961
UVM_INFO /home/dvft1103/dvft11/uvm/apb_project/verification/env/apb_score_board.sv(51) @ 1170: uvm_test_top.env_h.sb_h [[SB]] [ACTIVE] paddr=0x5f pwrite=0 pwdata=0xd11eed41 prdata=0x5f pslverr=0
UVM_INFO /home/dvft1103/dvft11/uvm/apb_project/verification/agent/apb_active_monitor.sv(85) @ 1170: uvm_test_top.env_h.act_agent_h.act_mon_h [[ACTIVE_MON]]  Transaction sent to scoreboard
UVM_INFO /home/dvft1103/dvft11/uvm/apb_project/verification/env/apb_score_board.sv(61) @ 1170: uvm_test_top.env_h.sb_h [[SB]] [PASSIVE] paddr=0x5f pwrite=0 pwdata=0xd11eed41 prdata=0x5f pslverr=0
UVM_WARNING /home/dvft1103/dvft11/uvm/apb_project/verification/env/apb_score_board.sv(150) @ 1170: uvm_test_top.env_h.sb_h [[SB]] [1170] READ from uninitialised addr 0x5f --- no ref
UVM_INFO /home/dvft1103/dvft11/uvm/apb_project/verification/agent/apb_passive_monitor.sv(79) @ 1170: uvm_test_top.env_h.pas_agent_h.pas_mon_h [[PASSIVE_MON]]  Transaction sent to scoreboard
UVM_INFO /home/dvft1103/dvft11/uvm/apb_project/verification/agent/apb_driver.sv(110) @ 1175: uvm_test_top.env_h.act_agent_h.drv_h [[DRV]] Transaction completed
UVM_INFO /home/dvft1103/dvft11/uvm/apb_project/verification/test/apb_read_seq.sv(35) @ 1185: uvm_test_top.env_h.act_agent_h.seqr_h@@read_h [apb_read_seq] Dispalying From apb_read_seq=----------------------------------------------------------------------------------------------------
Name                           Type               Size  Value                                       
----------------------------------------------------------------------------------------------------
seq_h                          apb_sequence_item  -     @3614                                       
  psel                         integral           1     'h0                                         
  continuous_psel              integral           1     'h0                                         
  penable                      integral           1     'h0                                         
  pready                       integral           1     'h0                                         
  paddr                        integral           32    'hfa                                        
  pwrite                       integral           1     'h0                                         
  prdata                       integral           32    'h0                                         
  pwdata                       integral           32    'he204cf2b                                  
  pslverr                      integral           1     'h0                                         
  apb_state                    apb_state_e        2     ""                                          
  begin_time                   time               64    1185                                        
  depth                        int                32    'd2                                         
  parent sequence (name)       string             6     read_h                                      
  parent sequence (full name)  string             44    uvm_test_top.env_h.act_agent_h.seqr_h.read_h
  sequencer                    string             37    uvm_test_top.env_h.act_agent_h.seqr_h       
----------------------------------------------------------------------------------------------------

UVM_INFO /home/dvft1103/dvft11/uvm/apb_project/verification/agent/apb_driver.sv(52) @ 1185: uvm_test_top.env_h.act_agent_h.drv_h [DRIVER] Displaying from apb_driver=----------------------------------------------------------------------------------------------------
Name                           Type               Size  Value                                       
----------------------------------------------------------------------------------------------------
seq_h                          apb_sequence_item  -     @3614                                       
  psel                         integral           1     'h0                                         
  continuous_psel              integral           1     'h0                                         
  penable                      integral           1     'h0                                         
  pready                       integral           1     'h0                                         
  paddr                        integral           32    'hfa                                        
  pwrite                       integral           1     'h0                                         
  prdata                       integral           32    'h0                                         
  pwdata                       integral           32    'he204cf2b                                  
  pslverr                      integral           1     'h0                                         
  apb_state                    apb_state_e        2     ""                                          
  begin_time                   time               64    1185                                        
  depth                        int                32    'd2                                         
  parent sequence (name)       string             6     read_h                                      
  parent sequence (full name)  string             44    uvm_test_top.env_h.act_agent_h.seqr_h.read_h
  sequencer                    string             37    uvm_test_top.env_h.act_agent_h.seqr_h       
----------------------------------------------------------------------------------------------------

UVM_INFO /home/dvft1103/dvft11/uvm/apb_project/verification/agent/apb_driver.sv(63) @ 1185: uvm_test_top.env_h.act_agent_h.drv_h [[DRV]] Entered SETUP State
UVM_INFO /home/dvft1103/dvft11/uvm/apb_project/verification/env/apb_score_board.sv(51) @ 1190: uvm_test_top.env_h.sb_h [[SB]] [ACTIVE] paddr=0x0 pwrite=0 pwdata=0x0 prdata=0x0 pslverr=0
UVM_INFO /home/dvft1103/dvft11/uvm/apb_project/verification/agent/apb_active_monitor.sv(57) @ 1190: uvm_test_top.env_h.act_agent_h.act_mon_h [[ACTIVE_MON]] setup detected:::::- ------------------------------------------------------
Name               Type               Size  Value     
------------------------------------------------------
seq_h              apb_sequence_item  -     @3628     
  psel             integral           1     'h1       
  continuous_psel  integral           1     'h0       
  penable          integral           1     'h0       
  pready           integral           1     'h1       
  paddr            integral           32    'hfa      
  pwrite           integral           1     'h0       
  prdata           integral           32    'h0       
  pwdata           integral           32    'he204cf2b
  pslverr          integral           1     'h0       
  apb_state        apb_state_e        2     IDLE      
------------------------------------------------------

UVM_INFO /home/dvft1103/dvft11/uvm/apb_project/verification/env/apb_score_board.sv(51) @ 1190: uvm_test_top.env_h.sb_h [[SB]] [ACTIVE] paddr=0xfa pwrite=0 pwdata=0xe204cf2b prdata=0x0 pslverr=0
UVM_INFO /home/dvft1103/dvft11/uvm/apb_project/verification/env/apb_score_board.sv(61) @ 1190: uvm_test_top.env_h.sb_h [[SB]] [PASSIVE] paddr=0x0 pwrite=0 pwdata=0x0 prdata=0x0 pslverr=0
UVM_WARNING /home/dvft1103/dvft11/uvm/apb_project/verification/env/apb_score_board.sv(150) @ 1190: uvm_test_top.env_h.sb_h [[SB]] [1190] READ from uninitialised addr 0x0 --- no ref
UVM_INFO /home/dvft1103/dvft11/uvm/apb_project/verification/agent/apb_passive_monitor.sv(52) @ 1190: uvm_test_top.env_h.pas_agent_h.pas_mon_h [[PASSIVE_MON]] setup detected:::::- ------------------------------------------------------
Name               Type               Size  Value     
------------------------------------------------------
seq_h              apb_sequence_item  -     @3654     
  psel             integral           1     'h1       
  continuous_psel  integral           1     'h0       
  penable          integral           1     'h0       
  pready           integral           1     'h1       
  paddr            integral           32    'hfa      
  pwrite           integral           1     'h0       
  prdata           integral           32    'h0       
  pwdata           integral           32    'he204cf2b
  pslverr          integral           1     'h0       
  apb_state        apb_state_e        2     IDLE      
------------------------------------------------------

UVM_INFO /home/dvft1103/dvft11/uvm/apb_project/verification/env/apb_score_board.sv(61) @ 1190: uvm_test_top.env_h.sb_h [[SB]] [PASSIVE] paddr=0xfa pwrite=0 pwdata=0xe204cf2b prdata=0x0 pslverr=0
UVM_WARNING /home/dvft1103/dvft11/uvm/apb_project/verification/env/apb_score_board.sv(150) @ 1190: uvm_test_top.env_h.sb_h [[SB]] [1190] READ from uninitialised addr 0xfa --- no ref
UVM_INFO /home/dvft1103/dvft11/uvm/apb_project/verification/agent/apb_driver.sv(81) @ 1195: uvm_test_top.env_h.act_agent_h.drv_h [[DRV]] Entered ACCESS State
UVM_INFO /home/dvft1103/dvft11/uvm/apb_project/verification/env/apb_score_board.sv(51) @ 1200: uvm_test_top.env_h.sb_h [[SB]] [ACTIVE] paddr=0xfa pwrite=0 pwdata=0xe204cf2b prdata=0x0 pslverr=0
UVM_INFO /home/dvft1103/dvft11/uvm/apb_project/verification/env/apb_score_board.sv(61) @ 1200: uvm_test_top.env_h.sb_h [[SB]] [PASSIVE] paddr=0xfa pwrite=0 pwdata=0xe204cf2b prdata=0x0 pslverr=0
UVM_WARNING /home/dvft1103/dvft11/uvm/apb_project/verification/env/apb_score_board.sv(150) @ 1200: uvm_test_top.env_h.sb_h [[SB]] [1200] READ from uninitialised addr 0xfa --- no ref
UVM_INFO /home/dvft1103/dvft11/uvm/apb_project/verification/agent/apb_driver.sv(107) @ 1205: uvm_test_top.env_h.act_agent_h.drv_h [[DRV]] Pready occured at wait_count=0 250 3791965995
UVM_INFO /home/dvft1103/dvft11/uvm/apb_project/verification/env/apb_score_board.sv(51) @ 1210: uvm_test_top.env_h.sb_h [[SB]] [ACTIVE] paddr=0xfa pwrite=0 pwdata=0xe204cf2b prdata=0xfa pslverr=0
UVM_INFO /home/dvft1103/dvft11/uvm/apb_project/verification/agent/apb_active_monitor.sv(85) @ 1210: uvm_test_top.env_h.act_agent_h.act_mon_h [[ACTIVE_MON]]  Transaction sent to scoreboard
UVM_INFO /home/dvft1103/dvft11/uvm/apb_project/verification/env/apb_score_board.sv(61) @ 1210: uvm_test_top.env_h.sb_h [[SB]] [PASSIVE] paddr=0xfa pwrite=0 pwdata=0xe204cf2b prdata=0xfa pslverr=0
UVM_WARNING /home/dvft1103/dvft11/uvm/apb_project/verification/env/apb_score_board.sv(150) @ 1210: uvm_test_top.env_h.sb_h [[SB]] [1210] READ from uninitialised addr 0xfa --- no ref
UVM_INFO /home/dvft1103/dvft11/uvm/apb_project/verification/agent/apb_passive_monitor.sv(79) @ 1210: uvm_test_top.env_h.pas_agent_h.pas_mon_h [[PASSIVE_MON]]  Transaction sent to scoreboard
UVM_INFO /home/dvft1103/dvft11/uvm/apb_project/verification/agent/apb_driver.sv(110) @ 1215: uvm_test_top.env_h.act_agent_h.drv_h [[DRV]] Transaction completed
UVM_INFO /home/dvft1103/dvft11/uvm/apb_project/verification/test/apb_read_seq.sv(35) @ 1225: uvm_test_top.env_h.act_agent_h.seqr_h@@read_h [apb_read_seq] Dispalying From apb_read_seq=----------------------------------------------------------------------------------------------------
Name                           Type               Size  Value                                       
----------------------------------------------------------------------------------------------------
seq_h                          apb_sequence_item  -     @3738                                       
  psel                         integral           1     'h0                                         
  continuous_psel              integral           1     'h0                                         
  penable                      integral           1     'h0                                         
  pready                       integral           1     'h0                                         
  paddr                        integral           32    'h55                                        
  pwrite                       integral           1     'h0                                         
  prdata                       integral           32    'h0                                         
  pwdata                       integral           32    'hc9576f2d                                  
  pslverr                      integral           1     'h0                                         
  apb_state                    apb_state_e        2     ""                                          
  begin_time                   time               64    1225                                        
  depth                        int                32    'd2                                         
  parent sequence (name)       string             6     read_h                                      
  parent sequence (full name)  string             44    uvm_test_top.env_h.act_agent_h.seqr_h.read_h
  sequencer                    string             37    uvm_test_top.env_h.act_agent_h.seqr_h       
----------------------------------------------------------------------------------------------------

UVM_INFO /home/dvft1103/dvft11/uvm/apb_project/verification/agent/apb_driver.sv(52) @ 1225: uvm_test_top.env_h.act_agent_h.drv_h [DRIVER] Displaying from apb_driver=----------------------------------------------------------------------------------------------------
Name                           Type               Size  Value                                       
----------------------------------------------------------------------------------------------------
seq_h                          apb_sequence_item  -     @3738                                       
  psel                         integral           1     'h0                                         
  continuous_psel              integral           1     'h0                                         
  penable                      integral           1     'h0                                         
  pready                       integral           1     'h0                                         
  paddr                        integral           32    'h55                                        
  pwrite                       integral           1     'h0                                         
  prdata                       integral           32    'h0                                         
  pwdata                       integral           32    'hc9576f2d                                  
  pslverr                      integral           1     'h0                                         
  apb_state                    apb_state_e        2     ""                                          
  begin_time                   time               64    1225                                        
  depth                        int                32    'd2                                         
  parent sequence (name)       string             6     read_h                                      
  parent sequence (full name)  string             44    uvm_test_top.env_h.act_agent_h.seqr_h.read_h
  sequencer                    string             37    uvm_test_top.env_h.act_agent_h.seqr_h       
----------------------------------------------------------------------------------------------------

UVM_INFO /home/dvft1103/dvft11/uvm/apb_project/verification/agent/apb_driver.sv(63) @ 1225: uvm_test_top.env_h.act_agent_h.drv_h [[DRV]] Entered SETUP State
UVM_INFO /home/dvft1103/dvft11/uvm/apb_project/verification/env/apb_score_board.sv(51) @ 1230: uvm_test_top.env_h.sb_h [[SB]] [ACTIVE] paddr=0x0 pwrite=0 pwdata=0x0 prdata=0x0 pslverr=0
UVM_INFO /home/dvft1103/dvft11/uvm/apb_project/verification/agent/apb_active_monitor.sv(57) @ 1230: uvm_test_top.env_h.act_agent_h.act_mon_h [[ACTIVE_MON]] setup detected:::::- ------------------------------------------------------
Name               Type               Size  Value     
------------------------------------------------------
seq_h              apb_sequence_item  -     @3752     
  psel             integral           1     'h1       
  continuous_psel  integral           1     'h0       
  penable          integral           1     'h0       
  pready           integral           1     'h1       
  paddr            integral           32    'h55      
  pwrite           integral           1     'h0       
  prdata           integral           32    'h0       
  pwdata           integral           32    'hc9576f2d
  pslverr          integral           1     'h0       
  apb_state        apb_state_e        2     IDLE      
------------------------------------------------------

UVM_INFO /home/dvft1103/dvft11/uvm/apb_project/verification/env/apb_score_board.sv(51) @ 1230: uvm_test_top.env_h.sb_h [[SB]] [ACTIVE] paddr=0x55 pwrite=0 pwdata=0xc9576f2d prdata=0x0 pslverr=0
UVM_INFO /home/dvft1103/dvft11/uvm/apb_project/verification/env/apb_score_board.sv(61) @ 1230: uvm_test_top.env_h.sb_h [[SB]] [PASSIVE] paddr=0x0 pwrite=0 pwdata=0x0 prdata=0x0 pslverr=0
UVM_WARNING /home/dvft1103/dvft11/uvm/apb_project/verification/env/apb_score_board.sv(150) @ 1230: uvm_test_top.env_h.sb_h [[SB]] [1230] READ from uninitialised addr 0x0 --- no ref
UVM_INFO /home/dvft1103/dvft11/uvm/apb_project/verification/agent/apb_passive_monitor.sv(52) @ 1230: uvm_test_top.env_h.pas_agent_h.pas_mon_h [[PASSIVE_MON]] setup detected:::::- ------------------------------------------------------
Name               Type               Size  Value     
------------------------------------------------------
seq_h              apb_sequence_item  -     @3778     
  psel             integral           1     'h1       
  continuous_psel  integral           1     'h0       
  penable          integral           1     'h0       
  pready           integral           1     'h1       
  paddr            integral           32    'h55      
  pwrite           integral           1     'h0       
  prdata           integral           32    'h0       
  pwdata           integral           32    'hc9576f2d
  pslverr          integral           1     'h0       
  apb_state        apb_state_e        2     IDLE      
------------------------------------------------------

UVM_INFO /home/dvft1103/dvft11/uvm/apb_project/verification/env/apb_score_board.sv(61) @ 1230: uvm_test_top.env_h.sb_h [[SB]] [PASSIVE] paddr=0x55 pwrite=0 pwdata=0xc9576f2d prdata=0x0 pslverr=0
UVM_WARNING /home/dvft1103/dvft11/uvm/apb_project/verification/env/apb_score_board.sv(150) @ 1230: uvm_test_top.env_h.sb_h [[SB]] [1230] READ from uninitialised addr 0x55 --- no ref
UVM_INFO /home/dvft1103/dvft11/uvm/apb_project/verification/agent/apb_driver.sv(81) @ 1235: uvm_test_top.env_h.act_agent_h.drv_h [[DRV]] Entered ACCESS State
UVM_INFO /home/dvft1103/dvft11/uvm/apb_project/verification/env/apb_score_board.sv(51) @ 1240: uvm_test_top.env_h.sb_h [[SB]] [ACTIVE] paddr=0x55 pwrite=0 pwdata=0xc9576f2d prdata=0x0 pslverr=0
UVM_INFO /home/dvft1103/dvft11/uvm/apb_project/verification/env/apb_score_board.sv(51) @ 1240: uvm_test_top.env_h.sb_h [[SB]] [ACTIVE] paddr=0x55 pwrite=0 pwdata=0xc9576f2d prdata=0x0 pslverr=0
UVM_INFO /home/dvft1103/dvft11/uvm/apb_project/verification/agent/apb_active_monitor.sv(85) @ 1240: uvm_test_top.env_h.act_agent_h.act_mon_h [[ACTIVE_MON]]  Transaction sent to scoreboard
UVM_INFO /home/dvft1103/dvft11/uvm/apb_project/verification/env/apb_score_board.sv(61) @ 1240: uvm_test_top.env_h.sb_h [[SB]] [PASSIVE] paddr=0x55 pwrite=0 pwdata=0xc9576f2d prdata=0x0 pslverr=0
UVM_WARNING /home/dvft1103/dvft11/uvm/apb_project/verification/env/apb_score_board.sv(150) @ 1240: uvm_test_top.env_h.sb_h [[SB]] [1240] READ from uninitialised addr 0x55 --- no ref
UVM_INFO /home/dvft1103/dvft11/uvm/apb_project/verification/env/apb_score_board.sv(61) @ 1240: uvm_test_top.env_h.sb_h [[SB]] [PASSIVE] paddr=0x55 pwrite=0 pwdata=0xc9576f2d prdata=0x0 pslverr=0
UVM_WARNING /home/dvft1103/dvft11/uvm/apb_project/verification/env/apb_score_board.sv(150) @ 1240: uvm_test_top.env_h.sb_h [[SB]] [1240] READ from uninitialised addr 0x55 --- no ref
UVM_INFO /home/dvft1103/dvft11/uvm/apb_project/verification/agent/apb_passive_monitor.sv(79) @ 1240: uvm_test_top.env_h.pas_agent_h.pas_mon_h [[PASSIVE_MON]]  Transaction sent to scoreboard
UVM_INFO /home/dvft1103/dvft11/uvm/apb_project/verification/agent/apb_driver.sv(107) @ 1245: uvm_test_top.env_h.act_agent_h.drv_h [[DRV]] Pready occured at wait_count=0 85 3377950509
UVM_INFO /home/dvft1103/dvft11/uvm/apb_project/verification/agent/apb_driver.sv(110) @ 1255: uvm_test_top.env_h.act_agent_h.drv_h [[DRV]] Transaction completed
UVM_INFO /home/dvft1103/dvft11/uvm/apb_project/verification/test/apb_read_seq.sv(35) @ 1265: uvm_test_top.env_h.act_agent_h.seqr_h@@read_h [apb_read_seq] Dispalying From apb_read_seq=----------------------------------------------------------------------------------------------------
Name                           Type               Size  Value                                       
----------------------------------------------------------------------------------------------------
seq_h                          apb_sequence_item  -     @3862                                       
  psel                         integral           1     'h0                                         
  continuous_psel              integral           1     'h0                                         
  penable                      integral           1     'h0                                         
  pready                       integral           1     'h0                                         
  paddr                        integral           32    'hdf                                        
  pwrite                       integral           1     'h0                                         
  prdata                       integral           32    'h0                                         
  pwdata                       integral           32    'hb5b52e09                                  
  pslverr                      integral           1     'h0                                         
  apb_state                    apb_state_e        2     ""                                          
  begin_time                   time               64    1265                                        
  depth                        int                32    'd2                                         
  parent sequence (name)       string             6     read_h                                      
  parent sequence (full name)  string             44    uvm_test_top.env_h.act_agent_h.seqr_h.read_h
  sequencer                    string             37    uvm_test_top.env_h.act_agent_h.seqr_h       
----------------------------------------------------------------------------------------------------

UVM_INFO /home/dvft1103/dvft11/uvm/apb_project/verification/agent/apb_driver.sv(52) @ 1265: uvm_test_top.env_h.act_agent_h.drv_h [DRIVER] Displaying from apb_driver=----------------------------------------------------------------------------------------------------
Name                           Type               Size  Value                                       
----------------------------------------------------------------------------------------------------
seq_h                          apb_sequence_item  -     @3862                                       
  psel                         integral           1     'h0                                         
  continuous_psel              integral           1     'h0                                         
  penable                      integral           1     'h0                                         
  pready                       integral           1     'h0                                         
  paddr                        integral           32    'hdf                                        
  pwrite                       integral           1     'h0                                         
  prdata                       integral           32    'h0                                         
  pwdata                       integral           32    'hb5b52e09                                  
  pslverr                      integral           1     'h0                                         
  apb_state                    apb_state_e        2     ""                                          
  begin_time                   time               64    1265                                        
  depth                        int                32    'd2                                         
  parent sequence (name)       string             6     read_h                                      
  parent sequence (full name)  string             44    uvm_test_top.env_h.act_agent_h.seqr_h.read_h
  sequencer                    string             37    uvm_test_top.env_h.act_agent_h.seqr_h       
----------------------------------------------------------------------------------------------------

UVM_INFO /home/dvft1103/dvft11/uvm/apb_project/verification/agent/apb_driver.sv(63) @ 1265: uvm_test_top.env_h.act_agent_h.drv_h [[DRV]] Entered SETUP State
UVM_INFO /home/dvft1103/dvft11/uvm/apb_project/verification/env/apb_score_board.sv(51) @ 1270: uvm_test_top.env_h.sb_h [[SB]] [ACTIVE] paddr=0x0 pwrite=0 pwdata=0x0 prdata=0x0 pslverr=0
UVM_INFO /home/dvft1103/dvft11/uvm/apb_project/verification/agent/apb_active_monitor.sv(57) @ 1270: uvm_test_top.env_h.act_agent_h.act_mon_h [[ACTIVE_MON]] setup detected:::::- ------------------------------------------------------
Name               Type               Size  Value     
------------------------------------------------------
seq_h              apb_sequence_item  -     @3876     
  psel             integral           1     'h1       
  continuous_psel  integral           1     'h0       
  penable          integral           1     'h0       
  pready           integral           1     'h0       
  paddr            integral           32    'hdf      
  pwrite           integral           1     'h0       
  prdata           integral           32    'h0       
  pwdata           integral           32    'hb5b52e09
  pslverr          integral           1     'h0       
  apb_state        apb_state_e        2     IDLE      
------------------------------------------------------

UVM_INFO /home/dvft1103/dvft11/uvm/apb_project/verification/env/apb_score_board.sv(51) @ 1270: uvm_test_top.env_h.sb_h [[SB]] [ACTIVE] paddr=0xdf pwrite=0 pwdata=0xb5b52e09 prdata=0x0 pslverr=0
UVM_INFO /home/dvft1103/dvft11/uvm/apb_project/verification/env/apb_score_board.sv(61) @ 1270: uvm_test_top.env_h.sb_h [[SB]] [PASSIVE] paddr=0x0 pwrite=0 pwdata=0x0 prdata=0x0 pslverr=0
UVM_WARNING /home/dvft1103/dvft11/uvm/apb_project/verification/env/apb_score_board.sv(150) @ 1270: uvm_test_top.env_h.sb_h [[SB]] [1270] READ from uninitialised addr 0x0 --- no ref
UVM_INFO /home/dvft1103/dvft11/uvm/apb_project/verification/agent/apb_passive_monitor.sv(52) @ 1270: uvm_test_top.env_h.pas_agent_h.pas_mon_h [[PASSIVE_MON]] setup detected:::::- ------------------------------------------------------
Name               Type               Size  Value     
------------------------------------------------------
seq_h              apb_sequence_item  -     @3902     
  psel             integral           1     'h1       
  continuous_psel  integral           1     'h0       
  penable          integral           1     'h0       
  pready           integral           1     'h0       
  paddr            integral           32    'hdf      
  pwrite           integral           1     'h0       
  prdata           integral           32    'h0       
  pwdata           integral           32    'hb5b52e09
  pslverr          integral           1     'h0       
  apb_state        apb_state_e        2     IDLE      
------------------------------------------------------

UVM_INFO /home/dvft1103/dvft11/uvm/apb_project/verification/env/apb_score_board.sv(61) @ 1270: uvm_test_top.env_h.sb_h [[SB]] [PASSIVE] paddr=0xdf pwrite=0 pwdata=0xb5b52e09 prdata=0x0 pslverr=0
UVM_WARNING /home/dvft1103/dvft11/uvm/apb_project/verification/env/apb_score_board.sv(150) @ 1270: uvm_test_top.env_h.sb_h [[SB]] [1270] READ from uninitialised addr 0xdf --- no ref
UVM_INFO /home/dvft1103/dvft11/uvm/apb_project/verification/agent/apb_driver.sv(81) @ 1275: uvm_test_top.env_h.act_agent_h.drv_h [[DRV]] Entered ACCESS State
UVM_INFO /home/dvft1103/dvft11/uvm/apb_project/verification/env/apb_score_board.sv(51) @ 1280: uvm_test_top.env_h.sb_h [[SB]] [ACTIVE] paddr=0xdf pwrite=0 pwdata=0xb5b52e09 prdata=0x0 pslverr=0
UVM_INFO /home/dvft1103/dvft11/uvm/apb_project/verification/env/apb_score_board.sv(61) @ 1280: uvm_test_top.env_h.sb_h [[SB]] [PASSIVE] paddr=0xdf pwrite=0 pwdata=0xb5b52e09 prdata=0x0 pslverr=0
UVM_WARNING /home/dvft1103/dvft11/uvm/apb_project/verification/env/apb_score_board.sv(150) @ 1280: uvm_test_top.env_h.sb_h [[SB]] [1280] READ from uninitialised addr 0xdf --- no ref
UVM_INFO /home/dvft1103/dvft11/uvm/apb_project/verification/agent/apb_driver.sv(107) @ 1285: uvm_test_top.env_h.act_agent_h.drv_h [[DRV]] Pready occured at wait_count=0 223 3048549897
UVM_INFO /home/dvft1103/dvft11/uvm/apb_project/verification/env/apb_score_board.sv(51) @ 1290: uvm_test_top.env_h.sb_h [[SB]] [ACTIVE] paddr=0xdf pwrite=0 pwdata=0xb5b52e09 prdata=0xdf pslverr=0
UVM_INFO /home/dvft1103/dvft11/uvm/apb_project/verification/agent/apb_active_monitor.sv(85) @ 1290: uvm_test_top.env_h.act_agent_h.act_mon_h [[ACTIVE_MON]]  Transaction sent to scoreboard
UVM_INFO /home/dvft1103/dvft11/uvm/apb_project/verification/env/apb_score_board.sv(61) @ 1290: uvm_test_top.env_h.sb_h [[SB]] [PASSIVE] paddr=0xdf pwrite=0 pwdata=0xb5b52e09 prdata=0xdf pslverr=0
UVM_WARNING /home/dvft1103/dvft11/uvm/apb_project/verification/env/apb_score_board.sv(150) @ 1290: uvm_test_top.env_h.sb_h [[SB]] [1290] READ from uninitialised addr 0xdf --- no ref
UVM_INFO /home/dvft1103/dvft11/uvm/apb_project/verification/agent/apb_passive_monitor.sv(79) @ 1290: uvm_test_top.env_h.pas_agent_h.pas_mon_h [[PASSIVE_MON]]  Transaction sent to scoreboard
UVM_INFO /home/dvft1103/dvft11/uvm/apb_project/verification/agent/apb_driver.sv(110) @ 1295: uvm_test_top.env_h.act_agent_h.drv_h [[DRV]] Transaction completed
UVM_INFO /home/dvft1103/dvft11/uvm/apb_project/verification/test/apb_read_seq.sv(35) @ 1305: uvm_test_top.env_h.act_agent_h.seqr_h@@read_h [apb_read_seq] Dispalying From apb_read_seq=----------------------------------------------------------------------------------------------------
Name                           Type               Size  Value                                       
----------------------------------------------------------------------------------------------------
seq_h                          apb_sequence_item  -     @3986                                       
  psel                         integral           1     'h0                                         
  continuous_psel              integral           1     'h0                                         
  penable                      integral           1     'h0                                         
  pready                       integral           1     'h0                                         
  paddr                        integral           32    'ha8                                        
  pwrite                       integral           1     'h0                                         
  prdata                       integral           32    'h0                                         
  pwdata                       integral           32    'hf20e1df9                                  
  pslverr                      integral           1     'h0                                         
  apb_state                    apb_state_e        2     ""                                          
  begin_time                   time               64    1305                                        
  depth                        int                32    'd2                                         
  parent sequence (name)       string             6     read_h                                      
  parent sequence (full name)  string             44    uvm_test_top.env_h.act_agent_h.seqr_h.read_h
  sequencer                    string             37    uvm_test_top.env_h.act_agent_h.seqr_h       
----------------------------------------------------------------------------------------------------

UVM_INFO /home/dvft1103/dvft11/uvm/apb_project/verification/agent/apb_driver.sv(52) @ 1305: uvm_test_top.env_h.act_agent_h.drv_h [DRIVER] Displaying from apb_driver=----------------------------------------------------------------------------------------------------
Name                           Type               Size  Value                                       
----------------------------------------------------------------------------------------------------
seq_h                          apb_sequence_item  -     @3986                                       
  psel                         integral           1     'h0                                         
  continuous_psel              integral           1     'h0                                         
  penable                      integral           1     'h0                                         
  pready                       integral           1     'h0                                         
  paddr                        integral           32    'ha8                                        
  pwrite                       integral           1     'h0                                         
  prdata                       integral           32    'h0                                         
  pwdata                       integral           32    'hf20e1df9                                  
  pslverr                      integral           1     'h0                                         
  apb_state                    apb_state_e        2     ""                                          
  begin_time                   time               64    1305                                        
  depth                        int                32    'd2                                         
  parent sequence (name)       string             6     read_h                                      
  parent sequence (full name)  string             44    uvm_test_top.env_h.act_agent_h.seqr_h.read_h
  sequencer                    string             37    uvm_test_top.env_h.act_agent_h.seqr_h       
----------------------------------------------------------------------------------------------------

UVM_INFO /home/dvft1103/dvft11/uvm/apb_project/verification/agent/apb_driver.sv(63) @ 1305: uvm_test_top.env_h.act_agent_h.drv_h [[DRV]] Entered SETUP State
UVM_INFO /home/dvft1103/dvft11/uvm/apb_project/verification/env/apb_score_board.sv(51) @ 1310: uvm_test_top.env_h.sb_h [[SB]] [ACTIVE] paddr=0x0 pwrite=0 pwdata=0x0 prdata=0x0 pslverr=0
UVM_INFO /home/dvft1103/dvft11/uvm/apb_project/verification/agent/apb_active_monitor.sv(57) @ 1310: uvm_test_top.env_h.act_agent_h.act_mon_h [[ACTIVE_MON]] setup detected:::::- ------------------------------------------------------
Name               Type               Size  Value     
------------------------------------------------------
seq_h              apb_sequence_item  -     @4000     
  psel             integral           1     'h1       
  continuous_psel  integral           1     'h0       
  penable          integral           1     'h0       
  pready           integral           1     'h1       
  paddr            integral           32    'ha8      
  pwrite           integral           1     'h0       
  prdata           integral           32    'h0       
  pwdata           integral           32    'hf20e1df9
  pslverr          integral           1     'h0       
  apb_state        apb_state_e        2     IDLE      
------------------------------------------------------

UVM_INFO /home/dvft1103/dvft11/uvm/apb_project/verification/env/apb_score_board.sv(51) @ 1310: uvm_test_top.env_h.sb_h [[SB]] [ACTIVE] paddr=0xa8 pwrite=0 pwdata=0xf20e1df9 prdata=0x0 pslverr=0
UVM_INFO /home/dvft1103/dvft11/uvm/apb_project/verification/env/apb_score_board.sv(61) @ 1310: uvm_test_top.env_h.sb_h [[SB]] [PASSIVE] paddr=0x0 pwrite=0 pwdata=0x0 prdata=0x0 pslverr=0
UVM_WARNING /home/dvft1103/dvft11/uvm/apb_project/verification/env/apb_score_board.sv(150) @ 1310: uvm_test_top.env_h.sb_h [[SB]] [1310] READ from uninitialised addr 0x0 --- no ref
UVM_INFO /home/dvft1103/dvft11/uvm/apb_project/verification/agent/apb_passive_monitor.sv(52) @ 1310: uvm_test_top.env_h.pas_agent_h.pas_mon_h [[PASSIVE_MON]] setup detected:::::- ------------------------------------------------------
Name               Type               Size  Value     
------------------------------------------------------
seq_h              apb_sequence_item  -     @4026     
  psel             integral           1     'h1       
  continuous_psel  integral           1     'h0       
  penable          integral           1     'h0       
  pready           integral           1     'h1       
  paddr            integral           32    'ha8      
  pwrite           integral           1     'h0       
  prdata           integral           32    'h0       
  pwdata           integral           32    'hf20e1df9
  pslverr          integral           1     'h0       
  apb_state        apb_state_e        2     IDLE      
------------------------------------------------------

UVM_INFO /home/dvft1103/dvft11/uvm/apb_project/verification/env/apb_score_board.sv(61) @ 1310: uvm_test_top.env_h.sb_h [[SB]] [PASSIVE] paddr=0xa8 pwrite=0 pwdata=0xf20e1df9 prdata=0x0 pslverr=0
UVM_WARNING /home/dvft1103/dvft11/uvm/apb_project/verification/env/apb_score_board.sv(150) @ 1310: uvm_test_top.env_h.sb_h [[SB]] [1310] READ from uninitialised addr 0xa8 --- no ref
UVM_INFO /home/dvft1103/dvft11/uvm/apb_project/verification/agent/apb_driver.sv(81) @ 1315: uvm_test_top.env_h.act_agent_h.drv_h [[DRV]] Entered ACCESS State
UVM_INFO /home/dvft1103/dvft11/uvm/apb_project/verification/env/apb_score_board.sv(51) @ 1320: uvm_test_top.env_h.sb_h [[SB]] [ACTIVE] paddr=0xa8 pwrite=0 pwdata=0xf20e1df9 prdata=0x0 pslverr=0
UVM_INFO /home/dvft1103/dvft11/uvm/apb_project/verification/env/apb_score_board.sv(51) @ 1320: uvm_test_top.env_h.sb_h [[SB]] [ACTIVE] paddr=0xa8 pwrite=0 pwdata=0xf20e1df9 prdata=0x0 pslverr=0
UVM_INFO /home/dvft1103/dvft11/uvm/apb_project/verification/agent/apb_active_monitor.sv(85) @ 1320: uvm_test_top.env_h.act_agent_h.act_mon_h [[ACTIVE_MON]]  Transaction sent to scoreboard
UVM_INFO /home/dvft1103/dvft11/uvm/apb_project/verification/env/apb_score_board.sv(61) @ 1320: uvm_test_top.env_h.sb_h [[SB]] [PASSIVE] paddr=0xa8 pwrite=0 pwdata=0xf20e1df9 prdata=0x0 pslverr=0
UVM_WARNING /home/dvft1103/dvft11/uvm/apb_project/verification/env/apb_score_board.sv(150) @ 1320: uvm_test_top.env_h.sb_h [[SB]] [1320] READ from uninitialised addr 0xa8 --- no ref
UVM_INFO /home/dvft1103/dvft11/uvm/apb_project/verification/env/apb_score_board.sv(61) @ 1320: uvm_test_top.env_h.sb_h [[SB]] [PASSIVE] paddr=0xa8 pwrite=0 pwdata=0xf20e1df9 prdata=0x0 pslverr=0
UVM_WARNING /home/dvft1103/dvft11/uvm/apb_project/verification/env/apb_score_board.sv(150) @ 1320: uvm_test_top.env_h.sb_h [[SB]] [1320] READ from uninitialised addr 0xa8 --- no ref
UVM_INFO /home/dvft1103/dvft11/uvm/apb_project/verification/agent/apb_passive_monitor.sv(79) @ 1320: uvm_test_top.env_h.pas_agent_h.pas_mon_h [[PASSIVE_MON]]  Transaction sent to scoreboard
UVM_INFO /home/dvft1103/dvft11/uvm/apb_project/verification/agent/apb_driver.sv(107) @ 1325: uvm_test_top.env_h.act_agent_h.drv_h [[DRV]] Pready occured at wait_count=0 168 4061011449
UVM_INFO /home/dvft1103/dvft11/uvm/apb_project/verification/agent/apb_driver.sv(110) @ 1335: uvm_test_top.env_h.act_agent_h.drv_h [[DRV]] Transaction completed
UVM_INFO /home/dvft1103/dvft11/uvm/apb_project/verification/test/apb_read_seq.sv(35) @ 1345: uvm_test_top.env_h.act_agent_h.seqr_h@@read_h [apb_read_seq] Dispalying From apb_read_seq=----------------------------------------------------------------------------------------------------
Name                           Type               Size  Value                                       
----------------------------------------------------------------------------------------------------
seq_h                          apb_sequence_item  -     @4110                                       
  psel                         integral           1     'h0                                         
  continuous_psel              integral           1     'h0                                         
  penable                      integral           1     'h0                                         
  pready                       integral           1     'h0                                         
  paddr                        integral           32    'hac                                        
  pwrite                       integral           1     'h0                                         
  prdata                       integral           32    'h0                                         
  pwdata                       integral           32    'hd3990396                                  
  pslverr                      integral           1     'h0                                         
  apb_state                    apb_state_e        2     ""                                          
  begin_time                   time               64    1345                                        
  depth                        int                32    'd2                                         
  parent sequence (name)       string             6     read_h                                      
  parent sequence (full name)  string             44    uvm_test_top.env_h.act_agent_h.seqr_h.read_h
  sequencer                    string             37    uvm_test_top.env_h.act_agent_h.seqr_h       
----------------------------------------------------------------------------------------------------

UVM_INFO /home/dvft1103/dvft11/uvm/apb_project/verification/agent/apb_driver.sv(52) @ 1345: uvm_test_top.env_h.act_agent_h.drv_h [DRIVER] Displaying from apb_driver=----------------------------------------------------------------------------------------------------
Name                           Type               Size  Value                                       
----------------------------------------------------------------------------------------------------
seq_h                          apb_sequence_item  -     @4110                                       
  psel                         integral           1     'h0                                         
  continuous_psel              integral           1     'h0                                         
  penable                      integral           1     'h0                                         
  pready                       integral           1     'h0                                         
  paddr                        integral           32    'hac                                        
  pwrite                       integral           1     'h0                                         
  prdata                       integral           32    'h0                                         
  pwdata                       integral           32    'hd3990396                                  
  pslverr                      integral           1     'h0                                         
  apb_state                    apb_state_e        2     ""                                          
  begin_time                   time               64    1345                                        
  depth                        int                32    'd2                                         
  parent sequence (name)       string             6     read_h                                      
  parent sequence (full name)  string             44    uvm_test_top.env_h.act_agent_h.seqr_h.read_h
  sequencer                    string             37    uvm_test_top.env_h.act_agent_h.seqr_h       
----------------------------------------------------------------------------------------------------

UVM_INFO /home/dvft1103/dvft11/uvm/apb_project/verification/agent/apb_driver.sv(63) @ 1345: uvm_test_top.env_h.act_agent_h.drv_h [[DRV]] Entered SETUP State
UVM_INFO /home/dvft1103/dvft11/uvm/apb_project/verification/env/apb_score_board.sv(51) @ 1350: uvm_test_top.env_h.sb_h [[SB]] [ACTIVE] paddr=0x0 pwrite=0 pwdata=0x0 prdata=0x0 pslverr=0
UVM_INFO /home/dvft1103/dvft11/uvm/apb_project/verification/agent/apb_active_monitor.sv(57) @ 1350: uvm_test_top.env_h.act_agent_h.act_mon_h [[ACTIVE_MON]] setup detected:::::- ------------------------------------------------------
Name               Type               Size  Value     
------------------------------------------------------
seq_h              apb_sequence_item  -     @4124     
  psel             integral           1     'h1       
  continuous_psel  integral           1     'h0       
  penable          integral           1     'h0       
  pready           integral           1     'h1       
  paddr            integral           32    'hac      
  pwrite           integral           1     'h0       
  prdata           integral           32    'h0       
  pwdata           integral           32    'hd3990396
  pslverr          integral           1     'h0       
  apb_state        apb_state_e        2     IDLE      
------------------------------------------------------

UVM_INFO /home/dvft1103/dvft11/uvm/apb_project/verification/env/apb_score_board.sv(51) @ 1350: uvm_test_top.env_h.sb_h [[SB]] [ACTIVE] paddr=0xac pwrite=0 pwdata=0xd3990396 prdata=0x0 pslverr=0
UVM_INFO /home/dvft1103/dvft11/uvm/apb_project/verification/env/apb_score_board.sv(61) @ 1350: uvm_test_top.env_h.sb_h [[SB]] [PASSIVE] paddr=0x0 pwrite=0 pwdata=0x0 prdata=0x0 pslverr=0
UVM_WARNING /home/dvft1103/dvft11/uvm/apb_project/verification/env/apb_score_board.sv(150) @ 1350: uvm_test_top.env_h.sb_h [[SB]] [1350] READ from uninitialised addr 0x0 --- no ref
UVM_INFO /home/dvft1103/dvft11/uvm/apb_project/verification/agent/apb_passive_monitor.sv(52) @ 1350: uvm_test_top.env_h.pas_agent_h.pas_mon_h [[PASSIVE_MON]] setup detected:::::- ------------------------------------------------------
Name               Type               Size  Value     
------------------------------------------------------
seq_h              apb_sequence_item  -     @4150     
  psel             integral           1     'h1       
  continuous_psel  integral           1     'h0       
  penable          integral           1     'h0       
  pready           integral           1     'h1       
  paddr            integral           32    'hac      
  pwrite           integral           1     'h0       
  prdata           integral           32    'h0       
  pwdata           integral           32    'hd3990396
  pslverr          integral           1     'h0       
  apb_state        apb_state_e        2     IDLE      
------------------------------------------------------

UVM_INFO /home/dvft1103/dvft11/uvm/apb_project/verification/env/apb_score_board.sv(61) @ 1350: uvm_test_top.env_h.sb_h [[SB]] [PASSIVE] paddr=0xac pwrite=0 pwdata=0xd3990396 prdata=0x0 pslverr=0
UVM_WARNING /home/dvft1103/dvft11/uvm/apb_project/verification/env/apb_score_board.sv(150) @ 1350: uvm_test_top.env_h.sb_h [[SB]] [1350] READ from uninitialised addr 0xac --- no ref
UVM_INFO /home/dvft1103/dvft11/uvm/apb_project/verification/agent/apb_driver.sv(81) @ 1355: uvm_test_top.env_h.act_agent_h.drv_h [[DRV]] Entered ACCESS State
UVM_INFO /home/dvft1103/dvft11/uvm/apb_project/verification/env/apb_score_board.sv(51) @ 1360: uvm_test_top.env_h.sb_h [[SB]] [ACTIVE] paddr=0xac pwrite=0 pwdata=0xd3990396 prdata=0x0 pslverr=0
UVM_INFO /home/dvft1103/dvft11/uvm/apb_project/verification/env/apb_score_board.sv(51) @ 1360: uvm_test_top.env_h.sb_h [[SB]] [ACTIVE] paddr=0xac pwrite=0 pwdata=0xd3990396 prdata=0x0 pslverr=0
UVM_INFO /home/dvft1103/dvft11/uvm/apb_project/verification/agent/apb_active_monitor.sv(85) @ 1360: uvm_test_top.env_h.act_agent_h.act_mon_h [[ACTIVE_MON]]  Transaction sent to scoreboard
UVM_INFO /home/dvft1103/dvft11/uvm/apb_project/verification/env/apb_score_board.sv(61) @ 1360: uvm_test_top.env_h.sb_h [[SB]] [PASSIVE] paddr=0xac pwrite=0 pwdata=0xd3990396 prdata=0x0 pslverr=0
UVM_WARNING /home/dvft1103/dvft11/uvm/apb_project/verification/env/apb_score_board.sv(150) @ 1360: uvm_test_top.env_h.sb_h [[SB]] [1360] READ from uninitialised addr 0xac --- no ref
UVM_INFO /home/dvft1103/dvft11/uvm/apb_project/verification/env/apb_score_board.sv(61) @ 1360: uvm_test_top.env_h.sb_h [[SB]] [PASSIVE] paddr=0xac pwrite=0 pwdata=0xd3990396 prdata=0x0 pslverr=0
UVM_WARNING /home/dvft1103/dvft11/uvm/apb_project/verification/env/apb_score_board.sv(150) @ 1360: uvm_test_top.env_h.sb_h [[SB]] [1360] READ from uninitialised addr 0xac --- no ref
UVM_INFO /home/dvft1103/dvft11/uvm/apb_project/verification/agent/apb_passive_monitor.sv(79) @ 1360: uvm_test_top.env_h.pas_agent_h.pas_mon_h [[PASSIVE_MON]]  Transaction sent to scoreboard
UVM_INFO /home/dvft1103/dvft11/uvm/apb_project/verification/agent/apb_driver.sv(107) @ 1365: uvm_test_top.env_h.act_agent_h.drv_h [[DRV]] Pready occured at wait_count=0 172 3550020502
UVM_INFO /home/dvft1103/dvft11/uvm/apb_project/verification/agent/apb_driver.sv(110) @ 1375: uvm_test_top.env_h.act_agent_h.drv_h [[DRV]] Transaction completed
UVM_INFO /home/dvft1103/dvft11/uvm/apb_project/verification/test/apb_read_seq.sv(35) @ 1385: uvm_test_top.env_h.act_agent_h.seqr_h@@read_h [apb_read_seq] Dispalying From apb_read_seq=----------------------------------------------------------------------------------------------------
Name                           Type               Size  Value                                       
----------------------------------------------------------------------------------------------------
seq_h                          apb_sequence_item  -     @4234                                       
  psel                         integral           1     'h0                                         
  continuous_psel              integral           1     'h0                                         
  penable                      integral           1     'h0                                         
  pready                       integral           1     'h0                                         
  paddr                        integral           32    'h27                                        
  pwrite                       integral           1     'h0                                         
  prdata                       integral           32    'h0                                         
  pwdata                       integral           32    'hba8d4e98                                  
  pslverr                      integral           1     'h0                                         
  apb_state                    apb_state_e        2     ""                                          
  begin_time                   time               64    1385                                        
  depth                        int                32    'd2                                         
  parent sequence (name)       string             6     read_h                                      
  parent sequence (full name)  string             44    uvm_test_top.env_h.act_agent_h.seqr_h.read_h
  sequencer                    string             37    uvm_test_top.env_h.act_agent_h.seqr_h       
----------------------------------------------------------------------------------------------------

UVM_INFO /home/dvft1103/dvft11/uvm/apb_project/verification/agent/apb_driver.sv(52) @ 1385: uvm_test_top.env_h.act_agent_h.drv_h [DRIVER] Displaying from apb_driver=----------------------------------------------------------------------------------------------------
Name                           Type               Size  Value                                       
----------------------------------------------------------------------------------------------------
seq_h                          apb_sequence_item  -     @4234                                       
  psel                         integral           1     'h0                                         
  continuous_psel              integral           1     'h0                                         
  penable                      integral           1     'h0                                         
  pready                       integral           1     'h0                                         
  paddr                        integral           32    'h27                                        
  pwrite                       integral           1     'h0                                         
  prdata                       integral           32    'h0                                         
  pwdata                       integral           32    'hba8d4e98                                  
  pslverr                      integral           1     'h0                                         
  apb_state                    apb_state_e        2     ""                                          
  begin_time                   time               64    1385                                        
  depth                        int                32    'd2                                         
  parent sequence (name)       string             6     read_h                                      
  parent sequence (full name)  string             44    uvm_test_top.env_h.act_agent_h.seqr_h.read_h
  sequencer                    string             37    uvm_test_top.env_h.act_agent_h.seqr_h       
----------------------------------------------------------------------------------------------------

UVM_INFO /home/dvft1103/dvft11/uvm/apb_project/verification/agent/apb_driver.sv(63) @ 1385: uvm_test_top.env_h.act_agent_h.drv_h [[DRV]] Entered SETUP State
UVM_INFO /home/dvft1103/dvft11/uvm/apb_project/verification/env/apb_score_board.sv(51) @ 1390: uvm_test_top.env_h.sb_h [[SB]] [ACTIVE] paddr=0x0 pwrite=0 pwdata=0x0 prdata=0x0 pslverr=0
UVM_INFO /home/dvft1103/dvft11/uvm/apb_project/verification/agent/apb_active_monitor.sv(57) @ 1390: uvm_test_top.env_h.act_agent_h.act_mon_h [[ACTIVE_MON]] setup detected:::::- ------------------------------------------------------
Name               Type               Size  Value     
------------------------------------------------------
seq_h              apb_sequence_item  -     @4248     
  psel             integral           1     'h1       
  continuous_psel  integral           1     'h0       
  penable          integral           1     'h0       
  pready           integral           1     'h0       
  paddr            integral           32    'h27      
  pwrite           integral           1     'h0       
  prdata           integral           32    'h0       
  pwdata           integral           32    'hba8d4e98
  pslverr          integral           1     'h0       
  apb_state        apb_state_e        2     IDLE      
------------------------------------------------------

UVM_INFO /home/dvft1103/dvft11/uvm/apb_project/verification/env/apb_score_board.sv(51) @ 1390: uvm_test_top.env_h.sb_h [[SB]] [ACTIVE] paddr=0x27 pwrite=0 pwdata=0xba8d4e98 prdata=0x0 pslverr=0
UVM_INFO /home/dvft1103/dvft11/uvm/apb_project/verification/env/apb_score_board.sv(61) @ 1390: uvm_test_top.env_h.sb_h [[SB]] [PASSIVE] paddr=0x0 pwrite=0 pwdata=0x0 prdata=0x0 pslverr=0
UVM_WARNING /home/dvft1103/dvft11/uvm/apb_project/verification/env/apb_score_board.sv(150) @ 1390: uvm_test_top.env_h.sb_h [[SB]] [1390] READ from uninitialised addr 0x0 --- no ref
UVM_INFO /home/dvft1103/dvft11/uvm/apb_project/verification/agent/apb_passive_monitor.sv(52) @ 1390: uvm_test_top.env_h.pas_agent_h.pas_mon_h [[PASSIVE_MON]] setup detected:::::- ------------------------------------------------------
Name               Type               Size  Value     
------------------------------------------------------
seq_h              apb_sequence_item  -     @4274     
  psel             integral           1     'h1       
  continuous_psel  integral           1     'h0       
  penable          integral           1     'h0       
  pready           integral           1     'h0       
  paddr            integral           32    'h27      
  pwrite           integral           1     'h0       
  prdata           integral           32    'h0       
  pwdata           integral           32    'hba8d4e98
  pslverr          integral           1     'h0       
  apb_state        apb_state_e        2     IDLE      
------------------------------------------------------

UVM_INFO /home/dvft1103/dvft11/uvm/apb_project/verification/env/apb_score_board.sv(61) @ 1390: uvm_test_top.env_h.sb_h [[SB]] [PASSIVE] paddr=0x27 pwrite=0 pwdata=0xba8d4e98 prdata=0x0 pslverr=0
UVM_WARNING /home/dvft1103/dvft11/uvm/apb_project/verification/env/apb_score_board.sv(150) @ 1390: uvm_test_top.env_h.sb_h [[SB]] [1390] READ from uninitialised addr 0x27 --- no ref
UVM_INFO /home/dvft1103/dvft11/uvm/apb_project/verification/agent/apb_driver.sv(81) @ 1395: uvm_test_top.env_h.act_agent_h.drv_h [[DRV]] Entered ACCESS State
UVM_INFO /home/dvft1103/dvft11/uvm/apb_project/verification/env/apb_score_board.sv(51) @ 1400: uvm_test_top.env_h.sb_h [[SB]] [ACTIVE] paddr=0x27 pwrite=0 pwdata=0xba8d4e98 prdata=0x0 pslverr=0
UVM_INFO /home/dvft1103/dvft11/uvm/apb_project/verification/env/apb_score_board.sv(61) @ 1400: uvm_test_top.env_h.sb_h [[SB]] [PASSIVE] paddr=0x27 pwrite=0 pwdata=0xba8d4e98 prdata=0x0 pslverr=0
UVM_WARNING /home/dvft1103/dvft11/uvm/apb_project/verification/env/apb_score_board.sv(150) @ 1400: uvm_test_top.env_h.sb_h [[SB]] [1400] READ from uninitialised addr 0x27 --- no ref
UVM_INFO /home/dvft1103/dvft11/uvm/apb_project/verification/agent/apb_driver.sv(107) @ 1405: uvm_test_top.env_h.act_agent_h.drv_h [[DRV]] Pready occured at wait_count=0 39 3129822872
UVM_INFO /home/dvft1103/dvft11/uvm/apb_project/verification/env/apb_score_board.sv(51) @ 1410: uvm_test_top.env_h.sb_h [[SB]] [ACTIVE] paddr=0x27 pwrite=0 pwdata=0xba8d4e98 prdata=0x27 pslverr=0
UVM_INFO /home/dvft1103/dvft11/uvm/apb_project/verification/agent/apb_active_monitor.sv(85) @ 1410: uvm_test_top.env_h.act_agent_h.act_mon_h [[ACTIVE_MON]]  Transaction sent to scoreboard
UVM_INFO /home/dvft1103/dvft11/uvm/apb_project/verification/env/apb_score_board.sv(61) @ 1410: uvm_test_top.env_h.sb_h [[SB]] [PASSIVE] paddr=0x27 pwrite=0 pwdata=0xba8d4e98 prdata=0x27 pslverr=0
UVM_WARNING /home/dvft1103/dvft11/uvm/apb_project/verification/env/apb_score_board.sv(150) @ 1410: uvm_test_top.env_h.sb_h [[SB]] [1410] READ from uninitialised addr 0x27 --- no ref
UVM_INFO /home/dvft1103/dvft11/uvm/apb_project/verification/agent/apb_passive_monitor.sv(79) @ 1410: uvm_test_top.env_h.pas_agent_h.pas_mon_h [[PASSIVE_MON]]  Transaction sent to scoreboard
UVM_INFO /home/dvft1103/dvft11/uvm/apb_project/verification/agent/apb_driver.sv(110) @ 1415: uvm_test_top.env_h.act_agent_h.drv_h [[DRV]] Transaction completed
UVM_ERROR @ 1415: uvm_test_top.env_h.act_agent_h.seqr_h@@read_h [uvm_test_top.env_h.act_agent_h.seqr_h.read_h] Response queue overflow, response was dropped
UVM_INFO /home/dvft1103/dvft11/uvm/apb_project/verification/test/apb_read_seq.sv(35) @ 1425: uvm_test_top.env_h.act_agent_h.seqr_h@@read_h [apb_read_seq] Dispalying From apb_read_seq=----------------------------------------------------------------------------------------------------
Name                           Type               Size  Value                                       
----------------------------------------------------------------------------------------------------
seq_h                          apb_sequence_item  -     @4360                                       
  psel                         integral           1     'h0                                         
  continuous_psel              integral           1     'h0                                         
  penable                      integral           1     'h0                                         
  pready                       integral           1     'h0                                         
  paddr                        integral           32    'h5f                                        
  pwrite                       integral           1     'h0                                         
  prdata                       integral           32    'h0                                         
  pwdata                       integral           32    'hb1162856                                  
  pslverr                      integral           1     'h0                                         
  apb_state                    apb_state_e        2     ""                                          
  begin_time                   time               64    1425                                        
  depth                        int                32    'd2                                         
  parent sequence (name)       string             6     read_h                                      
  parent sequence (full name)  string             44    uvm_test_top.env_h.act_agent_h.seqr_h.read_h
  sequencer                    string             37    uvm_test_top.env_h.act_agent_h.seqr_h       
----------------------------------------------------------------------------------------------------

UVM_INFO /home/dvft1103/dvft11/uvm/apb_project/verification/agent/apb_driver.sv(52) @ 1425: uvm_test_top.env_h.act_agent_h.drv_h [DRIVER] Displaying from apb_driver=----------------------------------------------------------------------------------------------------
Name                           Type               Size  Value                                       
----------------------------------------------------------------------------------------------------
seq_h                          apb_sequence_item  -     @4360                                       
  psel                         integral           1     'h0                                         
  continuous_psel              integral           1     'h0                                         
  penable                      integral           1     'h0                                         
  pready                       integral           1     'h0                                         
  paddr                        integral           32    'h5f                                        
  pwrite                       integral           1     'h0                                         
  prdata                       integral           32    'h0                                         
  pwdata                       integral           32    'hb1162856                                  
  pslverr                      integral           1     'h0                                         
  apb_state                    apb_state_e        2     ""                                          
  begin_time                   time               64    1425                                        
  depth                        int                32    'd2                                         
  parent sequence (name)       string             6     read_h                                      
  parent sequence (full name)  string             44    uvm_test_top.env_h.act_agent_h.seqr_h.read_h
  sequencer                    string             37    uvm_test_top.env_h.act_agent_h.seqr_h       
----------------------------------------------------------------------------------------------------

UVM_INFO /home/dvft1103/dvft11/uvm/apb_project/verification/agent/apb_driver.sv(63) @ 1425: uvm_test_top.env_h.act_agent_h.drv_h [[DRV]] Entered SETUP State
UVM_INFO /home/dvft1103/dvft11/uvm/apb_project/verification/env/apb_score_board.sv(51) @ 1430: uvm_test_top.env_h.sb_h [[SB]] [ACTIVE] paddr=0x0 pwrite=0 pwdata=0x0 prdata=0x0 pslverr=0
UVM_INFO /home/dvft1103/dvft11/uvm/apb_project/verification/agent/apb_active_monitor.sv(57) @ 1430: uvm_test_top.env_h.act_agent_h.act_mon_h [[ACTIVE_MON]] setup detected:::::- ------------------------------------------------------
Name               Type               Size  Value     
------------------------------------------------------
seq_h              apb_sequence_item  -     @4374     
  psel             integral           1     'h1       
  continuous_psel  integral           1     'h0       
  penable          integral           1     'h0       
  pready           integral           1     'h1       
  paddr            integral           32    'h5f      
  pwrite           integral           1     'h0       
  prdata           integral           32    'h0       
  pwdata           integral           32    'hb1162856
  pslverr          integral           1     'h0       
  apb_state        apb_state_e        2     IDLE      
------------------------------------------------------

UVM_INFO /home/dvft1103/dvft11/uvm/apb_project/verification/env/apb_score_board.sv(51) @ 1430: uvm_test_top.env_h.sb_h [[SB]] [ACTIVE] paddr=0x5f pwrite=0 pwdata=0xb1162856 prdata=0x0 pslverr=0
UVM_INFO /home/dvft1103/dvft11/uvm/apb_project/verification/env/apb_score_board.sv(61) @ 1430: uvm_test_top.env_h.sb_h [[SB]] [PASSIVE] paddr=0x0 pwrite=0 pwdata=0x0 prdata=0x0 pslverr=0
UVM_WARNING /home/dvft1103/dvft11/uvm/apb_project/verification/env/apb_score_board.sv(150) @ 1430: uvm_test_top.env_h.sb_h [[SB]] [1430] READ from uninitialised addr 0x0 --- no ref
UVM_INFO /home/dvft1103/dvft11/uvm/apb_project/verification/agent/apb_passive_monitor.sv(52) @ 1430: uvm_test_top.env_h.pas_agent_h.pas_mon_h [[PASSIVE_MON]] setup detected:::::- ------------------------------------------------------
Name               Type               Size  Value     
------------------------------------------------------
seq_h              apb_sequence_item  -     @4400     
  psel             integral           1     'h1       
  continuous_psel  integral           1     'h0       
  penable          integral           1     'h0       
  pready           integral           1     'h1       
  paddr            integral           32    'h5f      
  pwrite           integral           1     'h0       
  prdata           integral           32    'h0       
  pwdata           integral           32    'hb1162856
  pslverr          integral           1     'h0       
  apb_state        apb_state_e        2     IDLE      
------------------------------------------------------

UVM_INFO /home/dvft1103/dvft11/uvm/apb_project/verification/env/apb_score_board.sv(61) @ 1430: uvm_test_top.env_h.sb_h [[SB]] [PASSIVE] paddr=0x5f pwrite=0 pwdata=0xb1162856 prdata=0x0 pslverr=0
UVM_WARNING /home/dvft1103/dvft11/uvm/apb_project/verification/env/apb_score_board.sv(150) @ 1430: uvm_test_top.env_h.sb_h [[SB]] [1430] READ from uninitialised addr 0x5f --- no ref
UVM_INFO /home/dvft1103/dvft11/uvm/apb_project/verification/agent/apb_driver.sv(81) @ 1435: uvm_test_top.env_h.act_agent_h.drv_h [[DRV]] Entered ACCESS State
UVM_INFO /home/dvft1103/dvft11/uvm/apb_project/verification/env/apb_score_board.sv(51) @ 1440: uvm_test_top.env_h.sb_h [[SB]] [ACTIVE] paddr=0x5f pwrite=0 pwdata=0xb1162856 prdata=0x0 pslverr=0
UVM_INFO /home/dvft1103/dvft11/uvm/apb_project/verification/env/apb_score_board.sv(51) @ 1440: uvm_test_top.env_h.sb_h [[SB]] [ACTIVE] paddr=0x5f pwrite=0 pwdata=0xb1162856 prdata=0x0 pslverr=0
UVM_INFO /home/dvft1103/dvft11/uvm/apb_project/verification/agent/apb_active_monitor.sv(85) @ 1440: uvm_test_top.env_h.act_agent_h.act_mon_h [[ACTIVE_MON]]  Transaction sent to scoreboard
UVM_INFO /home/dvft1103/dvft11/uvm/apb_project/verification/env/apb_score_board.sv(61) @ 1440: uvm_test_top.env_h.sb_h [[SB]] [PASSIVE] paddr=0x5f pwrite=0 pwdata=0xb1162856 prdata=0x0 pslverr=0
UVM_WARNING /home/dvft1103/dvft11/uvm/apb_project/verification/env/apb_score_board.sv(150) @ 1440: uvm_test_top.env_h.sb_h [[SB]] [1440] READ from uninitialised addr 0x5f --- no ref
UVM_INFO /home/dvft1103/dvft11/uvm/apb_project/verification/env/apb_score_board.sv(61) @ 1440: uvm_test_top.env_h.sb_h [[SB]] [PASSIVE] paddr=0x5f pwrite=0 pwdata=0xb1162856 prdata=0x0 pslverr=0
UVM_WARNING /home/dvft1103/dvft11/uvm/apb_project/verification/env/apb_score_board.sv(150) @ 1440: uvm_test_top.env_h.sb_h [[SB]] [1440] READ from uninitialised addr 0x5f --- no ref
UVM_INFO /home/dvft1103/dvft11/uvm/apb_project/verification/agent/apb_passive_monitor.sv(79) @ 1440: uvm_test_top.env_h.pas_agent_h.pas_mon_h [[PASSIVE_MON]]  Transaction sent to scoreboard
UVM_INFO /home/dvft1103/dvft11/uvm/apb_project/verification/agent/apb_driver.sv(107) @ 1445: uvm_test_top.env_h.act_agent_h.drv_h [[DRV]] Pready occured at wait_count=0 95 2971019350
UVM_INFO /home/dvft1103/dvft11/uvm/apb_project/verification/agent/apb_driver.sv(110) @ 1455: uvm_test_top.env_h.act_agent_h.drv_h [[DRV]] Transaction completed
UVM_ERROR @ 1455: uvm_test_top.env_h.act_agent_h.seqr_h@@read_h [uvm_test_top.env_h.act_agent_h.seqr_h.read_h] Response queue overflow, response was dropped
UVM_INFO /home/dvft1103/dvft11/uvm/apb_project/verification/test/apb_rw_seq.sv(43) @ 1465: uvm_test_top.env_h.act_agent_h.seqr_h@@rw_h [apb_rw_seq] Dispalying From apb_rw_seq=--------------------------------------------------------------------------------------------------
Name                           Type               Size  Value                                     
--------------------------------------------------------------------------------------------------
seq_h                          apb_sequence_item  -     @4490                                     
  psel                         integral           1     'h0                                       
  continuous_psel              integral           1     'h0                                       
  penable                      integral           1     'h0                                       
  pready                       integral           1     'h0                                       
  paddr                        integral           32    'h44                                      
  pwrite                       integral           1     'h1                                       
  prdata                       integral           32    'h0                                       
  pwdata                       integral           32    'hbfc75ffa                                
  pslverr                      integral           1     'h0                                       
  apb_state                    apb_state_e        2     ""                                        
  begin_time                   time               64    1465                                      
  depth                        int                32    'd2                                       
  parent sequence (name)       string             4     rw_h                                      
  parent sequence (full name)  string             42    uvm_test_top.env_h.act_agent_h.seqr_h.rw_h
  sequencer                    string             37    uvm_test_top.env_h.act_agent_h.seqr_h     
--------------------------------------------------------------------------------------------------

UVM_INFO /home/dvft1103/dvft11/uvm/apb_project/verification/agent/apb_driver.sv(52) @ 1465: uvm_test_top.env_h.act_agent_h.drv_h [DRIVER] Displaying from apb_driver=--------------------------------------------------------------------------------------------------
Name                           Type               Size  Value                                     
--------------------------------------------------------------------------------------------------
seq_h                          apb_sequence_item  -     @4490                                     
  psel                         integral           1     'h0                                       
  continuous_psel              integral           1     'h0                                       
  penable                      integral           1     'h0                                       
  pready                       integral           1     'h0                                       
  paddr                        integral           32    'h44                                      
  pwrite                       integral           1     'h1                                       
  prdata                       integral           32    'h0                                       
  pwdata                       integral           32    'hbfc75ffa                                
  pslverr                      integral           1     'h0                                       
  apb_state                    apb_state_e        2     ""                                        
  begin_time                   time               64    1465                                      
  depth                        int                32    'd2                                       
  parent sequence (name)       string             4     rw_h                                      
  parent sequence (full name)  string             42    uvm_test_top.env_h.act_agent_h.seqr_h.rw_h
  sequencer                    string             37    uvm_test_top.env_h.act_agent_h.seqr_h     
--------------------------------------------------------------------------------------------------

UVM_INFO /home/dvft1103/dvft11/uvm/apb_project/verification/agent/apb_driver.sv(63) @ 1465: uvm_test_top.env_h.act_agent_h.drv_h [[DRV]] Entered SETUP State
UVM_INFO /home/dvft1103/dvft11/uvm/apb_project/verification/env/apb_score_board.sv(51) @ 1470: uvm_test_top.env_h.sb_h [[SB]] [ACTIVE] paddr=0x0 pwrite=0 pwdata=0x0 prdata=0x0 pslverr=0
UVM_INFO /home/dvft1103/dvft11/uvm/apb_project/verification/agent/apb_active_monitor.sv(57) @ 1470: uvm_test_top.env_h.act_agent_h.act_mon_h [[ACTIVE_MON]] setup detected:::::- ------------------------------------------------------
Name               Type               Size  Value     
------------------------------------------------------
seq_h              apb_sequence_item  -     @4504     
  psel             integral           1     'h1       
  continuous_psel  integral           1     'h0       
  penable          integral           1     'h0       
  pready           integral           1     'h0       
  paddr            integral           32    'h44      
  pwrite           integral           1     'h1       
  prdata           integral           32    'h0       
  pwdata           integral           32    'hbfc75ffa
  pslverr          integral           1     'h0       
  apb_state        apb_state_e        2     IDLE      
------------------------------------------------------

UVM_INFO /home/dvft1103/dvft11/uvm/apb_project/verification/env/apb_score_board.sv(51) @ 1470: uvm_test_top.env_h.sb_h [[SB]] [ACTIVE] paddr=0x44 pwrite=1 pwdata=0xbfc75ffa prdata=0x0 pslverr=0
UVM_INFO /home/dvft1103/dvft11/uvm/apb_project/verification/env/apb_score_board.sv(61) @ 1470: uvm_test_top.env_h.sb_h [[SB]] [PASSIVE] paddr=0x0 pwrite=0 pwdata=0x0 prdata=0x0 pslverr=0
UVM_WARNING /home/dvft1103/dvft11/uvm/apb_project/verification/env/apb_score_board.sv(150) @ 1470: uvm_test_top.env_h.sb_h [[SB]] [1470] READ from uninitialised addr 0x0 --- no ref
UVM_INFO /home/dvft1103/dvft11/uvm/apb_project/verification/agent/apb_passive_monitor.sv(52) @ 1470: uvm_test_top.env_h.pas_agent_h.pas_mon_h [[PASSIVE_MON]] setup detected:::::- ------------------------------------------------------
Name               Type               Size  Value     
------------------------------------------------------
seq_h              apb_sequence_item  -     @4530     
  psel             integral           1     'h1       
  continuous_psel  integral           1     'h0       
  penable          integral           1     'h0       
  pready           integral           1     'h0       
  paddr            integral           32    'h44      
  pwrite           integral           1     'h1       
  prdata           integral           32    'h0       
  pwdata           integral           32    'hbfc75ffa
  pslverr          integral           1     'h0       
  apb_state        apb_state_e        2     IDLE      
------------------------------------------------------

UVM_INFO /home/dvft1103/dvft11/uvm/apb_project/verification/env/apb_score_board.sv(61) @ 1470: uvm_test_top.env_h.sb_h [[SB]] [PASSIVE] paddr=0x44 pwrite=1 pwdata=0xbfc75ffa prdata=0x0 pslverr=0
UVM_INFO /home/dvft1103/dvft11/uvm/apb_project/verification/env/apb_score_board.sv(128) @ 1470: uvm_test_top.env_h.sb_h [[SB]] [1470]WRITE PASS:mem[0x44]=0xbfc75ffa
UVM_INFO /home/dvft1103/dvft11/uvm/apb_project/verification/agent/apb_driver.sv(81) @ 1475: uvm_test_top.env_h.act_agent_h.drv_h [[DRV]] Entered ACCESS State
UVM_INFO /home/dvft1103/dvft11/uvm/apb_project/verification/env/apb_score_board.sv(51) @ 1480: uvm_test_top.env_h.sb_h [[SB]] [ACTIVE] paddr=0x44 pwrite=1 pwdata=0xbfc75ffa prdata=0x0 pslverr=0
UVM_INFO /home/dvft1103/dvft11/uvm/apb_project/verification/env/apb_score_board.sv(61) @ 1480: uvm_test_top.env_h.sb_h [[SB]] [PASSIVE] paddr=0x44 pwrite=1 pwdata=0xbfc75ffa prdata=0x0 pslverr=0
UVM_INFO /home/dvft1103/dvft11/uvm/apb_project/verification/env/apb_score_board.sv(128) @ 1480: uvm_test_top.env_h.sb_h [[SB]] [1480]WRITE PASS:mem[0x44]=0xbfc75ffa
"/home/dvft1103/dvft11/uvm/apb_project/verification/tb/apb_interface.sv", 102: apb_top.intf_h.pready_waiting: started at 1435s failed at 1495s
	Offending 'pready'
UVM_INFO /home/dvft1103/dvft11/uvm/apb_project/verification/agent/apb_driver.sv(107) @ 1495: uvm_test_top.env_h.act_agent_h.drv_h [[DRV]] Pready occured at wait_count=1 68 3217514490
UVM_INFO /home/dvft1103/dvft11/uvm/apb_project/verification/env/apb_score_board.sv(51) @ 1500: uvm_test_top.env_h.sb_h [[SB]] [ACTIVE] paddr=0x44 pwrite=1 pwdata=0xbfc75ffa prdata=0x0 pslverr=0
UVM_INFO /home/dvft1103/dvft11/uvm/apb_project/verification/agent/apb_active_monitor.sv(85) @ 1500: uvm_test_top.env_h.act_agent_h.act_mon_h [[ACTIVE_MON]]  Transaction sent to scoreboard
UVM_INFO /home/dvft1103/dvft11/uvm/apb_project/verification/env/apb_score_board.sv(61) @ 1500: uvm_test_top.env_h.sb_h [[SB]] [PASSIVE] paddr=0x44 pwrite=1 pwdata=0xbfc75ffa prdata=0x0 pslverr=0
UVM_INFO /home/dvft1103/dvft11/uvm/apb_project/verification/env/apb_score_board.sv(128) @ 1500: uvm_test_top.env_h.sb_h [[SB]] [1500]WRITE PASS:mem[0x44]=0xbfc75ffa
UVM_INFO /home/dvft1103/dvft11/uvm/apb_project/verification/agent/apb_passive_monitor.sv(79) @ 1500: uvm_test_top.env_h.pas_agent_h.pas_mon_h [[PASSIVE_MON]]  Transaction sent to scoreboard
UVM_INFO /home/dvft1103/dvft11/uvm/apb_project/verification/agent/apb_driver.sv(110) @ 1505: uvm_test_top.env_h.act_agent_h.drv_h [[DRV]] Transaction completed
UVM_INFO /home/dvft1103/dvft11/uvm/apb_project/verification/test/apb_rw_seq.sv(43) @ 1515: uvm_test_top.env_h.act_agent_h.seqr_h@@rw_h [apb_rw_seq] Dispalying From apb_rw_seq=--------------------------------------------------------------------------------------------------
Name                           Type               Size  Value                                     
--------------------------------------------------------------------------------------------------
seq_h                          apb_sequence_item  -     @4614                                     
  psel                         integral           1     'h0                                       
  continuous_psel              integral           1     'h0                                       
  penable                      integral           1     'h0                                       
  pready                       integral           1     'h0                                       
  paddr                        integral           32    'h44                                      
  pwrite                       integral           1     'h0                                       
  prdata                       integral           32    'h0                                       
  pwdata                       integral           32    'h3e7e30bb                                
  pslverr                      integral           1     'h0                                       
  apb_state                    apb_state_e        2     ""                                        
  begin_time                   time               64    1515                                      
  depth                        int                32    'd2                                       
  parent sequence (name)       string             4     rw_h                                      
  parent sequence (full name)  string             42    uvm_test_top.env_h.act_agent_h.seqr_h.rw_h
  sequencer                    string             37    uvm_test_top.env_h.act_agent_h.seqr_h     
--------------------------------------------------------------------------------------------------

UVM_INFO /home/dvft1103/dvft11/uvm/apb_project/verification/agent/apb_driver.sv(52) @ 1515: uvm_test_top.env_h.act_agent_h.drv_h [DRIVER] Displaying from apb_driver=--------------------------------------------------------------------------------------------------
Name                           Type               Size  Value                                     
--------------------------------------------------------------------------------------------------
seq_h                          apb_sequence_item  -     @4614                                     
  psel                         integral           1     'h0                                       
  continuous_psel              integral           1     'h0                                       
  penable                      integral           1     'h0                                       
  pready                       integral           1     'h0                                       
  paddr                        integral           32    'h44                                      
  pwrite                       integral           1     'h0                                       
  prdata                       integral           32    'h0                                       
  pwdata                       integral           32    'h3e7e30bb                                
  pslverr                      integral           1     'h0                                       
  apb_state                    apb_state_e        2     ""                                        
  begin_time                   time               64    1515                                      
  depth                        int                32    'd2                                       
  parent sequence (name)       string             4     rw_h                                      
  parent sequence (full name)  string             42    uvm_test_top.env_h.act_agent_h.seqr_h.rw_h
  sequencer                    string             37    uvm_test_top.env_h.act_agent_h.seqr_h     
--------------------------------------------------------------------------------------------------

UVM_INFO /home/dvft1103/dvft11/uvm/apb_project/verification/agent/apb_driver.sv(63) @ 1515: uvm_test_top.env_h.act_agent_h.drv_h [[DRV]] Entered SETUP State
UVM_INFO /home/dvft1103/dvft11/uvm/apb_project/verification/env/apb_score_board.sv(51) @ 1520: uvm_test_top.env_h.sb_h [[SB]] [ACTIVE] paddr=0x0 pwrite=0 pwdata=0x0 prdata=0x0 pslverr=0
UVM_INFO /home/dvft1103/dvft11/uvm/apb_project/verification/agent/apb_active_monitor.sv(57) @ 1520: uvm_test_top.env_h.act_agent_h.act_mon_h [[ACTIVE_MON]] setup detected:::::- ------------------------------------------------------
Name               Type               Size  Value     
------------------------------------------------------
seq_h              apb_sequence_item  -     @4628     
  psel             integral           1     'h1       
  continuous_psel  integral           1     'h0       
  penable          integral           1     'h0       
  pready           integral           1     'h1       
  paddr            integral           32    'h44      
  pwrite           integral           1     'h0       
  prdata           integral           32    'h0       
  pwdata           integral           32    'h3e7e30bb
  pslverr          integral           1     'h0       
  apb_state        apb_state_e        2     IDLE      
------------------------------------------------------

UVM_INFO /home/dvft1103/dvft11/uvm/apb_project/verification/env/apb_score_board.sv(51) @ 1520: uvm_test_top.env_h.sb_h [[SB]] [ACTIVE] paddr=0x44 pwrite=0 pwdata=0x3e7e30bb prdata=0x0 pslverr=0
UVM_INFO /home/dvft1103/dvft11/uvm/apb_project/verification/env/apb_score_board.sv(61) @ 1520: uvm_test_top.env_h.sb_h [[SB]] [PASSIVE] paddr=0x0 pwrite=0 pwdata=0x0 prdata=0x0 pslverr=0
UVM_WARNING /home/dvft1103/dvft11/uvm/apb_project/verification/env/apb_score_board.sv(150) @ 1520: uvm_test_top.env_h.sb_h [[SB]] [1520] READ from uninitialised addr 0x0 --- no ref
UVM_INFO /home/dvft1103/dvft11/uvm/apb_project/verification/agent/apb_passive_monitor.sv(52) @ 1520: uvm_test_top.env_h.pas_agent_h.pas_mon_h [[PASSIVE_MON]] setup detected:::::- ------------------------------------------------------
Name               Type               Size  Value     
------------------------------------------------------
seq_h              apb_sequence_item  -     @4654     
  psel             integral           1     'h1       
  continuous_psel  integral           1     'h0       
  penable          integral           1     'h0       
  pready           integral           1     'h1       
  paddr            integral           32    'h44      
  pwrite           integral           1     'h0       
  prdata           integral           32    'h0       
  pwdata           integral           32    'h3e7e30bb
  pslverr          integral           1     'h0       
  apb_state        apb_state_e        2     IDLE      
------------------------------------------------------

UVM_INFO /home/dvft1103/dvft11/uvm/apb_project/verification/env/apb_score_board.sv(61) @ 1520: uvm_test_top.env_h.sb_h [[SB]] [PASSIVE] paddr=0x44 pwrite=0 pwdata=0x3e7e30bb prdata=0x0 pslverr=0
UVM_INFO /home/dvft1103/dvft11/uvm/apb_project/verification/agent/apb_driver.sv(81) @ 1525: uvm_test_top.env_h.act_agent_h.drv_h [[DRV]] Entered ACCESS State
UVM_INFO /home/dvft1103/dvft11/uvm/apb_project/verification/env/apb_score_board.sv(51) @ 1530: uvm_test_top.env_h.sb_h [[SB]] [ACTIVE] paddr=0x44 pwrite=0 pwdata=0x3e7e30bb prdata=0x0 pslverr=0
UVM_INFO /home/dvft1103/dvft11/uvm/apb_project/verification/env/apb_score_board.sv(51) @ 1530: uvm_test_top.env_h.sb_h [[SB]] [ACTIVE] paddr=0x44 pwrite=0 pwdata=0x3e7e30bb prdata=0x0 pslverr=0
UVM_INFO /home/dvft1103/dvft11/uvm/apb_project/verification/agent/apb_active_monitor.sv(85) @ 1530: uvm_test_top.env_h.act_agent_h.act_mon_h [[ACTIVE_MON]]  Transaction sent to scoreboard
UVM_INFO /home/dvft1103/dvft11/uvm/apb_project/verification/env/apb_score_board.sv(61) @ 1530: uvm_test_top.env_h.sb_h [[SB]] [PASSIVE] paddr=0x44 pwrite=0 pwdata=0x3e7e30bb prdata=0x0 pslverr=0
UVM_INFO /home/dvft1103/dvft11/uvm/apb_project/verification/env/apb_score_board.sv(61) @ 1530: uvm_test_top.env_h.sb_h [[SB]] [PASSIVE] paddr=0x44 pwrite=0 pwdata=0x3e7e30bb prdata=0x0 pslverr=0
UVM_INFO /home/dvft1103/dvft11/uvm/apb_project/verification/agent/apb_passive_monitor.sv(79) @ 1530: uvm_test_top.env_h.pas_agent_h.pas_mon_h [[PASSIVE_MON]]  Transaction sent to scoreboard
UVM_INFO /home/dvft1103/dvft11/uvm/apb_project/verification/agent/apb_driver.sv(107) @ 1535: uvm_test_top.env_h.act_agent_h.drv_h [[DRV]] Pready occured at wait_count=0 68 1048457403
UVM_INFO /home/dvft1103/dvft11/uvm/apb_project/verification/agent/apb_driver.sv(110) @ 1545: uvm_test_top.env_h.act_agent_h.drv_h [[DRV]] Transaction completed
UVM_INFO /home/dvft1103/dvft11/uvm/apb_project/verification/test/apb_rw_seq.sv(43) @ 1555: uvm_test_top.env_h.act_agent_h.seqr_h@@rw_h [apb_rw_seq] Dispalying From apb_rw_seq=--------------------------------------------------------------------------------------------------
Name                           Type               Size  Value                                     
--------------------------------------------------------------------------------------------------
seq_h                          apb_sequence_item  -     @4732                                     
  psel                         integral           1     'h0                                       
  continuous_psel              integral           1     'h0                                       
  penable                      integral           1     'h0                                       
  pready                       integral           1     'h0                                       
  paddr                        integral           32    'hce                                      
  pwrite                       integral           1     'h1                                       
  prdata                       integral           32    'h0                                       
  pwdata                       integral           32    'hdd7bd907                                
  pslverr                      integral           1     'h0                                       
  apb_state                    apb_state_e        2     ""                                        
  begin_time                   time               64    1555                                      
  depth                        int                32    'd2                                       
  parent sequence (name)       string             4     rw_h                                      
  parent sequence (full name)  string             42    uvm_test_top.env_h.act_agent_h.seqr_h.rw_h
  sequencer                    string             37    uvm_test_top.env_h.act_agent_h.seqr_h     
--------------------------------------------------------------------------------------------------

UVM_INFO /home/dvft1103/dvft11/uvm/apb_project/verification/agent/apb_driver.sv(52) @ 1555: uvm_test_top.env_h.act_agent_h.drv_h [DRIVER] Displaying from apb_driver=--------------------------------------------------------------------------------------------------
Name                           Type               Size  Value                                     
--------------------------------------------------------------------------------------------------
seq_h                          apb_sequence_item  -     @4732                                     
  psel                         integral           1     'h0                                       
  continuous_psel              integral           1     'h0                                       
  penable                      integral           1     'h0                                       
  pready                       integral           1     'h0                                       
  paddr                        integral           32    'hce                                      
  pwrite                       integral           1     'h1                                       
  prdata                       integral           32    'h0                                       
  pwdata                       integral           32    'hdd7bd907                                
  pslverr                      integral           1     'h0                                       
  apb_state                    apb_state_e        2     ""                                        
  begin_time                   time               64    1555                                      
  depth                        int                32    'd2                                       
  parent sequence (name)       string             4     rw_h                                      
  parent sequence (full name)  string             42    uvm_test_top.env_h.act_agent_h.seqr_h.rw_h
  sequencer                    string             37    uvm_test_top.env_h.act_agent_h.seqr_h     
--------------------------------------------------------------------------------------------------

UVM_INFO /home/dvft1103/dvft11/uvm/apb_project/verification/agent/apb_driver.sv(63) @ 1555: uvm_test_top.env_h.act_agent_h.drv_h [[DRV]] Entered SETUP State
UVM_INFO /home/dvft1103/dvft11/uvm/apb_project/verification/env/apb_score_board.sv(51) @ 1560: uvm_test_top.env_h.sb_h [[SB]] [ACTIVE] paddr=0x0 pwrite=0 pwdata=0x0 prdata=0x0 pslverr=0
UVM_INFO /home/dvft1103/dvft11/uvm/apb_project/verification/agent/apb_active_monitor.sv(57) @ 1560: uvm_test_top.env_h.act_agent_h.act_mon_h [[ACTIVE_MON]] setup detected:::::- ------------------------------------------------------
Name               Type               Size  Value     
------------------------------------------------------
seq_h              apb_sequence_item  -     @4746     
  psel             integral           1     'h1       
  continuous_psel  integral           1     'h0       
  penable          integral           1     'h0       
  pready           integral           1     'h0       
  paddr            integral           32    'hce      
  pwrite           integral           1     'h1       
  prdata           integral           32    'h0       
  pwdata           integral           32    'hdd7bd907
  pslverr          integral           1     'h0       
  apb_state        apb_state_e        2     IDLE      
------------------------------------------------------

UVM_INFO /home/dvft1103/dvft11/uvm/apb_project/verification/env/apb_score_board.sv(51) @ 1560: uvm_test_top.env_h.sb_h [[SB]] [ACTIVE] paddr=0xce pwrite=1 pwdata=0xdd7bd907 prdata=0x0 pslverr=0
UVM_INFO /home/dvft1103/dvft11/uvm/apb_project/verification/env/apb_score_board.sv(61) @ 1560: uvm_test_top.env_h.sb_h [[SB]] [PASSIVE] paddr=0x0 pwrite=0 pwdata=0x0 prdata=0x0 pslverr=0
UVM_WARNING /home/dvft1103/dvft11/uvm/apb_project/verification/env/apb_score_board.sv(150) @ 1560: uvm_test_top.env_h.sb_h [[SB]] [1560] READ from uninitialised addr 0x0 --- no ref
UVM_INFO /home/dvft1103/dvft11/uvm/apb_project/verification/agent/apb_passive_monitor.sv(52) @ 1560: uvm_test_top.env_h.pas_agent_h.pas_mon_h [[PASSIVE_MON]] setup detected:::::- ------------------------------------------------------
Name               Type               Size  Value     
------------------------------------------------------
seq_h              apb_sequence_item  -     @4772     
  psel             integral           1     'h1       
  continuous_psel  integral           1     'h0       
  penable          integral           1     'h0       
  pready           integral           1     'h0       
  paddr            integral           32    'hce      
  pwrite           integral           1     'h1       
  prdata           integral           32    'h0       
  pwdata           integral           32    'hdd7bd907
  pslverr          integral           1     'h0       
  apb_state        apb_state_e        2     IDLE      
------------------------------------------------------

UVM_INFO /home/dvft1103/dvft11/uvm/apb_project/verification/env/apb_score_board.sv(61) @ 1560: uvm_test_top.env_h.sb_h [[SB]] [PASSIVE] paddr=0xce pwrite=1 pwdata=0xdd7bd907 prdata=0x0 pslverr=0
UVM_INFO /home/dvft1103/dvft11/uvm/apb_project/verification/env/apb_score_board.sv(128) @ 1560: uvm_test_top.env_h.sb_h [[SB]] [1560]WRITE PASS:mem[0xce]=0xdd7bd907
UVM_INFO /home/dvft1103/dvft11/uvm/apb_project/verification/agent/apb_driver.sv(81) @ 1565: uvm_test_top.env_h.act_agent_h.drv_h [[DRV]] Entered ACCESS State
UVM_INFO /home/dvft1103/dvft11/uvm/apb_project/verification/env/apb_score_board.sv(51) @ 1570: uvm_test_top.env_h.sb_h [[SB]] [ACTIVE] paddr=0xce pwrite=1 pwdata=0xdd7bd907 prdata=0x0 pslverr=0
UVM_INFO /home/dvft1103/dvft11/uvm/apb_project/verification/env/apb_score_board.sv(61) @ 1570: uvm_test_top.env_h.sb_h [[SB]] [PASSIVE] paddr=0xce pwrite=1 pwdata=0xdd7bd907 prdata=0x0 pslverr=0
UVM_INFO /home/dvft1103/dvft11/uvm/apb_project/verification/env/apb_score_board.sv(128) @ 1570: uvm_test_top.env_h.sb_h [[SB]] [1570]WRITE PASS:mem[0xce]=0xdd7bd907
UVM_INFO /home/dvft1103/dvft11/uvm/apb_project/verification/agent/apb_driver.sv(107) @ 1575: uvm_test_top.env_h.act_agent_h.drv_h [[DRV]] Pready occured at wait_count=0 206 3715881223
UVM_INFO /home/dvft1103/dvft11/uvm/apb_project/verification/env/apb_score_board.sv(51) @ 1580: uvm_test_top.env_h.sb_h [[SB]] [ACTIVE] paddr=0xce pwrite=1 pwdata=0xdd7bd907 prdata=0x0 pslverr=0
UVM_INFO /home/dvft1103/dvft11/uvm/apb_project/verification/agent/apb_active_monitor.sv(85) @ 1580: uvm_test_top.env_h.act_agent_h.act_mon_h [[ACTIVE_MON]]  Transaction sent to scoreboard
UVM_INFO /home/dvft1103/dvft11/uvm/apb_project/verification/env/apb_score_board.sv(61) @ 1580: uvm_test_top.env_h.sb_h [[SB]] [PASSIVE] paddr=0xce pwrite=1 pwdata=0xdd7bd907 prdata=0x0 pslverr=0
UVM_INFO /home/dvft1103/dvft11/uvm/apb_project/verification/env/apb_score_board.sv(128) @ 1580: uvm_test_top.env_h.sb_h [[SB]] [1580]WRITE PASS:mem[0xce]=0xdd7bd907
UVM_INFO /home/dvft1103/dvft11/uvm/apb_project/verification/agent/apb_passive_monitor.sv(79) @ 1580: uvm_test_top.env_h.pas_agent_h.pas_mon_h [[PASSIVE_MON]]  Transaction sent to scoreboard
UVM_INFO /home/dvft1103/dvft11/uvm/apb_project/verification/agent/apb_driver.sv(110) @ 1585: uvm_test_top.env_h.act_agent_h.drv_h [[DRV]] Transaction completed
UVM_INFO /home/dvft1103/dvft11/uvm/apb_project/verification/test/apb_rw_seq.sv(43) @ 1595: uvm_test_top.env_h.act_agent_h.seqr_h@@rw_h [apb_rw_seq] Dispalying From apb_rw_seq=--------------------------------------------------------------------------------------------------
Name                           Type               Size  Value                                     
--------------------------------------------------------------------------------------------------
seq_h                          apb_sequence_item  -     @4856                                     
  psel                         integral           1     'h0                                       
  continuous_psel              integral           1     'h0                                       
  penable                      integral           1     'h0                                       
  pready                       integral           1     'h0                                       
  paddr                        integral           32    'hce                                      
  pwrite                       integral           1     'h0                                       
  prdata                       integral           32    'h0                                       
  pwdata                       integral           32    'he0cb15e3                                
  pslverr                      integral           1     'h0                                       
  apb_state                    apb_state_e        2     ""                                        
  begin_time                   time               64    1595                                      
  depth                        int                32    'd2                                       
  parent sequence (name)       string             4     rw_h                                      
  parent sequence (full name)  string             42    uvm_test_top.env_h.act_agent_h.seqr_h.rw_h
  sequencer                    string             37    uvm_test_top.env_h.act_agent_h.seqr_h     
--------------------------------------------------------------------------------------------------

UVM_INFO /home/dvft1103/dvft11/uvm/apb_project/verification/agent/apb_driver.sv(52) @ 1595: uvm_test_top.env_h.act_agent_h.drv_h [DRIVER] Displaying from apb_driver=--------------------------------------------------------------------------------------------------
Name                           Type               Size  Value                                     
--------------------------------------------------------------------------------------------------
seq_h                          apb_sequence_item  -     @4856                                     
  psel                         integral           1     'h0                                       
  continuous_psel              integral           1     'h0                                       
  penable                      integral           1     'h0                                       
  pready                       integral           1     'h0                                       
  paddr                        integral           32    'hce                                      
  pwrite                       integral           1     'h0                                       
  prdata                       integral           32    'h0                                       
  pwdata                       integral           32    'he0cb15e3                                
  pslverr                      integral           1     'h0                                       
  apb_state                    apb_state_e        2     ""                                        
  begin_time                   time               64    1595                                      
  depth                        int                32    'd2                                       
  parent sequence (name)       string             4     rw_h                                      
  parent sequence (full name)  string             42    uvm_test_top.env_h.act_agent_h.seqr_h.rw_h
  sequencer                    string             37    uvm_test_top.env_h.act_agent_h.seqr_h     
--------------------------------------------------------------------------------------------------

UVM_INFO /home/dvft1103/dvft11/uvm/apb_project/verification/agent/apb_driver.sv(63) @ 1595: uvm_test_top.env_h.act_agent_h.drv_h [[DRV]] Entered SETUP State
UVM_INFO /home/dvft1103/dvft11/uvm/apb_project/verification/env/apb_score_board.sv(51) @ 1600: uvm_test_top.env_h.sb_h [[SB]] [ACTIVE] paddr=0x0 pwrite=0 pwdata=0x0 prdata=0x0 pslverr=0
UVM_INFO /home/dvft1103/dvft11/uvm/apb_project/verification/agent/apb_active_monitor.sv(57) @ 1600: uvm_test_top.env_h.act_agent_h.act_mon_h [[ACTIVE_MON]] setup detected:::::- ------------------------------------------------------
Name               Type               Size  Value     
------------------------------------------------------
seq_h              apb_sequence_item  -     @4870     
  psel             integral           1     'h1       
  continuous_psel  integral           1     'h0       
  penable          integral           1     'h0       
  pready           integral           1     'h1       
  paddr            integral           32    'hce      
  pwrite           integral           1     'h0       
  prdata           integral           32    'h0       
  pwdata           integral           32    'he0cb15e3
  pslverr          integral           1     'h0       
  apb_state        apb_state_e        2     IDLE      
------------------------------------------------------

UVM_INFO /home/dvft1103/dvft11/uvm/apb_project/verification/env/apb_score_board.sv(51) @ 1600: uvm_test_top.env_h.sb_h [[SB]] [ACTIVE] paddr=0xce pwrite=0 pwdata=0xe0cb15e3 prdata=0x0 pslverr=0
UVM_INFO /home/dvft1103/dvft11/uvm/apb_project/verification/env/apb_score_board.sv(61) @ 1600: uvm_test_top.env_h.sb_h [[SB]] [PASSIVE] paddr=0x0 pwrite=0 pwdata=0x0 prdata=0x0 pslverr=0
UVM_WARNING /home/dvft1103/dvft11/uvm/apb_project/verification/env/apb_score_board.sv(150) @ 1600: uvm_test_top.env_h.sb_h [[SB]] [1600] READ from uninitialised addr 0x0 --- no ref
UVM_INFO /home/dvft1103/dvft11/uvm/apb_project/verification/agent/apb_passive_monitor.sv(52) @ 1600: uvm_test_top.env_h.pas_agent_h.pas_mon_h [[PASSIVE_MON]] setup detected:::::- ------------------------------------------------------
Name               Type               Size  Value     
------------------------------------------------------
seq_h              apb_sequence_item  -     @4896     
  psel             integral           1     'h1       
  continuous_psel  integral           1     'h0       
  penable          integral           1     'h0       
  pready           integral           1     'h1       
  paddr            integral           32    'hce      
  pwrite           integral           1     'h0       
  prdata           integral           32    'h0       
  pwdata           integral           32    'he0cb15e3
  pslverr          integral           1     'h0       
  apb_state        apb_state_e        2     IDLE      
------------------------------------------------------

UVM_INFO /home/dvft1103/dvft11/uvm/apb_project/verification/env/apb_score_board.sv(61) @ 1600: uvm_test_top.env_h.sb_h [[SB]] [PASSIVE] paddr=0xce pwrite=0 pwdata=0xe0cb15e3 prdata=0x0 pslverr=0
UVM_INFO /home/dvft1103/dvft11/uvm/apb_project/verification/agent/apb_driver.sv(81) @ 1605: uvm_test_top.env_h.act_agent_h.drv_h [[DRV]] Entered ACCESS State
UVM_INFO /home/dvft1103/dvft11/uvm/apb_project/verification/env/apb_score_board.sv(51) @ 1610: uvm_test_top.env_h.sb_h [[SB]] [ACTIVE] paddr=0xce pwrite=0 pwdata=0xe0cb15e3 prdata=0x0 pslverr=0
UVM_INFO /home/dvft1103/dvft11/uvm/apb_project/verification/env/apb_score_board.sv(51) @ 1610: uvm_test_top.env_h.sb_h [[SB]] [ACTIVE] paddr=0xce pwrite=0 pwdata=0xe0cb15e3 prdata=0x0 pslverr=0
UVM_INFO /home/dvft1103/dvft11/uvm/apb_project/verification/agent/apb_active_monitor.sv(85) @ 1610: uvm_test_top.env_h.act_agent_h.act_mon_h [[ACTIVE_MON]]  Transaction sent to scoreboard
UVM_INFO /home/dvft1103/dvft11/uvm/apb_project/verification/env/apb_score_board.sv(61) @ 1610: uvm_test_top.env_h.sb_h [[SB]] [PASSIVE] paddr=0xce pwrite=0 pwdata=0xe0cb15e3 prdata=0x0 pslverr=0
UVM_INFO /home/dvft1103/dvft11/uvm/apb_project/verification/env/apb_score_board.sv(61) @ 1610: uvm_test_top.env_h.sb_h [[SB]] [PASSIVE] paddr=0xce pwrite=0 pwdata=0xe0cb15e3 prdata=0x0 pslverr=0
UVM_INFO /home/dvft1103/dvft11/uvm/apb_project/verification/agent/apb_passive_monitor.sv(79) @ 1610: uvm_test_top.env_h.pas_agent_h.pas_mon_h [[PASSIVE_MON]]  Transaction sent to scoreboard
UVM_INFO /home/dvft1103/dvft11/uvm/apb_project/verification/agent/apb_driver.sv(107) @ 1625: uvm_test_top.env_h.act_agent_h.drv_h [[DRV]] Pready occured at wait_count=1 206 3771405795
UVM_INFO /home/dvft1103/dvft11/uvm/apb_project/verification/agent/apb_driver.sv(110) @ 1635: uvm_test_top.env_h.act_agent_h.drv_h [[DRV]] Transaction completed
UVM_INFO /home/dvft1103/dvft11/uvm/apb_project/verification/test/apb_rw_seq.sv(43) @ 1645: uvm_test_top.env_h.act_agent_h.seqr_h@@rw_h [apb_rw_seq] Dispalying From apb_rw_seq=--------------------------------------------------------------------------------------------------
Name                           Type               Size  Value                                     
--------------------------------------------------------------------------------------------------
seq_h                          apb_sequence_item  -     @4974                                     
  psel                         integral           1     'h0                                       
  continuous_psel              integral           1     'h0                                       
  penable                      integral           1     'h0                                       
  pready                       integral           1     'h0                                       
  paddr                        integral           32    'hc2                                      
  pwrite                       integral           1     'h1                                       
  prdata                       integral           32    'h0                                       
  pwdata                       integral           32    'hfec8d959                                
  pslverr                      integral           1     'h0                                       
  apb_state                    apb_state_e        2     ""                                        
  begin_time                   time               64    1645                                      
  depth                        int                32    'd2                                       
  parent sequence (name)       string             4     rw_h                                      
  parent sequence (full name)  string             42    uvm_test_top.env_h.act_agent_h.seqr_h.rw_h
  sequencer                    string             37    uvm_test_top.env_h.act_agent_h.seqr_h     
--------------------------------------------------------------------------------------------------

UVM_INFO /home/dvft1103/dvft11/uvm/apb_project/verification/agent/apb_driver.sv(52) @ 1645: uvm_test_top.env_h.act_agent_h.drv_h [DRIVER] Displaying from apb_driver=--------------------------------------------------------------------------------------------------
Name                           Type               Size  Value                                     
--------------------------------------------------------------------------------------------------
seq_h                          apb_sequence_item  -     @4974                                     
  psel                         integral           1     'h0                                       
  continuous_psel              integral           1     'h0                                       
  penable                      integral           1     'h0                                       
  pready                       integral           1     'h0                                       
  paddr                        integral           32    'hc2                                      
  pwrite                       integral           1     'h1                                       
  prdata                       integral           32    'h0                                       
  pwdata                       integral           32    'hfec8d959                                
  pslverr                      integral           1     'h0                                       
  apb_state                    apb_state_e        2     ""                                        
  begin_time                   time               64    1645                                      
  depth                        int                32    'd2                                       
  parent sequence (name)       string             4     rw_h                                      
  parent sequence (full name)  string             42    uvm_test_top.env_h.act_agent_h.seqr_h.rw_h
  sequencer                    string             37    uvm_test_top.env_h.act_agent_h.seqr_h     
--------------------------------------------------------------------------------------------------

UVM_INFO /home/dvft1103/dvft11/uvm/apb_project/verification/agent/apb_driver.sv(63) @ 1645: uvm_test_top.env_h.act_agent_h.drv_h [[DRV]] Entered SETUP State
UVM_INFO /home/dvft1103/dvft11/uvm/apb_project/verification/env/apb_score_board.sv(51) @ 1650: uvm_test_top.env_h.sb_h [[SB]] [ACTIVE] paddr=0x0 pwrite=0 pwdata=0x0 prdata=0x0 pslverr=0
UVM_INFO /home/dvft1103/dvft11/uvm/apb_project/verification/agent/apb_active_monitor.sv(57) @ 1650: uvm_test_top.env_h.act_agent_h.act_mon_h [[ACTIVE_MON]] setup detected:::::- ------------------------------------------------------
Name               Type               Size  Value     
------------------------------------------------------
seq_h              apb_sequence_item  -     @4988     
  psel             integral           1     'h1       
  continuous_psel  integral           1     'h0       
  penable          integral           1     'h0       
  pready           integral           1     'h1       
  paddr            integral           32    'hc2      
  pwrite           integral           1     'h1       
  prdata           integral           32    'h0       
  pwdata           integral           32    'hfec8d959
  pslverr          integral           1     'h0       
  apb_state        apb_state_e        2     IDLE      
------------------------------------------------------

UVM_INFO /home/dvft1103/dvft11/uvm/apb_project/verification/env/apb_score_board.sv(51) @ 1650: uvm_test_top.env_h.sb_h [[SB]] [ACTIVE] paddr=0xc2 pwrite=1 pwdata=0xfec8d959 prdata=0x0 pslverr=0
UVM_INFO /home/dvft1103/dvft11/uvm/apb_project/verification/env/apb_score_board.sv(61) @ 1650: uvm_test_top.env_h.sb_h [[SB]] [PASSIVE] paddr=0x0 pwrite=0 pwdata=0x0 prdata=0x0 pslverr=0
UVM_WARNING /home/dvft1103/dvft11/uvm/apb_project/verification/env/apb_score_board.sv(150) @ 1650: uvm_test_top.env_h.sb_h [[SB]] [1650] READ from uninitialised addr 0x0 --- no ref
UVM_INFO /home/dvft1103/dvft11/uvm/apb_project/verification/agent/apb_passive_monitor.sv(52) @ 1650: uvm_test_top.env_h.pas_agent_h.pas_mon_h [[PASSIVE_MON]] setup detected:::::- ------------------------------------------------------
Name               Type               Size  Value     
------------------------------------------------------
seq_h              apb_sequence_item  -     @5014     
  psel             integral           1     'h1       
  continuous_psel  integral           1     'h0       
  penable          integral           1     'h0       
  pready           integral           1     'h1       
  paddr            integral           32    'hc2      
  pwrite           integral           1     'h1       
  prdata           integral           32    'h0       
  pwdata           integral           32    'hfec8d959
  pslverr          integral           1     'h0       
  apb_state        apb_state_e        2     IDLE      
------------------------------------------------------

UVM_INFO /home/dvft1103/dvft11/uvm/apb_project/verification/env/apb_score_board.sv(61) @ 1650: uvm_test_top.env_h.sb_h [[SB]] [PASSIVE] paddr=0xc2 pwrite=1 pwdata=0xfec8d959 prdata=0x0 pslverr=0
UVM_INFO /home/dvft1103/dvft11/uvm/apb_project/verification/env/apb_score_board.sv(128) @ 1650: uvm_test_top.env_h.sb_h [[SB]] [1650]WRITE PASS:mem[0xc2]=0xfec8d959
UVM_INFO /home/dvft1103/dvft11/uvm/apb_project/verification/agent/apb_driver.sv(81) @ 1655: uvm_test_top.env_h.act_agent_h.drv_h [[DRV]] Entered ACCESS State
UVM_INFO /home/dvft1103/dvft11/uvm/apb_project/verification/env/apb_score_board.sv(51) @ 1660: uvm_test_top.env_h.sb_h [[SB]] [ACTIVE] paddr=0xc2 pwrite=1 pwdata=0xfec8d959 prdata=0x0 pslverr=0
UVM_INFO /home/dvft1103/dvft11/uvm/apb_project/verification/env/apb_score_board.sv(61) @ 1660: uvm_test_top.env_h.sb_h [[SB]] [PASSIVE] paddr=0xc2 pwrite=1 pwdata=0xfec8d959 prdata=0x0 pslverr=0
UVM_INFO /home/dvft1103/dvft11/uvm/apb_project/verification/env/apb_score_board.sv(128) @ 1660: uvm_test_top.env_h.sb_h [[SB]] [1660]WRITE PASS:mem[0xc2]=0xfec8d959
UVM_INFO /home/dvft1103/dvft11/uvm/apb_project/verification/agent/apb_driver.sv(107) @ 1685: uvm_test_top.env_h.act_agent_h.drv_h [[DRV]] Pready occured at wait_count=2 194 4274575705
UVM_INFO /home/dvft1103/dvft11/uvm/apb_project/verification/env/apb_score_board.sv(51) @ 1690: uvm_test_top.env_h.sb_h [[SB]] [ACTIVE] paddr=0xc2 pwrite=1 pwdata=0xfec8d959 prdata=0x0 pslverr=0
UVM_INFO /home/dvft1103/dvft11/uvm/apb_project/verification/agent/apb_active_monitor.sv(85) @ 1690: uvm_test_top.env_h.act_agent_h.act_mon_h [[ACTIVE_MON]]  Transaction sent to scoreboard
UVM_INFO /home/dvft1103/dvft11/uvm/apb_project/verification/env/apb_score_board.sv(61) @ 1690: uvm_test_top.env_h.sb_h [[SB]] [PASSIVE] paddr=0xc2 pwrite=1 pwdata=0xfec8d959 prdata=0x0 pslverr=0
UVM_INFO /home/dvft1103/dvft11/uvm/apb_project/verification/env/apb_score_board.sv(128) @ 1690: uvm_test_top.env_h.sb_h [[SB]] [1690]WRITE PASS:mem[0xc2]=0xfec8d959
UVM_INFO /home/dvft1103/dvft11/uvm/apb_project/verification/agent/apb_passive_monitor.sv(79) @ 1690: uvm_test_top.env_h.pas_agent_h.pas_mon_h [[PASSIVE_MON]]  Transaction sent to scoreboard
UVM_INFO /home/dvft1103/dvft11/uvm/apb_project/verification/agent/apb_driver.sv(110) @ 1695: uvm_test_top.env_h.act_agent_h.drv_h [[DRV]] Transaction completed
UVM_INFO /home/dvft1103/dvft11/uvm/apb_project/verification/test/apb_rw_seq.sv(43) @ 1705: uvm_test_top.env_h.act_agent_h.seqr_h@@rw_h [apb_rw_seq] Dispalying From apb_rw_seq=--------------------------------------------------------------------------------------------------
Name                           Type               Size  Value                                     
--------------------------------------------------------------------------------------------------
seq_h                          apb_sequence_item  -     @5098                                     
  psel                         integral           1     'h0                                       
  continuous_psel              integral           1     'h0                                       
  penable                      integral           1     'h0                                       
  pready                       integral           1     'h0                                       
  paddr                        integral           32    'hc2                                      
  pwrite                       integral           1     'h0                                       
  prdata                       integral           32    'h0                                       
  pwdata                       integral           32    'haf33e683                                
  pslverr                      integral           1     'h0                                       
  apb_state                    apb_state_e        2     ""                                        
  begin_time                   time               64    1705                                      
  depth                        int                32    'd2                                       
  parent sequence (name)       string             4     rw_h                                      
  parent sequence (full name)  string             42    uvm_test_top.env_h.act_agent_h.seqr_h.rw_h
  sequencer                    string             37    uvm_test_top.env_h.act_agent_h.seqr_h     
--------------------------------------------------------------------------------------------------

UVM_INFO /home/dvft1103/dvft11/uvm/apb_project/verification/agent/apb_driver.sv(52) @ 1705: uvm_test_top.env_h.act_agent_h.drv_h [DRIVER] Displaying from apb_driver=--------------------------------------------------------------------------------------------------
Name                           Type               Size  Value                                     
--------------------------------------------------------------------------------------------------
seq_h                          apb_sequence_item  -     @5098                                     
  psel                         integral           1     'h0                                       
  continuous_psel              integral           1     'h0                                       
  penable                      integral           1     'h0                                       
  pready                       integral           1     'h0                                       
  paddr                        integral           32    'hc2                                      
  pwrite                       integral           1     'h0                                       
  prdata                       integral           32    'h0                                       
  pwdata                       integral           32    'haf33e683                                
  pslverr                      integral           1     'h0                                       
  apb_state                    apb_state_e        2     ""                                        
  begin_time                   time               64    1705                                      
  depth                        int                32    'd2                                       
  parent sequence (name)       string             4     rw_h                                      
  parent sequence (full name)  string             42    uvm_test_top.env_h.act_agent_h.seqr_h.rw_h
  sequencer                    string             37    uvm_test_top.env_h.act_agent_h.seqr_h     
--------------------------------------------------------------------------------------------------

UVM_INFO /home/dvft1103/dvft11/uvm/apb_project/verification/agent/apb_driver.sv(63) @ 1705: uvm_test_top.env_h.act_agent_h.drv_h [[DRV]] Entered SETUP State
UVM_INFO /home/dvft1103/dvft11/uvm/apb_project/verification/env/apb_score_board.sv(51) @ 1710: uvm_test_top.env_h.sb_h [[SB]] [ACTIVE] paddr=0x0 pwrite=0 pwdata=0x0 prdata=0x0 pslverr=0
UVM_INFO /home/dvft1103/dvft11/uvm/apb_project/verification/agent/apb_active_monitor.sv(57) @ 1710: uvm_test_top.env_h.act_agent_h.act_mon_h [[ACTIVE_MON]] setup detected:::::- ------------------------------------------------------
Name               Type               Size  Value     
------------------------------------------------------
seq_h              apb_sequence_item  -     @5112     
  psel             integral           1     'h1       
  continuous_psel  integral           1     'h0       
  penable          integral           1     'h0       
  pready           integral           1     'h1       
  paddr            integral           32    'hc2      
  pwrite           integral           1     'h0       
  prdata           integral           32    'h0       
  pwdata           integral           32    'haf33e683
  pslverr          integral           1     'h0       
  apb_state        apb_state_e        2     IDLE      
------------------------------------------------------

UVM_INFO /home/dvft1103/dvft11/uvm/apb_project/verification/env/apb_score_board.sv(51) @ 1710: uvm_test_top.env_h.sb_h [[SB]] [ACTIVE] paddr=0xc2 pwrite=0 pwdata=0xaf33e683 prdata=0x0 pslverr=0
UVM_INFO /home/dvft1103/dvft11/uvm/apb_project/verification/env/apb_score_board.sv(61) @ 1710: uvm_test_top.env_h.sb_h [[SB]] [PASSIVE] paddr=0x0 pwrite=0 pwdata=0x0 prdata=0x0 pslverr=0
UVM_WARNING /home/dvft1103/dvft11/uvm/apb_project/verification/env/apb_score_board.sv(150) @ 1710: uvm_test_top.env_h.sb_h [[SB]] [1710] READ from uninitialised addr 0x0 --- no ref
UVM_INFO /home/dvft1103/dvft11/uvm/apb_project/verification/agent/apb_passive_monitor.sv(52) @ 1710: uvm_test_top.env_h.pas_agent_h.pas_mon_h [[PASSIVE_MON]] setup detected:::::- ------------------------------------------------------
Name               Type               Size  Value     
------------------------------------------------------
seq_h              apb_sequence_item  -     @5138     
  psel             integral           1     'h1       
  continuous_psel  integral           1     'h0       
  penable          integral           1     'h0       
  pready           integral           1     'h1       
  paddr            integral           32    'hc2      
  pwrite           integral           1     'h0       
  prdata           integral           32    'h0       
  pwdata           integral           32    'haf33e683
  pslverr          integral           1     'h0       
  apb_state        apb_state_e        2     IDLE      
------------------------------------------------------

UVM_INFO /home/dvft1103/dvft11/uvm/apb_project/verification/env/apb_score_board.sv(61) @ 1710: uvm_test_top.env_h.sb_h [[SB]] [PASSIVE] paddr=0xc2 pwrite=0 pwdata=0xaf33e683 prdata=0x0 pslverr=0
UVM_INFO /home/dvft1103/dvft11/uvm/apb_project/verification/agent/apb_driver.sv(81) @ 1715: uvm_test_top.env_h.act_agent_h.drv_h [[DRV]] Entered ACCESS State
UVM_INFO /home/dvft1103/dvft11/uvm/apb_project/verification/env/apb_score_board.sv(51) @ 1720: uvm_test_top.env_h.sb_h [[SB]] [ACTIVE] paddr=0xc2 pwrite=0 pwdata=0xaf33e683 prdata=0x0 pslverr=0
UVM_INFO /home/dvft1103/dvft11/uvm/apb_project/verification/env/apb_score_board.sv(51) @ 1720: uvm_test_top.env_h.sb_h [[SB]] [ACTIVE] paddr=0xc2 pwrite=0 pwdata=0xaf33e683 prdata=0x0 pslverr=0
UVM_INFO /home/dvft1103/dvft11/uvm/apb_project/verification/agent/apb_active_monitor.sv(85) @ 1720: uvm_test_top.env_h.act_agent_h.act_mon_h [[ACTIVE_MON]]  Transaction sent to scoreboard
UVM_INFO /home/dvft1103/dvft11/uvm/apb_project/verification/env/apb_score_board.sv(61) @ 1720: uvm_test_top.env_h.sb_h [[SB]] [PASSIVE] paddr=0xc2 pwrite=0 pwdata=0xaf33e683 prdata=0x0 pslverr=0
UVM_INFO /home/dvft1103/dvft11/uvm/apb_project/verification/env/apb_score_board.sv(61) @ 1720: uvm_test_top.env_h.sb_h [[SB]] [PASSIVE] paddr=0xc2 pwrite=0 pwdata=0xaf33e683 prdata=0x0 pslverr=0
UVM_INFO /home/dvft1103/dvft11/uvm/apb_project/verification/agent/apb_passive_monitor.sv(79) @ 1720: uvm_test_top.env_h.pas_agent_h.pas_mon_h [[PASSIVE_MON]]  Transaction sent to scoreboard
UVM_INFO /home/dvft1103/dvft11/uvm/apb_project/verification/agent/apb_driver.sv(107) @ 1725: uvm_test_top.env_h.act_agent_h.drv_h [[DRV]] Pready occured at wait_count=0 194 2939414147
UVM_INFO /home/dvft1103/dvft11/uvm/apb_project/verification/agent/apb_driver.sv(110) @ 1735: uvm_test_top.env_h.act_agent_h.drv_h [[DRV]] Transaction completed
UVM_INFO /home/dvft1103/dvft11/uvm/apb_project/verification/test/apb_rw_seq.sv(43) @ 1745: uvm_test_top.env_h.act_agent_h.seqr_h@@rw_h [apb_rw_seq] Dispalying From apb_rw_seq=--------------------------------------------------------------------------------------------------
Name                           Type               Size  Value                                     
--------------------------------------------------------------------------------------------------
seq_h                          apb_sequence_item  -     @5216                                     
  psel                         integral           1     'h0                                       
  continuous_psel              integral           1     'h0                                       
  penable                      integral           1     'h0                                       
  pready                       integral           1     'h0                                       
  paddr                        integral           32    'h6d                                      
  pwrite                       integral           1     'h1                                       
  prdata                       integral           32    'h0                                       
  pwdata                       integral           32    'h707bab2e                                
  pslverr                      integral           1     'h0                                       
  apb_state                    apb_state_e        2     ""                                        
  begin_time                   time               64    1745                                      
  depth                        int                32    'd2                                       
  parent sequence (name)       string             4     rw_h                                      
  parent sequence (full name)  string             42    uvm_test_top.env_h.act_agent_h.seqr_h.rw_h
  sequencer                    string             37    uvm_test_top.env_h.act_agent_h.seqr_h     
--------------------------------------------------------------------------------------------------

UVM_INFO /home/dvft1103/dvft11/uvm/apb_project/verification/agent/apb_driver.sv(52) @ 1745: uvm_test_top.env_h.act_agent_h.drv_h [DRIVER] Displaying from apb_driver=--------------------------------------------------------------------------------------------------
Name                           Type               Size  Value                                     
--------------------------------------------------------------------------------------------------
seq_h                          apb_sequence_item  -     @5216                                     
  psel                         integral           1     'h0                                       
  continuous_psel              integral           1     'h0                                       
  penable                      integral           1     'h0                                       
  pready                       integral           1     'h0                                       
  paddr                        integral           32    'h6d                                      
  pwrite                       integral           1     'h1                                       
  prdata                       integral           32    'h0                                       
  pwdata                       integral           32    'h707bab2e                                
  pslverr                      integral           1     'h0                                       
  apb_state                    apb_state_e        2     ""                                        
  begin_time                   time               64    1745                                      
  depth                        int                32    'd2                                       
  parent sequence (name)       string             4     rw_h                                      
  parent sequence (full name)  string             42    uvm_test_top.env_h.act_agent_h.seqr_h.rw_h
  sequencer                    string             37    uvm_test_top.env_h.act_agent_h.seqr_h     
--------------------------------------------------------------------------------------------------

UVM_INFO /home/dvft1103/dvft11/uvm/apb_project/verification/agent/apb_driver.sv(63) @ 1745: uvm_test_top.env_h.act_agent_h.drv_h [[DRV]] Entered SETUP State
UVM_INFO /home/dvft1103/dvft11/uvm/apb_project/verification/env/apb_score_board.sv(51) @ 1750: uvm_test_top.env_h.sb_h [[SB]] [ACTIVE] paddr=0x0 pwrite=0 pwdata=0x0 prdata=0x0 pslverr=0
UVM_INFO /home/dvft1103/dvft11/uvm/apb_project/verification/agent/apb_active_monitor.sv(57) @ 1750: uvm_test_top.env_h.act_agent_h.act_mon_h [[ACTIVE_MON]] setup detected:::::- ------------------------------------------------------
Name               Type               Size  Value     
------------------------------------------------------
seq_h              apb_sequence_item  -     @5230     
  psel             integral           1     'h1       
  continuous_psel  integral           1     'h0       
  penable          integral           1     'h0       
  pready           integral           1     'h0       
  paddr            integral           32    'h6d      
  pwrite           integral           1     'h1       
  prdata           integral           32    'h0       
  pwdata           integral           32    'h707bab2e
  pslverr          integral           1     'h0       
  apb_state        apb_state_e        2     IDLE      
------------------------------------------------------

UVM_INFO /home/dvft1103/dvft11/uvm/apb_project/verification/env/apb_score_board.sv(51) @ 1750: uvm_test_top.env_h.sb_h [[SB]] [ACTIVE] paddr=0x6d pwrite=1 pwdata=0x707bab2e prdata=0x0 pslverr=0
UVM_INFO /home/dvft1103/dvft11/uvm/apb_project/verification/env/apb_score_board.sv(61) @ 1750: uvm_test_top.env_h.sb_h [[SB]] [PASSIVE] paddr=0x0 pwrite=0 pwdata=0x0 prdata=0x0 pslverr=0
UVM_WARNING /home/dvft1103/dvft11/uvm/apb_project/verification/env/apb_score_board.sv(150) @ 1750: uvm_test_top.env_h.sb_h [[SB]] [1750] READ from uninitialised addr 0x0 --- no ref
UVM_INFO /home/dvft1103/dvft11/uvm/apb_project/verification/agent/apb_passive_monitor.sv(52) @ 1750: uvm_test_top.env_h.pas_agent_h.pas_mon_h [[PASSIVE_MON]] setup detected:::::- ------------------------------------------------------
Name               Type               Size  Value     
------------------------------------------------------
seq_h              apb_sequence_item  -     @5256     
  psel             integral           1     'h1       
  continuous_psel  integral           1     'h0       
  penable          integral           1     'h0       
  pready           integral           1     'h0       
  paddr            integral           32    'h6d      
  pwrite           integral           1     'h1       
  prdata           integral           32    'h0       
  pwdata           integral           32    'h707bab2e
  pslverr          integral           1     'h0       
  apb_state        apb_state_e        2     IDLE      
------------------------------------------------------

UVM_INFO /home/dvft1103/dvft11/uvm/apb_project/verification/env/apb_score_board.sv(61) @ 1750: uvm_test_top.env_h.sb_h [[SB]] [PASSIVE] paddr=0x6d pwrite=1 pwdata=0x707bab2e prdata=0x0 pslverr=0
UVM_INFO /home/dvft1103/dvft11/uvm/apb_project/verification/env/apb_score_board.sv(128) @ 1750: uvm_test_top.env_h.sb_h [[SB]] [1750]WRITE PASS:mem[0x6d]=0x707bab2e
UVM_INFO /home/dvft1103/dvft11/uvm/apb_project/verification/agent/apb_driver.sv(81) @ 1755: uvm_test_top.env_h.act_agent_h.drv_h [[DRV]] Entered ACCESS State
UVM_INFO /home/dvft1103/dvft11/uvm/apb_project/verification/env/apb_score_board.sv(51) @ 1760: uvm_test_top.env_h.sb_h [[SB]] [ACTIVE] paddr=0x6d pwrite=1 pwdata=0x707bab2e prdata=0x0 pslverr=0
UVM_INFO /home/dvft1103/dvft11/uvm/apb_project/verification/env/apb_score_board.sv(61) @ 1760: uvm_test_top.env_h.sb_h [[SB]] [PASSIVE] paddr=0x6d pwrite=1 pwdata=0x707bab2e prdata=0x0 pslverr=0
UVM_INFO /home/dvft1103/dvft11/uvm/apb_project/verification/env/apb_score_board.sv(128) @ 1760: uvm_test_top.env_h.sb_h [[SB]] [1760]WRITE PASS:mem[0x6d]=0x707bab2e
UVM_INFO /home/dvft1103/dvft11/uvm/apb_project/verification/agent/apb_driver.sv(107) @ 1765: uvm_test_top.env_h.act_agent_h.drv_h [[DRV]] Pready occured at wait_count=0 109 1887152942
UVM_INFO /home/dvft1103/dvft11/uvm/apb_project/verification/env/apb_score_board.sv(51) @ 1770: uvm_test_top.env_h.sb_h [[SB]] [ACTIVE] paddr=0x6d pwrite=1 pwdata=0x707bab2e prdata=0x0 pslverr=0
UVM_INFO /home/dvft1103/dvft11/uvm/apb_project/verification/agent/apb_active_monitor.sv(85) @ 1770: uvm_test_top.env_h.act_agent_h.act_mon_h [[ACTIVE_MON]]  Transaction sent to scoreboard
UVM_INFO /home/dvft1103/dvft11/uvm/apb_project/verification/env/apb_score_board.sv(61) @ 1770: uvm_test_top.env_h.sb_h [[SB]] [PASSIVE] paddr=0x6d pwrite=1 pwdata=0x707bab2e prdata=0x0 pslverr=0
UVM_INFO /home/dvft1103/dvft11/uvm/apb_project/verification/env/apb_score_board.sv(128) @ 1770: uvm_test_top.env_h.sb_h [[SB]] [1770]WRITE PASS:mem[0x6d]=0x707bab2e
UVM_INFO /home/dvft1103/dvft11/uvm/apb_project/verification/agent/apb_passive_monitor.sv(79) @ 1770: uvm_test_top.env_h.pas_agent_h.pas_mon_h [[PASSIVE_MON]]  Transaction sent to scoreboard
UVM_INFO /home/dvft1103/dvft11/uvm/apb_project/verification/agent/apb_driver.sv(110) @ 1775: uvm_test_top.env_h.act_agent_h.drv_h [[DRV]] Transaction completed
UVM_INFO /home/dvft1103/dvft11/uvm/apb_project/verification/test/apb_rw_seq.sv(43) @ 1785: uvm_test_top.env_h.act_agent_h.seqr_h@@rw_h [apb_rw_seq] Dispalying From apb_rw_seq=--------------------------------------------------------------------------------------------------
Name                           Type               Size  Value                                     
--------------------------------------------------------------------------------------------------
seq_h                          apb_sequence_item  -     @5340                                     
  psel                         integral           1     'h0                                       
  continuous_psel              integral           1     'h0                                       
  penable                      integral           1     'h0                                       
  pready                       integral           1     'h0                                       
  paddr                        integral           32    'h6d                                      
  pwrite                       integral           1     'h0                                       
  prdata                       integral           32    'h0                                       
  pwdata                       integral           32    'hcd8dcc5b                                
  pslverr                      integral           1     'h0                                       
  apb_state                    apb_state_e        2     ""                                        
  begin_time                   time               64    1785                                      
  depth                        int                32    'd2                                       
  parent sequence (name)       string             4     rw_h                                      
  parent sequence (full name)  string             42    uvm_test_top.env_h.act_agent_h.seqr_h.rw_h
  sequencer                    string             37    uvm_test_top.env_h.act_agent_h.seqr_h     
--------------------------------------------------------------------------------------------------

UVM_INFO /home/dvft1103/dvft11/uvm/apb_project/verification/agent/apb_driver.sv(52) @ 1785: uvm_test_top.env_h.act_agent_h.drv_h [DRIVER] Displaying from apb_driver=--------------------------------------------------------------------------------------------------
Name                           Type               Size  Value                                     
--------------------------------------------------------------------------------------------------
seq_h                          apb_sequence_item  -     @5340                                     
  psel                         integral           1     'h0                                       
  continuous_psel              integral           1     'h0                                       
  penable                      integral           1     'h0                                       
  pready                       integral           1     'h0                                       
  paddr                        integral           32    'h6d                                      
  pwrite                       integral           1     'h0                                       
  prdata                       integral           32    'h0                                       
  pwdata                       integral           32    'hcd8dcc5b                                
  pslverr                      integral           1     'h0                                       
  apb_state                    apb_state_e        2     ""                                        
  begin_time                   time               64    1785                                      
  depth                        int                32    'd2                                       
  parent sequence (name)       string             4     rw_h                                      
  parent sequence (full name)  string             42    uvm_test_top.env_h.act_agent_h.seqr_h.rw_h
  sequencer                    string             37    uvm_test_top.env_h.act_agent_h.seqr_h     
--------------------------------------------------------------------------------------------------

UVM_INFO /home/dvft1103/dvft11/uvm/apb_project/verification/agent/apb_driver.sv(63) @ 1785: uvm_test_top.env_h.act_agent_h.drv_h [[DRV]] Entered SETUP State
UVM_INFO /home/dvft1103/dvft11/uvm/apb_project/verification/env/apb_score_board.sv(51) @ 1790: uvm_test_top.env_h.sb_h [[SB]] [ACTIVE] paddr=0x0 pwrite=0 pwdata=0x0 prdata=0x0 pslverr=0
UVM_INFO /home/dvft1103/dvft11/uvm/apb_project/verification/agent/apb_active_monitor.sv(57) @ 1790: uvm_test_top.env_h.act_agent_h.act_mon_h [[ACTIVE_MON]] setup detected:::::- ------------------------------------------------------
Name               Type               Size  Value     
------------------------------------------------------
seq_h              apb_sequence_item  -     @5354     
  psel             integral           1     'h1       
  continuous_psel  integral           1     'h0       
  penable          integral           1     'h0       
  pready           integral           1     'h1       
  paddr            integral           32    'h6d      
  pwrite           integral           1     'h0       
  prdata           integral           32    'h0       
  pwdata           integral           32    'hcd8dcc5b
  pslverr          integral           1     'h0       
  apb_state        apb_state_e        2     IDLE      
------------------------------------------------------

UVM_INFO /home/dvft1103/dvft11/uvm/apb_project/verification/env/apb_score_board.sv(51) @ 1790: uvm_test_top.env_h.sb_h [[SB]] [ACTIVE] paddr=0x6d pwrite=0 pwdata=0xcd8dcc5b prdata=0x0 pslverr=0
UVM_INFO /home/dvft1103/dvft11/uvm/apb_project/verification/env/apb_score_board.sv(61) @ 1790: uvm_test_top.env_h.sb_h [[SB]] [PASSIVE] paddr=0x0 pwrite=0 pwdata=0x0 prdata=0x0 pslverr=0
UVM_WARNING /home/dvft1103/dvft11/uvm/apb_project/verification/env/apb_score_board.sv(150) @ 1790: uvm_test_top.env_h.sb_h [[SB]] [1790] READ from uninitialised addr 0x0 --- no ref
UVM_INFO /home/dvft1103/dvft11/uvm/apb_project/verification/agent/apb_passive_monitor.sv(52) @ 1790: uvm_test_top.env_h.pas_agent_h.pas_mon_h [[PASSIVE_MON]] setup detected:::::- ------------------------------------------------------
Name               Type               Size  Value     
------------------------------------------------------
seq_h              apb_sequence_item  -     @5380     
  psel             integral           1     'h1       
  continuous_psel  integral           1     'h0       
  penable          integral           1     'h0       
  pready           integral           1     'h1       
  paddr            integral           32    'h6d      
  pwrite           integral           1     'h0       
  prdata           integral           32    'h0       
  pwdata           integral           32    'hcd8dcc5b
  pslverr          integral           1     'h0       
  apb_state        apb_state_e        2     IDLE      
------------------------------------------------------

UVM_INFO /home/dvft1103/dvft11/uvm/apb_project/verification/env/apb_score_board.sv(61) @ 1790: uvm_test_top.env_h.sb_h [[SB]] [PASSIVE] paddr=0x6d pwrite=0 pwdata=0xcd8dcc5b prdata=0x0 pslverr=0
UVM_INFO /home/dvft1103/dvft11/uvm/apb_project/verification/agent/apb_driver.sv(81) @ 1795: uvm_test_top.env_h.act_agent_h.drv_h [[DRV]] Entered ACCESS State
UVM_INFO /home/dvft1103/dvft11/uvm/apb_project/verification/env/apb_score_board.sv(51) @ 1800: uvm_test_top.env_h.sb_h [[SB]] [ACTIVE] paddr=0x6d pwrite=0 pwdata=0xcd8dcc5b prdata=0x0 pslverr=0
UVM_INFO /home/dvft1103/dvft11/uvm/apb_project/verification/env/apb_score_board.sv(61) @ 1800: uvm_test_top.env_h.sb_h [[SB]] [PASSIVE] paddr=0x6d pwrite=0 pwdata=0xcd8dcc5b prdata=0x0 pslverr=0
UVM_INFO /home/dvft1103/dvft11/uvm/apb_project/verification/agent/apb_driver.sv(107) @ 1835: uvm_test_top.env_h.act_agent_h.drv_h [[DRV]] Pready occured at wait_count=3 109 3448622171
UVM_INFO /home/dvft1103/dvft11/uvm/apb_project/verification/env/apb_score_board.sv(51) @ 1840: uvm_test_top.env_h.sb_h [[SB]] [ACTIVE] paddr=0x6d pwrite=0 pwdata=0xcd8dcc5b prdata=0x707bab2e pslverr=0
UVM_INFO /home/dvft1103/dvft11/uvm/apb_project/verification/agent/apb_active_monitor.sv(85) @ 1840: uvm_test_top.env_h.act_agent_h.act_mon_h [[ACTIVE_MON]]  Transaction sent to scoreboard
UVM_INFO /home/dvft1103/dvft11/uvm/apb_project/verification/env/apb_score_board.sv(61) @ 1840: uvm_test_top.env_h.sb_h [[SB]] [PASSIVE] paddr=0x6d pwrite=0 pwdata=0xcd8dcc5b prdata=0x707bab2e pslverr=0
UVM_INFO /home/dvft1103/dvft11/uvm/apb_project/verification/env/apb_score_board.sv(159) @ 1840: uvm_test_top.env_h.sb_h [[SB]] [0000000000000000003460t] READ PASS :paddr=0x6d expected=0x707bab2e got=0x707bab2e
UVM_INFO /home/dvft1103/dvft11/uvm/apb_project/verification/agent/apb_passive_monitor.sv(79) @ 1840: uvm_test_top.env_h.pas_agent_h.pas_mon_h [[PASSIVE_MON]]  Transaction sent to scoreboard
UVM_INFO /home/dvft1103/dvft11/uvm/apb_project/verification/agent/apb_driver.sv(110) @ 1845: uvm_test_top.env_h.act_agent_h.drv_h [[DRV]] Transaction completed
UVM_INFO /home/dvft1103/dvft11/uvm/apb_project/verification/test/apb_rw_seq.sv(43) @ 1855: uvm_test_top.env_h.act_agent_h.seqr_h@@rw_h [apb_rw_seq] Dispalying From apb_rw_seq=--------------------------------------------------------------------------------------------------
Name                           Type               Size  Value                                     
--------------------------------------------------------------------------------------------------
seq_h                          apb_sequence_item  -     @5460                                     
  psel                         integral           1     'h0                                       
  continuous_psel              integral           1     'h0                                       
  penable                      integral           1     'h0                                       
  pready                       integral           1     'h0                                       
  paddr                        integral           32    'h9e                                      
  pwrite                       integral           1     'h1                                       
  prdata                       integral           32    'h0                                       
  pwdata                       integral           32    'h893fba88                                
  pslverr                      integral           1     'h0                                       
  apb_state                    apb_state_e        2     ""                                        
  begin_time                   time               64    1855                                      
  depth                        int                32    'd2                                       
  parent sequence (name)       string             4     rw_h                                      
  parent sequence (full name)  string             42    uvm_test_top.env_h.act_agent_h.seqr_h.rw_h
  sequencer                    string             37    uvm_test_top.env_h.act_agent_h.seqr_h     
--------------------------------------------------------------------------------------------------

UVM_INFO /home/dvft1103/dvft11/uvm/apb_project/verification/agent/apb_driver.sv(52) @ 1855: uvm_test_top.env_h.act_agent_h.drv_h [DRIVER] Displaying from apb_driver=--------------------------------------------------------------------------------------------------
Name                           Type               Size  Value                                     
--------------------------------------------------------------------------------------------------
seq_h                          apb_sequence_item  -     @5460                                     
  psel                         integral           1     'h0                                       
  continuous_psel              integral           1     'h0                                       
  penable                      integral           1     'h0                                       
  pready                       integral           1     'h0                                       
  paddr                        integral           32    'h9e                                      
  pwrite                       integral           1     'h1                                       
  prdata                       integral           32    'h0                                       
  pwdata                       integral           32    'h893fba88                                
  pslverr                      integral           1     'h0                                       
  apb_state                    apb_state_e        2     ""                                        
  begin_time                   time               64    1855                                      
  depth                        int                32    'd2                                       
  parent sequence (name)       string             4     rw_h                                      
  parent sequence (full name)  string             42    uvm_test_top.env_h.act_agent_h.seqr_h.rw_h
  sequencer                    string             37    uvm_test_top.env_h.act_agent_h.seqr_h     
--------------------------------------------------------------------------------------------------

UVM_INFO /home/dvft1103/dvft11/uvm/apb_project/verification/agent/apb_driver.sv(63) @ 1855: uvm_test_top.env_h.act_agent_h.drv_h [[DRV]] Entered SETUP State
UVM_INFO /home/dvft1103/dvft11/uvm/apb_project/verification/env/apb_score_board.sv(51) @ 1860: uvm_test_top.env_h.sb_h [[SB]] [ACTIVE] paddr=0x0 pwrite=0 pwdata=0x0 prdata=0x0 pslverr=0
UVM_INFO /home/dvft1103/dvft11/uvm/apb_project/verification/agent/apb_active_monitor.sv(57) @ 1860: uvm_test_top.env_h.act_agent_h.act_mon_h [[ACTIVE_MON]] setup detected:::::- ------------------------------------------------------
Name               Type               Size  Value     
------------------------------------------------------
seq_h              apb_sequence_item  -     @5474     
  psel             integral           1     'h1       
  continuous_psel  integral           1     'h0       
  penable          integral           1     'h0       
  pready           integral           1     'h1       
  paddr            integral           32    'h9e      
  pwrite           integral           1     'h1       
  prdata           integral           32    'h0       
  pwdata           integral           32    'h893fba88
  pslverr          integral           1     'h0       
  apb_state        apb_state_e        2     IDLE      
------------------------------------------------------

UVM_INFO /home/dvft1103/dvft11/uvm/apb_project/verification/env/apb_score_board.sv(51) @ 1860: uvm_test_top.env_h.sb_h [[SB]] [ACTIVE] paddr=0x9e pwrite=1 pwdata=0x893fba88 prdata=0x0 pslverr=0
UVM_INFO /home/dvft1103/dvft11/uvm/apb_project/verification/env/apb_score_board.sv(61) @ 1860: uvm_test_top.env_h.sb_h [[SB]] [PASSIVE] paddr=0x0 pwrite=0 pwdata=0x0 prdata=0x0 pslverr=0
UVM_WARNING /home/dvft1103/dvft11/uvm/apb_project/verification/env/apb_score_board.sv(150) @ 1860: uvm_test_top.env_h.sb_h [[SB]] [1860] READ from uninitialised addr 0x0 --- no ref
UVM_INFO /home/dvft1103/dvft11/uvm/apb_project/verification/agent/apb_passive_monitor.sv(52) @ 1860: uvm_test_top.env_h.pas_agent_h.pas_mon_h [[PASSIVE_MON]] setup detected:::::- ------------------------------------------------------
Name               Type               Size  Value     
------------------------------------------------------
seq_h              apb_sequence_item  -     @5500     
  psel             integral           1     'h1       
  continuous_psel  integral           1     'h0       
  penable          integral           1     'h0       
  pready           integral           1     'h1       
  paddr            integral           32    'h9e      
  pwrite           integral           1     'h1       
  prdata           integral           32    'h0       
  pwdata           integral           32    'h893fba88
  pslverr          integral           1     'h0       
  apb_state        apb_state_e        2     IDLE      
------------------------------------------------------

UVM_INFO /home/dvft1103/dvft11/uvm/apb_project/verification/env/apb_score_board.sv(61) @ 1860: uvm_test_top.env_h.sb_h [[SB]] [PASSIVE] paddr=0x9e pwrite=1 pwdata=0x893fba88 prdata=0x0 pslverr=0
UVM_INFO /home/dvft1103/dvft11/uvm/apb_project/verification/env/apb_score_board.sv(128) @ 1860: uvm_test_top.env_h.sb_h [[SB]] [1860]WRITE PASS:mem[0x9e]=0x893fba88
UVM_INFO /home/dvft1103/dvft11/uvm/apb_project/verification/agent/apb_driver.sv(81) @ 1865: uvm_test_top.env_h.act_agent_h.drv_h [[DRV]] Entered ACCESS State
UVM_INFO /home/dvft1103/dvft11/uvm/apb_project/verification/env/apb_score_board.sv(51) @ 1870: uvm_test_top.env_h.sb_h [[SB]] [ACTIVE] paddr=0x9e pwrite=1 pwdata=0x893fba88 prdata=0x0 pslverr=0
UVM_INFO /home/dvft1103/dvft11/uvm/apb_project/verification/env/apb_score_board.sv(61) @ 1870: uvm_test_top.env_h.sb_h [[SB]] [PASSIVE] paddr=0x9e pwrite=1 pwdata=0x893fba88 prdata=0x0 pslverr=0
UVM_INFO /home/dvft1103/dvft11/uvm/apb_project/verification/env/apb_score_board.sv(128) @ 1870: uvm_test_top.env_h.sb_h [[SB]] [1870]WRITE PASS:mem[0x9e]=0x893fba88
UVM_INFO /home/dvft1103/dvft11/uvm/apb_project/verification/agent/apb_driver.sv(107) @ 1895: uvm_test_top.env_h.act_agent_h.drv_h [[DRV]] Pready occured at wait_count=2 158 2302655112
UVM_INFO /home/dvft1103/dvft11/uvm/apb_project/verification/env/apb_score_board.sv(51) @ 1900: uvm_test_top.env_h.sb_h [[SB]] [ACTIVE] paddr=0x9e pwrite=1 pwdata=0x893fba88 prdata=0x0 pslverr=0
UVM_INFO /home/dvft1103/dvft11/uvm/apb_project/verification/agent/apb_active_monitor.sv(85) @ 1900: uvm_test_top.env_h.act_agent_h.act_mon_h [[ACTIVE_MON]]  Transaction sent to scoreboard
UVM_INFO /home/dvft1103/dvft11/uvm/apb_project/verification/env/apb_score_board.sv(61) @ 1900: uvm_test_top.env_h.sb_h [[SB]] [PASSIVE] paddr=0x9e pwrite=1 pwdata=0x893fba88 prdata=0x0 pslverr=0
UVM_INFO /home/dvft1103/dvft11/uvm/apb_project/verification/env/apb_score_board.sv(128) @ 1900: uvm_test_top.env_h.sb_h [[SB]] [1900]WRITE PASS:mem[0x9e]=0x893fba88
UVM_INFO /home/dvft1103/dvft11/uvm/apb_project/verification/agent/apb_passive_monitor.sv(79) @ 1900: uvm_test_top.env_h.pas_agent_h.pas_mon_h [[PASSIVE_MON]]  Transaction sent to scoreboard
UVM_INFO /home/dvft1103/dvft11/uvm/apb_project/verification/agent/apb_driver.sv(110) @ 1905: uvm_test_top.env_h.act_agent_h.drv_h [[DRV]] Transaction completed
UVM_ERROR @ 1905: uvm_test_top.env_h.act_agent_h.seqr_h@@rw_h [uvm_test_top.env_h.act_agent_h.seqr_h.rw_h] Response queue overflow, response was dropped
UVM_INFO /home/dvft1103/dvft11/uvm/apb_project/verification/test/apb_rw_seq.sv(43) @ 1915: uvm_test_top.env_h.act_agent_h.seqr_h@@rw_h [apb_rw_seq] Dispalying From apb_rw_seq=--------------------------------------------------------------------------------------------------
Name                           Type               Size  Value                                     
--------------------------------------------------------------------------------------------------
seq_h                          apb_sequence_item  -     @5586                                     
  psel                         integral           1     'h0                                       
  continuous_psel              integral           1     'h0                                       
  penable                      integral           1     'h0                                       
  pready                       integral           1     'h0                                       
  paddr                        integral           32    'h9e                                      
  pwrite                       integral           1     'h0                                       
  prdata                       integral           32    'h0                                       
  pwdata                       integral           32    'hdec4b213                                
  pslverr                      integral           1     'h0                                       
  apb_state                    apb_state_e        2     ""                                        
  begin_time                   time               64    1915                                      
  depth                        int                32    'd2                                       
  parent sequence (name)       string             4     rw_h                                      
  parent sequence (full name)  string             42    uvm_test_top.env_h.act_agent_h.seqr_h.rw_h
  sequencer                    string             37    uvm_test_top.env_h.act_agent_h.seqr_h     
--------------------------------------------------------------------------------------------------

UVM_INFO /home/dvft1103/dvft11/uvm/apb_project/verification/agent/apb_driver.sv(52) @ 1915: uvm_test_top.env_h.act_agent_h.drv_h [DRIVER] Displaying from apb_driver=--------------------------------------------------------------------------------------------------
Name                           Type               Size  Value                                     
--------------------------------------------------------------------------------------------------
seq_h                          apb_sequence_item  -     @5586                                     
  psel                         integral           1     'h0                                       
  continuous_psel              integral           1     'h0                                       
  penable                      integral           1     'h0                                       
  pready                       integral           1     'h0                                       
  paddr                        integral           32    'h9e                                      
  pwrite                       integral           1     'h0                                       
  prdata                       integral           32    'h0                                       
  pwdata                       integral           32    'hdec4b213                                
  pslverr                      integral           1     'h0                                       
  apb_state                    apb_state_e        2     ""                                        
  begin_time                   time               64    1915                                      
  depth                        int                32    'd2                                       
  parent sequence (name)       string             4     rw_h                                      
  parent sequence (full name)  string             42    uvm_test_top.env_h.act_agent_h.seqr_h.rw_h
  sequencer                    string             37    uvm_test_top.env_h.act_agent_h.seqr_h     
--------------------------------------------------------------------------------------------------

UVM_INFO /home/dvft1103/dvft11/uvm/apb_project/verification/agent/apb_driver.sv(63) @ 1915: uvm_test_top.env_h.act_agent_h.drv_h [[DRV]] Entered SETUP State
UVM_INFO /home/dvft1103/dvft11/uvm/apb_project/verification/env/apb_score_board.sv(51) @ 1920: uvm_test_top.env_h.sb_h [[SB]] [ACTIVE] paddr=0x0 pwrite=0 pwdata=0x0 prdata=0x0 pslverr=0
UVM_INFO /home/dvft1103/dvft11/uvm/apb_project/verification/agent/apb_active_monitor.sv(57) @ 1920: uvm_test_top.env_h.act_agent_h.act_mon_h [[ACTIVE_MON]] setup detected:::::- ------------------------------------------------------
Name               Type               Size  Value     
------------------------------------------------------
seq_h              apb_sequence_item  -     @5600     
  psel             integral           1     'h1       
  continuous_psel  integral           1     'h0       
  penable          integral           1     'h0       
  pready           integral           1     'h1       
  paddr            integral           32    'h9e      
  pwrite           integral           1     'h0       
  prdata           integral           32    'h0       
  pwdata           integral           32    'hdec4b213
  pslverr          integral           1     'h0       
  apb_state        apb_state_e        2     IDLE      
------------------------------------------------------

UVM_INFO /home/dvft1103/dvft11/uvm/apb_project/verification/env/apb_score_board.sv(51) @ 1920: uvm_test_top.env_h.sb_h [[SB]] [ACTIVE] paddr=0x9e pwrite=0 pwdata=0xdec4b213 prdata=0x0 pslverr=0
UVM_INFO /home/dvft1103/dvft11/uvm/apb_project/verification/env/apb_score_board.sv(61) @ 1920: uvm_test_top.env_h.sb_h [[SB]] [PASSIVE] paddr=0x0 pwrite=0 pwdata=0x0 prdata=0x0 pslverr=0
UVM_WARNING /home/dvft1103/dvft11/uvm/apb_project/verification/env/apb_score_board.sv(150) @ 1920: uvm_test_top.env_h.sb_h [[SB]] [1920] READ from uninitialised addr 0x0 --- no ref
UVM_INFO /home/dvft1103/dvft11/uvm/apb_project/verification/agent/apb_passive_monitor.sv(52) @ 1920: uvm_test_top.env_h.pas_agent_h.pas_mon_h [[PASSIVE_MON]] setup detected:::::- ------------------------------------------------------
Name               Type               Size  Value     
------------------------------------------------------
seq_h              apb_sequence_item  -     @5626     
  psel             integral           1     'h1       
  continuous_psel  integral           1     'h0       
  penable          integral           1     'h0       
  pready           integral           1     'h1       
  paddr            integral           32    'h9e      
  pwrite           integral           1     'h0       
  prdata           integral           32    'h0       
  pwdata           integral           32    'hdec4b213
  pslverr          integral           1     'h0       
  apb_state        apb_state_e        2     IDLE      
------------------------------------------------------

UVM_INFO /home/dvft1103/dvft11/uvm/apb_project/verification/env/apb_score_board.sv(61) @ 1920: uvm_test_top.env_h.sb_h [[SB]] [PASSIVE] paddr=0x9e pwrite=0 pwdata=0xdec4b213 prdata=0x0 pslverr=0
UVM_INFO /home/dvft1103/dvft11/uvm/apb_project/verification/agent/apb_driver.sv(81) @ 1925: uvm_test_top.env_h.act_agent_h.drv_h [[DRV]] Entered ACCESS State
UVM_INFO /home/dvft1103/dvft11/uvm/apb_project/verification/env/apb_score_board.sv(51) @ 1930: uvm_test_top.env_h.sb_h [[SB]] [ACTIVE] paddr=0x9e pwrite=0 pwdata=0xdec4b213 prdata=0x0 pslverr=0
UVM_INFO /home/dvft1103/dvft11/uvm/apb_project/verification/env/apb_score_board.sv(51) @ 1930: uvm_test_top.env_h.sb_h [[SB]] [ACTIVE] paddr=0x9e pwrite=0 pwdata=0xdec4b213 prdata=0x0 pslverr=0
UVM_INFO /home/dvft1103/dvft11/uvm/apb_project/verification/agent/apb_active_monitor.sv(85) @ 1930: uvm_test_top.env_h.act_agent_h.act_mon_h [[ACTIVE_MON]]  Transaction sent to scoreboard
UVM_INFO /home/dvft1103/dvft11/uvm/apb_project/verification/env/apb_score_board.sv(61) @ 1930: uvm_test_top.env_h.sb_h [[SB]] [PASSIVE] paddr=0x9e pwrite=0 pwdata=0xdec4b213 prdata=0x0 pslverr=0
UVM_INFO /home/dvft1103/dvft11/uvm/apb_project/verification/env/apb_score_board.sv(61) @ 1930: uvm_test_top.env_h.sb_h [[SB]] [PASSIVE] paddr=0x9e pwrite=0 pwdata=0xdec4b213 prdata=0x0 pslverr=0
UVM_INFO /home/dvft1103/dvft11/uvm/apb_project/verification/agent/apb_passive_monitor.sv(79) @ 1930: uvm_test_top.env_h.pas_agent_h.pas_mon_h [[PASSIVE_MON]]  Transaction sent to scoreboard
UVM_INFO /home/dvft1103/dvft11/uvm/apb_project/verification/agent/apb_driver.sv(107) @ 1965: uvm_test_top.env_h.act_agent_h.drv_h [[DRV]] Pready occured at wait_count=3 158 3737432595
UVM_INFO /home/dvft1103/dvft11/uvm/apb_project/verification/agent/apb_driver.sv(110) @ 1975: uvm_test_top.env_h.act_agent_h.drv_h [[DRV]] Transaction completed
UVM_ERROR @ 1975: uvm_test_top.env_h.act_agent_h.seqr_h@@rw_h [uvm_test_top.env_h.act_agent_h.seqr_h.rw_h] Response queue overflow, response was dropped
UVM_INFO /home/dvft1103/dvft11/uvm/apb_project/verification/test/apb_rw_seq.sv(43) @ 1985: uvm_test_top.env_h.act_agent_h.seqr_h@@rw_h [apb_rw_seq] Dispalying From apb_rw_seq=--------------------------------------------------------------------------------------------------
Name                           Type               Size  Value                                     
--------------------------------------------------------------------------------------------------
seq_h                          apb_sequence_item  -     @5706                                     
  psel                         integral           1     'h0                                       
  continuous_psel              integral           1     'h0                                       
  penable                      integral           1     'h0                                       
  pready                       integral           1     'h0                                       
  paddr                        integral           32    'h38                                      
  pwrite                       integral           1     'h1                                       
  prdata                       integral           32    'h0                                       
  pwdata                       integral           32    'hb2d68511                                
  pslverr                      integral           1     'h0                                       
  apb_state                    apb_state_e        2     ""                                        
  begin_time                   time               64    1985                                      
  depth                        int                32    'd2                                       
  parent sequence (name)       string             4     rw_h                                      
  parent sequence (full name)  string             42    uvm_test_top.env_h.act_agent_h.seqr_h.rw_h
  sequencer                    string             37    uvm_test_top.env_h.act_agent_h.seqr_h     
--------------------------------------------------------------------------------------------------

UVM_INFO /home/dvft1103/dvft11/uvm/apb_project/verification/agent/apb_driver.sv(52) @ 1985: uvm_test_top.env_h.act_agent_h.drv_h [DRIVER] Displaying from apb_driver=--------------------------------------------------------------------------------------------------
Name                           Type               Size  Value                                     
--------------------------------------------------------------------------------------------------
seq_h                          apb_sequence_item  -     @5706                                     
  psel                         integral           1     'h0                                       
  continuous_psel              integral           1     'h0                                       
  penable                      integral           1     'h0                                       
  pready                       integral           1     'h0                                       
  paddr                        integral           32    'h38                                      
  pwrite                       integral           1     'h1                                       
  prdata                       integral           32    'h0                                       
  pwdata                       integral           32    'hb2d68511                                
  pslverr                      integral           1     'h0                                       
  apb_state                    apb_state_e        2     ""                                        
  begin_time                   time               64    1985                                      
  depth                        int                32    'd2                                       
  parent sequence (name)       string             4     rw_h                                      
  parent sequence (full name)  string             42    uvm_test_top.env_h.act_agent_h.seqr_h.rw_h
  sequencer                    string             37    uvm_test_top.env_h.act_agent_h.seqr_h     
--------------------------------------------------------------------------------------------------

UVM_INFO /home/dvft1103/dvft11/uvm/apb_project/verification/agent/apb_driver.sv(63) @ 1985: uvm_test_top.env_h.act_agent_h.drv_h [[DRV]] Entered SETUP State
UVM_INFO /home/dvft1103/dvft11/uvm/apb_project/verification/env/apb_score_board.sv(51) @ 1990: uvm_test_top.env_h.sb_h [[SB]] [ACTIVE] paddr=0x0 pwrite=0 pwdata=0x0 prdata=0x0 pslverr=0
UVM_INFO /home/dvft1103/dvft11/uvm/apb_project/verification/agent/apb_active_monitor.sv(57) @ 1990: uvm_test_top.env_h.act_agent_h.act_mon_h [[ACTIVE_MON]] setup detected:::::- ------------------------------------------------------
Name               Type               Size  Value     
------------------------------------------------------
seq_h              apb_sequence_item  -     @5720     
  psel             integral           1     'h1       
  continuous_psel  integral           1     'h0       
  penable          integral           1     'h0       
  pready           integral           1     'h1       
  paddr            integral           32    'h38      
  pwrite           integral           1     'h1       
  prdata           integral           32    'h0       
  pwdata           integral           32    'hb2d68511
  pslverr          integral           1     'h0       
  apb_state        apb_state_e        2     IDLE      
------------------------------------------------------

UVM_INFO /home/dvft1103/dvft11/uvm/apb_project/verification/env/apb_score_board.sv(51) @ 1990: uvm_test_top.env_h.sb_h [[SB]] [ACTIVE] paddr=0x38 pwrite=1 pwdata=0xb2d68511 prdata=0x0 pslverr=0
UVM_INFO /home/dvft1103/dvft11/uvm/apb_project/verification/env/apb_score_board.sv(61) @ 1990: uvm_test_top.env_h.sb_h [[SB]] [PASSIVE] paddr=0x0 pwrite=0 pwdata=0x0 prdata=0x0 pslverr=0
UVM_WARNING /home/dvft1103/dvft11/uvm/apb_project/verification/env/apb_score_board.sv(150) @ 1990: uvm_test_top.env_h.sb_h [[SB]] [1990] READ from uninitialised addr 0x0 --- no ref
UVM_INFO /home/dvft1103/dvft11/uvm/apb_project/verification/agent/apb_passive_monitor.sv(52) @ 1990: uvm_test_top.env_h.pas_agent_h.pas_mon_h [[PASSIVE_MON]] setup detected:::::- ------------------------------------------------------
Name               Type               Size  Value     
------------------------------------------------------
seq_h              apb_sequence_item  -     @5746     
  psel             integral           1     'h1       
  continuous_psel  integral           1     'h0       
  penable          integral           1     'h0       
  pready           integral           1     'h1       
  paddr            integral           32    'h38      
  pwrite           integral           1     'h1       
  prdata           integral           32    'h0       
  pwdata           integral           32    'hb2d68511
  pslverr          integral           1     'h0       
  apb_state        apb_state_e        2     IDLE      
------------------------------------------------------

UVM_INFO /home/dvft1103/dvft11/uvm/apb_project/verification/env/apb_score_board.sv(61) @ 1990: uvm_test_top.env_h.sb_h [[SB]] [PASSIVE] paddr=0x38 pwrite=1 pwdata=0xb2d68511 prdata=0x0 pslverr=0
UVM_INFO /home/dvft1103/dvft11/uvm/apb_project/verification/env/apb_score_board.sv(128) @ 1990: uvm_test_top.env_h.sb_h [[SB]] [1990]WRITE PASS:mem[0x38]=0xb2d68511
UVM_INFO /home/dvft1103/dvft11/uvm/apb_project/verification/agent/apb_driver.sv(81) @ 1995: uvm_test_top.env_h.act_agent_h.drv_h [[DRV]] Entered ACCESS State
UVM_INFO /home/dvft1103/dvft11/uvm/apb_project/verification/env/apb_score_board.sv(51) @ 2000: uvm_test_top.env_h.sb_h [[SB]] [ACTIVE] paddr=0x38 pwrite=1 pwdata=0xb2d68511 prdata=0x0 pslverr=0
UVM_INFO /home/dvft1103/dvft11/uvm/apb_project/verification/env/apb_score_board.sv(61) @ 2000: uvm_test_top.env_h.sb_h [[SB]] [PASSIVE] paddr=0x38 pwrite=1 pwdata=0xb2d68511 prdata=0x0 pslverr=0
UVM_INFO /home/dvft1103/dvft11/uvm/apb_project/verification/env/apb_score_board.sv(128) @ 2000: uvm_test_top.env_h.sb_h [[SB]] [2000]WRITE PASS:mem[0x38]=0xb2d68511
UVM_INFO /home/dvft1103/dvft11/uvm/apb_project/verification/agent/apb_driver.sv(107) @ 2005: uvm_test_top.env_h.act_agent_h.drv_h [[DRV]] Pready occured at wait_count=0 56 3000403217
UVM_INFO /home/dvft1103/dvft11/uvm/apb_project/verification/env/apb_score_board.sv(51) @ 2010: uvm_test_top.env_h.sb_h [[SB]] [ACTIVE] paddr=0x38 pwrite=1 pwdata=0xb2d68511 prdata=0x0 pslverr=0
UVM_INFO /home/dvft1103/dvft11/uvm/apb_project/verification/agent/apb_active_monitor.sv(85) @ 2010: uvm_test_top.env_h.act_agent_h.act_mon_h [[ACTIVE_MON]]  Transaction sent to scoreboard
UVM_INFO /home/dvft1103/dvft11/uvm/apb_project/verification/env/apb_score_board.sv(61) @ 2010: uvm_test_top.env_h.sb_h [[SB]] [PASSIVE] paddr=0x38 pwrite=1 pwdata=0xb2d68511 prdata=0x0 pslverr=0
UVM_INFO /home/dvft1103/dvft11/uvm/apb_project/verification/env/apb_score_board.sv(128) @ 2010: uvm_test_top.env_h.sb_h [[SB]] [2010]WRITE PASS:mem[0x38]=0xb2d68511
UVM_INFO /home/dvft1103/dvft11/uvm/apb_project/verification/agent/apb_passive_monitor.sv(79) @ 2010: uvm_test_top.env_h.pas_agent_h.pas_mon_h [[PASSIVE_MON]]  Transaction sent to scoreboard
UVM_INFO /home/dvft1103/dvft11/uvm/apb_project/verification/agent/apb_driver.sv(110) @ 2015: uvm_test_top.env_h.act_agent_h.drv_h [[DRV]] Transaction completed
UVM_ERROR @ 2015: uvm_test_top.env_h.act_agent_h.seqr_h@@rw_h [uvm_test_top.env_h.act_agent_h.seqr_h.rw_h] Response queue overflow, response was dropped
UVM_INFO /home/dvft1103/dvft11/uvm/apb_project/verification/test/apb_rw_seq.sv(43) @ 2025: uvm_test_top.env_h.act_agent_h.seqr_h@@rw_h [apb_rw_seq] Dispalying From apb_rw_seq=--------------------------------------------------------------------------------------------------
Name                           Type               Size  Value                                     
--------------------------------------------------------------------------------------------------
seq_h                          apb_sequence_item  -     @5832                                     
  psel                         integral           1     'h0                                       
  continuous_psel              integral           1     'h0                                       
  penable                      integral           1     'h0                                       
  pready                       integral           1     'h0                                       
  paddr                        integral           32    'h38                                      
  pwrite                       integral           1     'h0                                       
  prdata                       integral           32    'h0                                       
  pwdata                       integral           32    'hf26f731b                                
  pslverr                      integral           1     'h0                                       
  apb_state                    apb_state_e        2     ""                                        
  begin_time                   time               64    2025                                      
  depth                        int                32    'd2                                       
  parent sequence (name)       string             4     rw_h                                      
  parent sequence (full name)  string             42    uvm_test_top.env_h.act_agent_h.seqr_h.rw_h
  sequencer                    string             37    uvm_test_top.env_h.act_agent_h.seqr_h     
--------------------------------------------------------------------------------------------------

UVM_INFO /home/dvft1103/dvft11/uvm/apb_project/verification/agent/apb_driver.sv(52) @ 2025: uvm_test_top.env_h.act_agent_h.drv_h [DRIVER] Displaying from apb_driver=--------------------------------------------------------------------------------------------------
Name                           Type               Size  Value                                     
--------------------------------------------------------------------------------------------------
seq_h                          apb_sequence_item  -     @5832                                     
  psel                         integral           1     'h0                                       
  continuous_psel              integral           1     'h0                                       
  penable                      integral           1     'h0                                       
  pready                       integral           1     'h0                                       
  paddr                        integral           32    'h38                                      
  pwrite                       integral           1     'h0                                       
  prdata                       integral           32    'h0                                       
  pwdata                       integral           32    'hf26f731b                                
  pslverr                      integral           1     'h0                                       
  apb_state                    apb_state_e        2     ""                                        
  begin_time                   time               64    2025                                      
  depth                        int                32    'd2                                       
  parent sequence (name)       string             4     rw_h                                      
  parent sequence (full name)  string             42    uvm_test_top.env_h.act_agent_h.seqr_h.rw_h
  sequencer                    string             37    uvm_test_top.env_h.act_agent_h.seqr_h     
--------------------------------------------------------------------------------------------------

UVM_INFO /home/dvft1103/dvft11/uvm/apb_project/verification/agent/apb_driver.sv(63) @ 2025: uvm_test_top.env_h.act_agent_h.drv_h [[DRV]] Entered SETUP State
UVM_INFO /home/dvft1103/dvft11/uvm/apb_project/verification/env/apb_score_board.sv(51) @ 2030: uvm_test_top.env_h.sb_h [[SB]] [ACTIVE] paddr=0x0 pwrite=0 pwdata=0x0 prdata=0x0 pslverr=0
UVM_INFO /home/dvft1103/dvft11/uvm/apb_project/verification/agent/apb_active_monitor.sv(57) @ 2030: uvm_test_top.env_h.act_agent_h.act_mon_h [[ACTIVE_MON]] setup detected:::::- ------------------------------------------------------
Name               Type               Size  Value     
------------------------------------------------------
seq_h              apb_sequence_item  -     @5846     
  psel             integral           1     'h1       
  continuous_psel  integral           1     'h0       
  penable          integral           1     'h0       
  pready           integral           1     'h1       
  paddr            integral           32    'h38      
  pwrite           integral           1     'h0       
  prdata           integral           32    'h0       
  pwdata           integral           32    'hf26f731b
  pslverr          integral           1     'h0       
  apb_state        apb_state_e        2     IDLE      
------------------------------------------------------

UVM_INFO /home/dvft1103/dvft11/uvm/apb_project/verification/env/apb_score_board.sv(51) @ 2030: uvm_test_top.env_h.sb_h [[SB]] [ACTIVE] paddr=0x38 pwrite=0 pwdata=0xf26f731b prdata=0x0 pslverr=0
UVM_INFO /home/dvft1103/dvft11/uvm/apb_project/verification/env/apb_score_board.sv(61) @ 2030: uvm_test_top.env_h.sb_h [[SB]] [PASSIVE] paddr=0x0 pwrite=0 pwdata=0x0 prdata=0x0 pslverr=0
UVM_WARNING /home/dvft1103/dvft11/uvm/apb_project/verification/env/apb_score_board.sv(150) @ 2030: uvm_test_top.env_h.sb_h [[SB]] [2030] READ from uninitialised addr 0x0 --- no ref
UVM_INFO /home/dvft1103/dvft11/uvm/apb_project/verification/agent/apb_passive_monitor.sv(52) @ 2030: uvm_test_top.env_h.pas_agent_h.pas_mon_h [[PASSIVE_MON]] setup detected:::::- ------------------------------------------------------
Name               Type               Size  Value     
------------------------------------------------------
seq_h              apb_sequence_item  -     @5872     
  psel             integral           1     'h1       
  continuous_psel  integral           1     'h0       
  penable          integral           1     'h0       
  pready           integral           1     'h1       
  paddr            integral           32    'h38      
  pwrite           integral           1     'h0       
  prdata           integral           32    'h0       
  pwdata           integral           32    'hf26f731b
  pslverr          integral           1     'h0       
  apb_state        apb_state_e        2     IDLE      
------------------------------------------------------

UVM_INFO /home/dvft1103/dvft11/uvm/apb_project/verification/env/apb_score_board.sv(61) @ 2030: uvm_test_top.env_h.sb_h [[SB]] [PASSIVE] paddr=0x38 pwrite=0 pwdata=0xf26f731b prdata=0x0 pslverr=0
UVM_INFO /home/dvft1103/dvft11/uvm/apb_project/verification/agent/apb_driver.sv(81) @ 2035: uvm_test_top.env_h.act_agent_h.drv_h [[DRV]] Entered ACCESS State
UVM_INFO /home/dvft1103/dvft11/uvm/apb_project/verification/env/apb_score_board.sv(51) @ 2040: uvm_test_top.env_h.sb_h [[SB]] [ACTIVE] paddr=0x38 pwrite=0 pwdata=0xf26f731b prdata=0x0 pslverr=0
UVM_INFO /home/dvft1103/dvft11/uvm/apb_project/verification/env/apb_score_board.sv(61) @ 2040: uvm_test_top.env_h.sb_h [[SB]] [PASSIVE] paddr=0x38 pwrite=0 pwdata=0xf26f731b prdata=0x0 pslverr=0
UVM_INFO /home/dvft1103/dvft11/uvm/apb_project/verification/agent/apb_driver.sv(107) @ 2055: uvm_test_top.env_h.act_agent_h.drv_h [[DRV]] Pready occured at wait_count=1 56 4067390235
UVM_INFO /home/dvft1103/dvft11/uvm/apb_project/verification/env/apb_score_board.sv(51) @ 2060: uvm_test_top.env_h.sb_h [[SB]] [ACTIVE] paddr=0x38 pwrite=0 pwdata=0xf26f731b prdata=0xb2d68511 pslverr=0
UVM_INFO /home/dvft1103/dvft11/uvm/apb_project/verification/agent/apb_active_monitor.sv(85) @ 2060: uvm_test_top.env_h.act_agent_h.act_mon_h [[ACTIVE_MON]]  Transaction sent to scoreboard
UVM_INFO /home/dvft1103/dvft11/uvm/apb_project/verification/env/apb_score_board.sv(61) @ 2060: uvm_test_top.env_h.sb_h [[SB]] [PASSIVE] paddr=0x38 pwrite=0 pwdata=0xf26f731b prdata=0xb2d68511 pslverr=0
UVM_INFO /home/dvft1103/dvft11/uvm/apb_project/verification/env/apb_score_board.sv(159) @ 2060: uvm_test_top.env_h.sb_h [[SB]] [0000000000000000004014t] READ PASS :paddr=0x38 expected=0xb2d68511 got=0xb2d68511
UVM_INFO /home/dvft1103/dvft11/uvm/apb_project/verification/agent/apb_passive_monitor.sv(79) @ 2060: uvm_test_top.env_h.pas_agent_h.pas_mon_h [[PASSIVE_MON]]  Transaction sent to scoreboard
UVM_INFO /home/dvft1103/dvft11/uvm/apb_project/verification/agent/apb_driver.sv(110) @ 2065: uvm_test_top.env_h.act_agent_h.drv_h [[DRV]] Transaction completed
UVM_ERROR @ 2065: uvm_test_top.env_h.act_agent_h.seqr_h@@rw_h [uvm_test_top.env_h.act_agent_h.seqr_h.rw_h] Response queue overflow, response was dropped
UVM_INFO /home/dvft1103/dvft11/uvm/apb_project/verification/test/apb_rw_seq.sv(43) @ 2075: uvm_test_top.env_h.act_agent_h.seqr_h@@rw_h [apb_rw_seq] Dispalying From apb_rw_seq=--------------------------------------------------------------------------------------------------
Name                           Type               Size  Value                                     
--------------------------------------------------------------------------------------------------
seq_h                          apb_sequence_item  -     @5954                                     
  psel                         integral           1     'h0                                       
  continuous_psel              integral           1     'h0                                       
  penable                      integral           1     'h0                                       
  pready                       integral           1     'h0                                       
  paddr                        integral           32    'h68                                      
  pwrite                       integral           1     'h1                                       
  prdata                       integral           32    'h0                                       
  pwdata                       integral           32    'h2db97327                                
  pslverr                      integral           1     'h0                                       
  apb_state                    apb_state_e        2     ""                                        
  begin_time                   time               64    2075                                      
  depth                        int                32    'd2                                       
  parent sequence (name)       string             4     rw_h                                      
  parent sequence (full name)  string             42    uvm_test_top.env_h.act_agent_h.seqr_h.rw_h
  sequencer                    string             37    uvm_test_top.env_h.act_agent_h.seqr_h     
--------------------------------------------------------------------------------------------------

UVM_INFO /home/dvft1103/dvft11/uvm/apb_project/verification/agent/apb_driver.sv(52) @ 2075: uvm_test_top.env_h.act_agent_h.drv_h [DRIVER] Displaying from apb_driver=--------------------------------------------------------------------------------------------------
Name                           Type               Size  Value                                     
--------------------------------------------------------------------------------------------------
seq_h                          apb_sequence_item  -     @5954                                     
  psel                         integral           1     'h0                                       
  continuous_psel              integral           1     'h0                                       
  penable                      integral           1     'h0                                       
  pready                       integral           1     'h0                                       
  paddr                        integral           32    'h68                                      
  pwrite                       integral           1     'h1                                       
  prdata                       integral           32    'h0                                       
  pwdata                       integral           32    'h2db97327                                
  pslverr                      integral           1     'h0                                       
  apb_state                    apb_state_e        2     ""                                        
  begin_time                   time               64    2075                                      
  depth                        int                32    'd2                                       
  parent sequence (name)       string             4     rw_h                                      
  parent sequence (full name)  string             42    uvm_test_top.env_h.act_agent_h.seqr_h.rw_h
  sequencer                    string             37    uvm_test_top.env_h.act_agent_h.seqr_h     
--------------------------------------------------------------------------------------------------

UVM_INFO /home/dvft1103/dvft11/uvm/apb_project/verification/agent/apb_driver.sv(63) @ 2075: uvm_test_top.env_h.act_agent_h.drv_h [[DRV]] Entered SETUP State
UVM_INFO /home/dvft1103/dvft11/uvm/apb_project/verification/env/apb_score_board.sv(51) @ 2080: uvm_test_top.env_h.sb_h [[SB]] [ACTIVE] paddr=0x0 pwrite=0 pwdata=0x0 prdata=0x0 pslverr=0
UVM_INFO /home/dvft1103/dvft11/uvm/apb_project/verification/agent/apb_active_monitor.sv(57) @ 2080: uvm_test_top.env_h.act_agent_h.act_mon_h [[ACTIVE_MON]] setup detected:::::- ------------------------------------------------------
Name               Type               Size  Value     
------------------------------------------------------
seq_h              apb_sequence_item  -     @5968     
  psel             integral           1     'h1       
  continuous_psel  integral           1     'h0       
  penable          integral           1     'h0       
  pready           integral           1     'h1       
  paddr            integral           32    'h68      
  pwrite           integral           1     'h1       
  prdata           integral           32    'h0       
  pwdata           integral           32    'h2db97327
  pslverr          integral           1     'h0       
  apb_state        apb_state_e        2     IDLE      
------------------------------------------------------

UVM_INFO /home/dvft1103/dvft11/uvm/apb_project/verification/env/apb_score_board.sv(51) @ 2080: uvm_test_top.env_h.sb_h [[SB]] [ACTIVE] paddr=0x68 pwrite=1 pwdata=0x2db97327 prdata=0x0 pslverr=0
UVM_INFO /home/dvft1103/dvft11/uvm/apb_project/verification/env/apb_score_board.sv(61) @ 2080: uvm_test_top.env_h.sb_h [[SB]] [PASSIVE] paddr=0x0 pwrite=0 pwdata=0x0 prdata=0x0 pslverr=0
UVM_WARNING /home/dvft1103/dvft11/uvm/apb_project/verification/env/apb_score_board.sv(150) @ 2080: uvm_test_top.env_h.sb_h [[SB]] [2080] READ from uninitialised addr 0x0 --- no ref
UVM_INFO /home/dvft1103/dvft11/uvm/apb_project/verification/agent/apb_passive_monitor.sv(52) @ 2080: uvm_test_top.env_h.pas_agent_h.pas_mon_h [[PASSIVE_MON]] setup detected:::::- ------------------------------------------------------
Name               Type               Size  Value     
------------------------------------------------------
seq_h              apb_sequence_item  -     @5994     
  psel             integral           1     'h1       
  continuous_psel  integral           1     'h0       
  penable          integral           1     'h0       
  pready           integral           1     'h1       
  paddr            integral           32    'h68      
  pwrite           integral           1     'h1       
  prdata           integral           32    'h0       
  pwdata           integral           32    'h2db97327
  pslverr          integral           1     'h0       
  apb_state        apb_state_e        2     IDLE      
------------------------------------------------------

UVM_INFO /home/dvft1103/dvft11/uvm/apb_project/verification/env/apb_score_board.sv(61) @ 2080: uvm_test_top.env_h.sb_h [[SB]] [PASSIVE] paddr=0x68 pwrite=1 pwdata=0x2db97327 prdata=0x0 pslverr=0
UVM_INFO /home/dvft1103/dvft11/uvm/apb_project/verification/env/apb_score_board.sv(128) @ 2080: uvm_test_top.env_h.sb_h [[SB]] [2080]WRITE PASS:mem[0x68]=0x2db97327
UVM_INFO /home/dvft1103/dvft11/uvm/apb_project/verification/agent/apb_driver.sv(81) @ 2085: uvm_test_top.env_h.act_agent_h.drv_h [[DRV]] Entered ACCESS State
UVM_INFO /home/dvft1103/dvft11/uvm/apb_project/verification/env/apb_score_board.sv(51) @ 2090: uvm_test_top.env_h.sb_h [[SB]] [ACTIVE] paddr=0x68 pwrite=1 pwdata=0x2db97327 prdata=0x0 pslverr=0
UVM_INFO /home/dvft1103/dvft11/uvm/apb_project/verification/env/apb_score_board.sv(61) @ 2090: uvm_test_top.env_h.sb_h [[SB]] [PASSIVE] paddr=0x68 pwrite=1 pwdata=0x2db97327 prdata=0x0 pslverr=0
UVM_INFO /home/dvft1103/dvft11/uvm/apb_project/verification/env/apb_score_board.sv(128) @ 2090: uvm_test_top.env_h.sb_h [[SB]] [2090]WRITE PASS:mem[0x68]=0x2db97327
UVM_INFO /home/dvft1103/dvft11/uvm/apb_project/verification/agent/apb_driver.sv(107) @ 2095: uvm_test_top.env_h.act_agent_h.drv_h [[DRV]] Pready occured at wait_count=0 104 767128359
UVM_INFO /home/dvft1103/dvft11/uvm/apb_project/verification/env/apb_score_board.sv(51) @ 2100: uvm_test_top.env_h.sb_h [[SB]] [ACTIVE] paddr=0x68 pwrite=1 pwdata=0x2db97327 prdata=0x0 pslverr=0
UVM_INFO /home/dvft1103/dvft11/uvm/apb_project/verification/agent/apb_active_monitor.sv(85) @ 2100: uvm_test_top.env_h.act_agent_h.act_mon_h [[ACTIVE_MON]]  Transaction sent to scoreboard
UVM_INFO /home/dvft1103/dvft11/uvm/apb_project/verification/env/apb_score_board.sv(61) @ 2100: uvm_test_top.env_h.sb_h [[SB]] [PASSIVE] paddr=0x68 pwrite=1 pwdata=0x2db97327 prdata=0x0 pslverr=0
UVM_INFO /home/dvft1103/dvft11/uvm/apb_project/verification/env/apb_score_board.sv(128) @ 2100: uvm_test_top.env_h.sb_h [[SB]] [2100]WRITE PASS:mem[0x68]=0x2db97327
UVM_INFO /home/dvft1103/dvft11/uvm/apb_project/verification/agent/apb_passive_monitor.sv(79) @ 2100: uvm_test_top.env_h.pas_agent_h.pas_mon_h [[PASSIVE_MON]]  Transaction sent to scoreboard
UVM_INFO /home/dvft1103/dvft11/uvm/apb_project/verification/agent/apb_driver.sv(110) @ 2105: uvm_test_top.env_h.act_agent_h.drv_h [[DRV]] Transaction completed
UVM_ERROR @ 2105: uvm_test_top.env_h.act_agent_h.seqr_h@@rw_h [uvm_test_top.env_h.act_agent_h.seqr_h.rw_h] Response queue overflow, response was dropped
UVM_INFO /home/dvft1103/dvft11/uvm/apb_project/verification/test/apb_rw_seq.sv(43) @ 2115: uvm_test_top.env_h.act_agent_h.seqr_h@@rw_h [apb_rw_seq] Dispalying From apb_rw_seq=--------------------------------------------------------------------------------------------------
Name                           Type               Size  Value                                     
--------------------------------------------------------------------------------------------------
seq_h                          apb_sequence_item  -     @6080                                     
  psel                         integral           1     'h0                                       
  continuous_psel              integral           1     'h0                                       
  penable                      integral           1     'h0                                       
  pready                       integral           1     'h0                                       
  paddr                        integral           32    'h68                                      
  pwrite                       integral           1     'h0                                       
  prdata                       integral           32    'h0                                       
  pwdata                       integral           32    'hb19f07aa                                
  pslverr                      integral           1     'h0                                       
  apb_state                    apb_state_e        2     ""                                        
  begin_time                   time               64    2115                                      
  depth                        int                32    'd2                                       
  parent sequence (name)       string             4     rw_h                                      
  parent sequence (full name)  string             42    uvm_test_top.env_h.act_agent_h.seqr_h.rw_h
  sequencer                    string             37    uvm_test_top.env_h.act_agent_h.seqr_h     
--------------------------------------------------------------------------------------------------

UVM_INFO /home/dvft1103/dvft11/uvm/apb_project/verification/agent/apb_driver.sv(52) @ 2115: uvm_test_top.env_h.act_agent_h.drv_h [DRIVER] Displaying from apb_driver=--------------------------------------------------------------------------------------------------
Name                           Type               Size  Value                                     
--------------------------------------------------------------------------------------------------
seq_h                          apb_sequence_item  -     @6080                                     
  psel                         integral           1     'h0                                       
  continuous_psel              integral           1     'h0                                       
  penable                      integral           1     'h0                                       
  pready                       integral           1     'h0                                       
  paddr                        integral           32    'h68                                      
  pwrite                       integral           1     'h0                                       
  prdata                       integral           32    'h0                                       
  pwdata                       integral           32    'hb19f07aa                                
  pslverr                      integral           1     'h0                                       
  apb_state                    apb_state_e        2     ""                                        
  begin_time                   time               64    2115                                      
  depth                        int                32    'd2                                       
  parent sequence (name)       string             4     rw_h                                      
  parent sequence (full name)  string             42    uvm_test_top.env_h.act_agent_h.seqr_h.rw_h
  sequencer                    string             37    uvm_test_top.env_h.act_agent_h.seqr_h     
--------------------------------------------------------------------------------------------------

UVM_INFO /home/dvft1103/dvft11/uvm/apb_project/verification/agent/apb_driver.sv(63) @ 2115: uvm_test_top.env_h.act_agent_h.drv_h [[DRV]] Entered SETUP State
UVM_INFO /home/dvft1103/dvft11/uvm/apb_project/verification/env/apb_score_board.sv(51) @ 2120: uvm_test_top.env_h.sb_h [[SB]] [ACTIVE] paddr=0x0 pwrite=0 pwdata=0x0 prdata=0x0 pslverr=0
UVM_INFO /home/dvft1103/dvft11/uvm/apb_project/verification/agent/apb_active_monitor.sv(57) @ 2120: uvm_test_top.env_h.act_agent_h.act_mon_h [[ACTIVE_MON]] setup detected:::::- ------------------------------------------------------
Name               Type               Size  Value     
------------------------------------------------------
seq_h              apb_sequence_item  -     @6094     
  psel             integral           1     'h1       
  continuous_psel  integral           1     'h0       
  penable          integral           1     'h0       
  pready           integral           1     'h1       
  paddr            integral           32    'h68      
  pwrite           integral           1     'h0       
  prdata           integral           32    'h0       
  pwdata           integral           32    'hb19f07aa
  pslverr          integral           1     'h0       
  apb_state        apb_state_e        2     IDLE      
------------------------------------------------------

UVM_INFO /home/dvft1103/dvft11/uvm/apb_project/verification/env/apb_score_board.sv(51) @ 2120: uvm_test_top.env_h.sb_h [[SB]] [ACTIVE] paddr=0x68 pwrite=0 pwdata=0xb19f07aa prdata=0x0 pslverr=0
UVM_INFO /home/dvft1103/dvft11/uvm/apb_project/verification/env/apb_score_board.sv(61) @ 2120: uvm_test_top.env_h.sb_h [[SB]] [PASSIVE] paddr=0x0 pwrite=0 pwdata=0x0 prdata=0x0 pslverr=0
UVM_WARNING /home/dvft1103/dvft11/uvm/apb_project/verification/env/apb_score_board.sv(150) @ 2120: uvm_test_top.env_h.sb_h [[SB]] [2120] READ from uninitialised addr 0x0 --- no ref
UVM_INFO /home/dvft1103/dvft11/uvm/apb_project/verification/agent/apb_passive_monitor.sv(52) @ 2120: uvm_test_top.env_h.pas_agent_h.pas_mon_h [[PASSIVE_MON]] setup detected:::::- ------------------------------------------------------
Name               Type               Size  Value     
------------------------------------------------------
seq_h              apb_sequence_item  -     @6120     
  psel             integral           1     'h1       
  continuous_psel  integral           1     'h0       
  penable          integral           1     'h0       
  pready           integral           1     'h1       
  paddr            integral           32    'h68      
  pwrite           integral           1     'h0       
  prdata           integral           32    'h0       
  pwdata           integral           32    'hb19f07aa
  pslverr          integral           1     'h0       
  apb_state        apb_state_e        2     IDLE      
------------------------------------------------------

UVM_INFO /home/dvft1103/dvft11/uvm/apb_project/verification/env/apb_score_board.sv(61) @ 2120: uvm_test_top.env_h.sb_h [[SB]] [PASSIVE] paddr=0x68 pwrite=0 pwdata=0xb19f07aa prdata=0x0 pslverr=0
UVM_INFO /home/dvft1103/dvft11/uvm/apb_project/verification/agent/apb_driver.sv(81) @ 2125: uvm_test_top.env_h.act_agent_h.drv_h [[DRV]] Entered ACCESS State
UVM_INFO /home/dvft1103/dvft11/uvm/apb_project/verification/env/apb_score_board.sv(51) @ 2130: uvm_test_top.env_h.sb_h [[SB]] [ACTIVE] paddr=0x68 pwrite=0 pwdata=0xb19f07aa prdata=0x0 pslverr=0
UVM_INFO /home/dvft1103/dvft11/uvm/apb_project/verification/env/apb_score_board.sv(61) @ 2130: uvm_test_top.env_h.sb_h [[SB]] [PASSIVE] paddr=0x68 pwrite=0 pwdata=0xb19f07aa prdata=0x0 pslverr=0
UVM_INFO /home/dvft1103/dvft11/uvm/apb_project/verification/agent/apb_driver.sv(107) @ 2145: uvm_test_top.env_h.act_agent_h.drv_h [[DRV]] Pready occured at wait_count=1 104 2979989418
UVM_INFO /home/dvft1103/dvft11/uvm/apb_project/verification/env/apb_score_board.sv(51) @ 2150: uvm_test_top.env_h.sb_h [[SB]] [ACTIVE] paddr=0x68 pwrite=0 pwdata=0xb19f07aa prdata=0x2db97327 pslverr=0
UVM_INFO /home/dvft1103/dvft11/uvm/apb_project/verification/agent/apb_active_monitor.sv(85) @ 2150: uvm_test_top.env_h.act_agent_h.act_mon_h [[ACTIVE_MON]]  Transaction sent to scoreboard
UVM_INFO /home/dvft1103/dvft11/uvm/apb_project/verification/env/apb_score_board.sv(61) @ 2150: uvm_test_top.env_h.sb_h [[SB]] [PASSIVE] paddr=0x68 pwrite=0 pwdata=0xb19f07aa prdata=0x2db97327 pslverr=0
UVM_INFO /home/dvft1103/dvft11/uvm/apb_project/verification/env/apb_score_board.sv(159) @ 2150: uvm_test_top.env_h.sb_h [[SB]] [0000000000000000004146t] READ PASS :paddr=0x68 expected=0x2db97327 got=0x2db97327
UVM_INFO /home/dvft1103/dvft11/uvm/apb_project/verification/agent/apb_passive_monitor.sv(79) @ 2150: uvm_test_top.env_h.pas_agent_h.pas_mon_h [[PASSIVE_MON]]  Transaction sent to scoreboard
UVM_INFO /home/dvft1103/dvft11/uvm/apb_project/verification/agent/apb_driver.sv(110) @ 2155: uvm_test_top.env_h.act_agent_h.drv_h [[DRV]] Transaction completed
UVM_ERROR @ 2155: uvm_test_top.env_h.act_agent_h.seqr_h@@rw_h [uvm_test_top.env_h.act_agent_h.seqr_h.rw_h] Response queue overflow, response was dropped
UVM_INFO /home/dvft1103/dvft11/uvm/apb_project/verification/test/apb_rw_seq.sv(43) @ 2165: uvm_test_top.env_h.act_agent_h.seqr_h@@rw_h [apb_rw_seq] Dispalying From apb_rw_seq=--------------------------------------------------------------------------------------------------
Name                           Type               Size  Value                                     
--------------------------------------------------------------------------------------------------
seq_h                          apb_sequence_item  -     @6202                                     
  psel                         integral           1     'h0                                       
  continuous_psel              integral           1     'h0                                       
  penable                      integral           1     'h0                                       
  pready                       integral           1     'h0                                       
  paddr                        integral           32    'h60                                      
  pwrite                       integral           1     'h1                                       
  prdata                       integral           32    'h0                                       
  pwdata                       integral           32    'h3a50312a                                
  pslverr                      integral           1     'h0                                       
  apb_state                    apb_state_e        2     ""                                        
  begin_time                   time               64    2165                                      
  depth                        int                32    'd2                                       
  parent sequence (name)       string             4     rw_h                                      
  parent sequence (full name)  string             42    uvm_test_top.env_h.act_agent_h.seqr_h.rw_h
  sequencer                    string             37    uvm_test_top.env_h.act_agent_h.seqr_h     
--------------------------------------------------------------------------------------------------

UVM_INFO /home/dvft1103/dvft11/uvm/apb_project/verification/agent/apb_driver.sv(52) @ 2165: uvm_test_top.env_h.act_agent_h.drv_h [DRIVER] Displaying from apb_driver=--------------------------------------------------------------------------------------------------
Name                           Type               Size  Value                                     
--------------------------------------------------------------------------------------------------
seq_h                          apb_sequence_item  -     @6202                                     
  psel                         integral           1     'h0                                       
  continuous_psel              integral           1     'h0                                       
  penable                      integral           1     'h0                                       
  pready                       integral           1     'h0                                       
  paddr                        integral           32    'h60                                      
  pwrite                       integral           1     'h1                                       
  prdata                       integral           32    'h0                                       
  pwdata                       integral           32    'h3a50312a                                
  pslverr                      integral           1     'h0                                       
  apb_state                    apb_state_e        2     ""                                        
  begin_time                   time               64    2165                                      
  depth                        int                32    'd2                                       
  parent sequence (name)       string             4     rw_h                                      
  parent sequence (full name)  string             42    uvm_test_top.env_h.act_agent_h.seqr_h.rw_h
  sequencer                    string             37    uvm_test_top.env_h.act_agent_h.seqr_h     
--------------------------------------------------------------------------------------------------

UVM_INFO /home/dvft1103/dvft11/uvm/apb_project/verification/agent/apb_driver.sv(63) @ 2165: uvm_test_top.env_h.act_agent_h.drv_h [[DRV]] Entered SETUP State
UVM_INFO /home/dvft1103/dvft11/uvm/apb_project/verification/env/apb_score_board.sv(51) @ 2170: uvm_test_top.env_h.sb_h [[SB]] [ACTIVE] paddr=0x0 pwrite=0 pwdata=0x0 prdata=0x0 pslverr=0
UVM_INFO /home/dvft1103/dvft11/uvm/apb_project/verification/agent/apb_active_monitor.sv(57) @ 2170: uvm_test_top.env_h.act_agent_h.act_mon_h [[ACTIVE_MON]] setup detected:::::- ------------------------------------------------------
Name               Type               Size  Value     
------------------------------------------------------
seq_h              apb_sequence_item  -     @6216     
  psel             integral           1     'h1       
  continuous_psel  integral           1     'h0       
  penable          integral           1     'h0       
  pready           integral           1     'h1       
  paddr            integral           32    'h60      
  pwrite           integral           1     'h1       
  prdata           integral           32    'h0       
  pwdata           integral           32    'h3a50312a
  pslverr          integral           1     'h0       
  apb_state        apb_state_e        2     IDLE      
------------------------------------------------------

UVM_INFO /home/dvft1103/dvft11/uvm/apb_project/verification/env/apb_score_board.sv(51) @ 2170: uvm_test_top.env_h.sb_h [[SB]] [ACTIVE] paddr=0x60 pwrite=1 pwdata=0x3a50312a prdata=0x0 pslverr=0
UVM_INFO /home/dvft1103/dvft11/uvm/apb_project/verification/env/apb_score_board.sv(61) @ 2170: uvm_test_top.env_h.sb_h [[SB]] [PASSIVE] paddr=0x0 pwrite=0 pwdata=0x0 prdata=0x0 pslverr=0
UVM_WARNING /home/dvft1103/dvft11/uvm/apb_project/verification/env/apb_score_board.sv(150) @ 2170: uvm_test_top.env_h.sb_h [[SB]] [2170] READ from uninitialised addr 0x0 --- no ref
UVM_INFO /home/dvft1103/dvft11/uvm/apb_project/verification/agent/apb_passive_monitor.sv(52) @ 2170: uvm_test_top.env_h.pas_agent_h.pas_mon_h [[PASSIVE_MON]] setup detected:::::- ------------------------------------------------------
Name               Type               Size  Value     
------------------------------------------------------
seq_h              apb_sequence_item  -     @6242     
  psel             integral           1     'h1       
  continuous_psel  integral           1     'h0       
  penable          integral           1     'h0       
  pready           integral           1     'h1       
  paddr            integral           32    'h60      
  pwrite           integral           1     'h1       
  prdata           integral           32    'h0       
  pwdata           integral           32    'h3a50312a
  pslverr          integral           1     'h0       
  apb_state        apb_state_e        2     IDLE      
------------------------------------------------------

UVM_INFO /home/dvft1103/dvft11/uvm/apb_project/verification/env/apb_score_board.sv(61) @ 2170: uvm_test_top.env_h.sb_h [[SB]] [PASSIVE] paddr=0x60 pwrite=1 pwdata=0x3a50312a prdata=0x0 pslverr=0
UVM_INFO /home/dvft1103/dvft11/uvm/apb_project/verification/env/apb_score_board.sv(128) @ 2170: uvm_test_top.env_h.sb_h [[SB]] [2170]WRITE PASS:mem[0x60]=0x3a50312a
UVM_INFO /home/dvft1103/dvft11/uvm/apb_project/verification/agent/apb_driver.sv(81) @ 2175: uvm_test_top.env_h.act_agent_h.drv_h [[DRV]] Entered ACCESS State
UVM_INFO /home/dvft1103/dvft11/uvm/apb_project/verification/env/apb_score_board.sv(51) @ 2180: uvm_test_top.env_h.sb_h [[SB]] [ACTIVE] paddr=0x60 pwrite=1 pwdata=0x3a50312a prdata=0x0 pslverr=0
UVM_INFO /home/dvft1103/dvft11/uvm/apb_project/verification/env/apb_score_board.sv(51) @ 2180: uvm_test_top.env_h.sb_h [[SB]] [ACTIVE] paddr=0x60 pwrite=1 pwdata=0x3a50312a prdata=0x0 pslverr=0
UVM_INFO /home/dvft1103/dvft11/uvm/apb_project/verification/agent/apb_active_monitor.sv(85) @ 2180: uvm_test_top.env_h.act_agent_h.act_mon_h [[ACTIVE_MON]]  Transaction sent to scoreboard
UVM_INFO /home/dvft1103/dvft11/uvm/apb_project/verification/env/apb_score_board.sv(61) @ 2180: uvm_test_top.env_h.sb_h [[SB]] [PASSIVE] paddr=0x60 pwrite=1 pwdata=0x3a50312a prdata=0x0 pslverr=0
UVM_INFO /home/dvft1103/dvft11/uvm/apb_project/verification/env/apb_score_board.sv(128) @ 2180: uvm_test_top.env_h.sb_h [[SB]] [2180]WRITE PASS:mem[0x60]=0x3a50312a
UVM_INFO /home/dvft1103/dvft11/uvm/apb_project/verification/env/apb_score_board.sv(61) @ 2180: uvm_test_top.env_h.sb_h [[SB]] [PASSIVE] paddr=0x60 pwrite=1 pwdata=0x3a50312a prdata=0x0 pslverr=0
UVM_INFO /home/dvft1103/dvft11/uvm/apb_project/verification/env/apb_score_board.sv(128) @ 2180: uvm_test_top.env_h.sb_h [[SB]] [2180]WRITE PASS:mem[0x60]=0x3a50312a
UVM_INFO /home/dvft1103/dvft11/uvm/apb_project/verification/agent/apb_passive_monitor.sv(79) @ 2180: uvm_test_top.env_h.pas_agent_h.pas_mon_h [[PASSIVE_MON]]  Transaction sent to scoreboard
UVM_INFO /home/dvft1103/dvft11/uvm/apb_project/verification/agent/apb_driver.sv(107) @ 2185: uvm_test_top.env_h.act_agent_h.drv_h [[DRV]] Pready occured at wait_count=0 96 978333994
UVM_INFO /home/dvft1103/dvft11/uvm/apb_project/verification/agent/apb_driver.sv(110) @ 2195: uvm_test_top.env_h.act_agent_h.drv_h [[DRV]] Transaction completed
UVM_ERROR @ 2195: uvm_test_top.env_h.act_agent_h.seqr_h@@rw_h [uvm_test_top.env_h.act_agent_h.seqr_h.rw_h] Response queue overflow, response was dropped
UVM_INFO /home/dvft1103/dvft11/uvm/apb_project/verification/test/apb_rw_seq.sv(43) @ 2205: uvm_test_top.env_h.act_agent_h.seqr_h@@rw_h [apb_rw_seq] Dispalying From apb_rw_seq=--------------------------------------------------------------------------------------------------
Name                           Type               Size  Value                                     
--------------------------------------------------------------------------------------------------
seq_h                          apb_sequence_item  -     @6328                                     
  psel                         integral           1     'h0                                       
  continuous_psel              integral           1     'h0                                       
  penable                      integral           1     'h0                                       
  pready                       integral           1     'h0                                       
  paddr                        integral           32    'h60                                      
  pwrite                       integral           1     'h0                                       
  prdata                       integral           32    'h0                                       
  pwdata                       integral           32    'hbf3d361e                                
  pslverr                      integral           1     'h0                                       
  apb_state                    apb_state_e        2     ""                                        
  begin_time                   time               64    2205                                      
  depth                        int                32    'd2                                       
  parent sequence (name)       string             4     rw_h                                      
  parent sequence (full name)  string             42    uvm_test_top.env_h.act_agent_h.seqr_h.rw_h
  sequencer                    string             37    uvm_test_top.env_h.act_agent_h.seqr_h     
--------------------------------------------------------------------------------------------------

UVM_INFO /home/dvft1103/dvft11/uvm/apb_project/verification/agent/apb_driver.sv(52) @ 2205: uvm_test_top.env_h.act_agent_h.drv_h [DRIVER] Displaying from apb_driver=--------------------------------------------------------------------------------------------------
Name                           Type               Size  Value                                     
--------------------------------------------------------------------------------------------------
seq_h                          apb_sequence_item  -     @6328                                     
  psel                         integral           1     'h0                                       
  continuous_psel              integral           1     'h0                                       
  penable                      integral           1     'h0                                       
  pready                       integral           1     'h0                                       
  paddr                        integral           32    'h60                                      
  pwrite                       integral           1     'h0                                       
  prdata                       integral           32    'h0                                       
  pwdata                       integral           32    'hbf3d361e                                
  pslverr                      integral           1     'h0                                       
  apb_state                    apb_state_e        2     ""                                        
  begin_time                   time               64    2205                                      
  depth                        int                32    'd2                                       
  parent sequence (name)       string             4     rw_h                                      
  parent sequence (full name)  string             42    uvm_test_top.env_h.act_agent_h.seqr_h.rw_h
  sequencer                    string             37    uvm_test_top.env_h.act_agent_h.seqr_h     
--------------------------------------------------------------------------------------------------

UVM_INFO /home/dvft1103/dvft11/uvm/apb_project/verification/agent/apb_driver.sv(63) @ 2205: uvm_test_top.env_h.act_agent_h.drv_h [[DRV]] Entered SETUP State
UVM_INFO /home/dvft1103/dvft11/uvm/apb_project/verification/env/apb_score_board.sv(51) @ 2210: uvm_test_top.env_h.sb_h [[SB]] [ACTIVE] paddr=0x0 pwrite=0 pwdata=0x0 prdata=0x0 pslverr=0
UVM_INFO /home/dvft1103/dvft11/uvm/apb_project/verification/agent/apb_active_monitor.sv(57) @ 2210: uvm_test_top.env_h.act_agent_h.act_mon_h [[ACTIVE_MON]] setup detected:::::- ------------------------------------------------------
Name               Type               Size  Value     
------------------------------------------------------
seq_h              apb_sequence_item  -     @6342     
  psel             integral           1     'h1       
  continuous_psel  integral           1     'h0       
  penable          integral           1     'h0       
  pready           integral           1     'h1       
  paddr            integral           32    'h60      
  pwrite           integral           1     'h0       
  prdata           integral           32    'h0       
  pwdata           integral           32    'hbf3d361e
  pslverr          integral           1     'h0       
  apb_state        apb_state_e        2     IDLE      
------------------------------------------------------

UVM_INFO /home/dvft1103/dvft11/uvm/apb_project/verification/env/apb_score_board.sv(51) @ 2210: uvm_test_top.env_h.sb_h [[SB]] [ACTIVE] paddr=0x60 pwrite=0 pwdata=0xbf3d361e prdata=0x0 pslverr=0
UVM_INFO /home/dvft1103/dvft11/uvm/apb_project/verification/env/apb_score_board.sv(61) @ 2210: uvm_test_top.env_h.sb_h [[SB]] [PASSIVE] paddr=0x0 pwrite=0 pwdata=0x0 prdata=0x0 pslverr=0
UVM_WARNING /home/dvft1103/dvft11/uvm/apb_project/verification/env/apb_score_board.sv(150) @ 2210: uvm_test_top.env_h.sb_h [[SB]] [2210] READ from uninitialised addr 0x0 --- no ref
UVM_INFO /home/dvft1103/dvft11/uvm/apb_project/verification/agent/apb_passive_monitor.sv(52) @ 2210: uvm_test_top.env_h.pas_agent_h.pas_mon_h [[PASSIVE_MON]] setup detected:::::- ------------------------------------------------------
Name               Type               Size  Value     
------------------------------------------------------
seq_h              apb_sequence_item  -     @6368     
  psel             integral           1     'h1       
  continuous_psel  integral           1     'h0       
  penable          integral           1     'h0       
  pready           integral           1     'h1       
  paddr            integral           32    'h60      
  pwrite           integral           1     'h0       
  prdata           integral           32    'h0       
  pwdata           integral           32    'hbf3d361e
  pslverr          integral           1     'h0       
  apb_state        apb_state_e        2     IDLE      
------------------------------------------------------

UVM_INFO /home/dvft1103/dvft11/uvm/apb_project/verification/env/apb_score_board.sv(61) @ 2210: uvm_test_top.env_h.sb_h [[SB]] [PASSIVE] paddr=0x60 pwrite=0 pwdata=0xbf3d361e prdata=0x0 pslverr=0
UVM_INFO /home/dvft1103/dvft11/uvm/apb_project/verification/agent/apb_driver.sv(81) @ 2215: uvm_test_top.env_h.act_agent_h.drv_h [[DRV]] Entered ACCESS State
UVM_INFO /home/dvft1103/dvft11/uvm/apb_project/verification/env/apb_score_board.sv(51) @ 2220: uvm_test_top.env_h.sb_h [[SB]] [ACTIVE] paddr=0x60 pwrite=0 pwdata=0xbf3d361e prdata=0x0 pslverr=0
UVM_INFO /home/dvft1103/dvft11/uvm/apb_project/verification/env/apb_score_board.sv(61) @ 2220: uvm_test_top.env_h.sb_h [[SB]] [PASSIVE] paddr=0x60 pwrite=0 pwdata=0xbf3d361e prdata=0x0 pslverr=0
UVM_INFO /home/dvft1103/dvft11/uvm/apb_project/verification/agent/apb_driver.sv(107) @ 2235: uvm_test_top.env_h.act_agent_h.drv_h [[DRV]] Pready occured at wait_count=1 96 3208459806
UVM_INFO /home/dvft1103/dvft11/uvm/apb_project/verification/env/apb_score_board.sv(51) @ 2240: uvm_test_top.env_h.sb_h [[SB]] [ACTIVE] paddr=0x60 pwrite=0 pwdata=0xbf3d361e prdata=0x3a50312a pslverr=0
UVM_INFO /home/dvft1103/dvft11/uvm/apb_project/verification/agent/apb_active_monitor.sv(85) @ 2240: uvm_test_top.env_h.act_agent_h.act_mon_h [[ACTIVE_MON]]  Transaction sent to scoreboard
UVM_INFO /home/dvft1103/dvft11/uvm/apb_project/verification/env/apb_score_board.sv(61) @ 2240: uvm_test_top.env_h.sb_h [[SB]] [PASSIVE] paddr=0x60 pwrite=0 pwdata=0xbf3d361e prdata=0x3a50312a pslverr=0
UVM_INFO /home/dvft1103/dvft11/uvm/apb_project/verification/env/apb_score_board.sv(159) @ 2240: uvm_test_top.env_h.sb_h [[SB]] [0000000000000000004300t] READ PASS :paddr=0x60 expected=0x3a50312a got=0x3a50312a
UVM_INFO /home/dvft1103/dvft11/uvm/apb_project/verification/agent/apb_passive_monitor.sv(79) @ 2240: uvm_test_top.env_h.pas_agent_h.pas_mon_h [[PASSIVE_MON]]  Transaction sent to scoreboard
UVM_INFO /home/dvft1103/dvft11/uvm/apb_project/verification/agent/apb_driver.sv(110) @ 2245: uvm_test_top.env_h.act_agent_h.drv_h [[DRV]] Transaction completed
UVM_ERROR @ 2245: uvm_test_top.env_h.act_agent_h.seqr_h@@rw_h [uvm_test_top.env_h.act_agent_h.seqr_h.rw_h] Response queue overflow, response was dropped
UVM_INFO /home/dvft1103/dvft11/uvm/apb_project/verification/test/apb_rw_seq.sv(43) @ 2255: uvm_test_top.env_h.act_agent_h.seqr_h@@rw_h [apb_rw_seq] Dispalying From apb_rw_seq=--------------------------------------------------------------------------------------------------
Name                           Type               Size  Value                                     
--------------------------------------------------------------------------------------------------
seq_h                          apb_sequence_item  -     @6450                                     
  psel                         integral           1     'h0                                       
  continuous_psel              integral           1     'h0                                       
  penable                      integral           1     'h0                                       
  pready                       integral           1     'h0                                       
  paddr                        integral           32    'h3b                                      
  pwrite                       integral           1     'h1                                       
  prdata                       integral           32    'h0                                       
  pwdata                       integral           32    'hb6df299e                                
  pslverr                      integral           1     'h0                                       
  apb_state                    apb_state_e        2     ""                                        
  begin_time                   time               64    2255                                      
  depth                        int                32    'd2                                       
  parent sequence (name)       string             4     rw_h                                      
  parent sequence (full name)  string             42    uvm_test_top.env_h.act_agent_h.seqr_h.rw_h
  sequencer                    string             37    uvm_test_top.env_h.act_agent_h.seqr_h     
--------------------------------------------------------------------------------------------------

UVM_INFO /home/dvft1103/dvft11/uvm/apb_project/verification/agent/apb_driver.sv(52) @ 2255: uvm_test_top.env_h.act_agent_h.drv_h [DRIVER] Displaying from apb_driver=--------------------------------------------------------------------------------------------------
Name                           Type               Size  Value                                     
--------------------------------------------------------------------------------------------------
seq_h                          apb_sequence_item  -     @6450                                     
  psel                         integral           1     'h0                                       
  continuous_psel              integral           1     'h0                                       
  penable                      integral           1     'h0                                       
  pready                       integral           1     'h0                                       
  paddr                        integral           32    'h3b                                      
  pwrite                       integral           1     'h1                                       
  prdata                       integral           32    'h0                                       
  pwdata                       integral           32    'hb6df299e                                
  pslverr                      integral           1     'h0                                       
  apb_state                    apb_state_e        2     ""                                        
  begin_time                   time               64    2255                                      
  depth                        int                32    'd2                                       
  parent sequence (name)       string             4     rw_h                                      
  parent sequence (full name)  string             42    uvm_test_top.env_h.act_agent_h.seqr_h.rw_h
  sequencer                    string             37    uvm_test_top.env_h.act_agent_h.seqr_h     
--------------------------------------------------------------------------------------------------

UVM_INFO /home/dvft1103/dvft11/uvm/apb_project/verification/agent/apb_driver.sv(63) @ 2255: uvm_test_top.env_h.act_agent_h.drv_h [[DRV]] Entered SETUP State
UVM_INFO /home/dvft1103/dvft11/uvm/apb_project/verification/env/apb_score_board.sv(51) @ 2260: uvm_test_top.env_h.sb_h [[SB]] [ACTIVE] paddr=0x0 pwrite=0 pwdata=0x0 prdata=0x0 pslverr=0
UVM_INFO /home/dvft1103/dvft11/uvm/apb_project/verification/agent/apb_active_monitor.sv(57) @ 2260: uvm_test_top.env_h.act_agent_h.act_mon_h [[ACTIVE_MON]] setup detected:::::- ------------------------------------------------------
Name               Type               Size  Value     
------------------------------------------------------
seq_h              apb_sequence_item  -     @6464     
  psel             integral           1     'h1       
  continuous_psel  integral           1     'h0       
  penable          integral           1     'h0       
  pready           integral           1     'h1       
  paddr            integral           32    'h3b      
  pwrite           integral           1     'h1       
  prdata           integral           32    'h0       
  pwdata           integral           32    'hb6df299e
  pslverr          integral           1     'h0       
  apb_state        apb_state_e        2     IDLE      
------------------------------------------------------

UVM_INFO /home/dvft1103/dvft11/uvm/apb_project/verification/env/apb_score_board.sv(51) @ 2260: uvm_test_top.env_h.sb_h [[SB]] [ACTIVE] paddr=0x3b pwrite=1 pwdata=0xb6df299e prdata=0x0 pslverr=0
UVM_INFO /home/dvft1103/dvft11/uvm/apb_project/verification/env/apb_score_board.sv(61) @ 2260: uvm_test_top.env_h.sb_h [[SB]] [PASSIVE] paddr=0x0 pwrite=0 pwdata=0x0 prdata=0x0 pslverr=0
UVM_WARNING /home/dvft1103/dvft11/uvm/apb_project/verification/env/apb_score_board.sv(150) @ 2260: uvm_test_top.env_h.sb_h [[SB]] [2260] READ from uninitialised addr 0x0 --- no ref
UVM_INFO /home/dvft1103/dvft11/uvm/apb_project/verification/agent/apb_passive_monitor.sv(52) @ 2260: uvm_test_top.env_h.pas_agent_h.pas_mon_h [[PASSIVE_MON]] setup detected:::::- ------------------------------------------------------
Name               Type               Size  Value     
------------------------------------------------------
seq_h              apb_sequence_item  -     @6490     
  psel             integral           1     'h1       
  continuous_psel  integral           1     'h0       
  penable          integral           1     'h0       
  pready           integral           1     'h1       
  paddr            integral           32    'h3b      
  pwrite           integral           1     'h1       
  prdata           integral           32    'h0       
  pwdata           integral           32    'hb6df299e
  pslverr          integral           1     'h0       
  apb_state        apb_state_e        2     IDLE      
------------------------------------------------------

UVM_INFO /home/dvft1103/dvft11/uvm/apb_project/verification/env/apb_score_board.sv(61) @ 2260: uvm_test_top.env_h.sb_h [[SB]] [PASSIVE] paddr=0x3b pwrite=1 pwdata=0xb6df299e prdata=0x0 pslverr=0
UVM_INFO /home/dvft1103/dvft11/uvm/apb_project/verification/env/apb_score_board.sv(128) @ 2260: uvm_test_top.env_h.sb_h [[SB]] [2260]WRITE PASS:mem[0x3b]=0xb6df299e
UVM_INFO /home/dvft1103/dvft11/uvm/apb_project/verification/agent/apb_driver.sv(81) @ 2265: uvm_test_top.env_h.act_agent_h.drv_h [[DRV]] Entered ACCESS State
UVM_INFO /home/dvft1103/dvft11/uvm/apb_project/verification/env/apb_score_board.sv(51) @ 2270: uvm_test_top.env_h.sb_h [[SB]] [ACTIVE] paddr=0x3b pwrite=1 pwdata=0xb6df299e prdata=0x0 pslverr=0
UVM_INFO /home/dvft1103/dvft11/uvm/apb_project/verification/env/apb_score_board.sv(61) @ 2270: uvm_test_top.env_h.sb_h [[SB]] [PASSIVE] paddr=0x3b pwrite=1 pwdata=0xb6df299e prdata=0x0 pslverr=0
UVM_INFO /home/dvft1103/dvft11/uvm/apb_project/verification/env/apb_score_board.sv(128) @ 2270: uvm_test_top.env_h.sb_h [[SB]] [2270]WRITE PASS:mem[0x3b]=0xb6df299e
UVM_INFO /home/dvft1103/dvft11/uvm/apb_project/verification/agent/apb_driver.sv(107) @ 2285: uvm_test_top.env_h.act_agent_h.drv_h [[DRV]] Pready occured at wait_count=1 59 3068078494
UVM_INFO /home/dvft1103/dvft11/uvm/apb_project/verification/env/apb_score_board.sv(51) @ 2290: uvm_test_top.env_h.sb_h [[SB]] [ACTIVE] paddr=0x3b pwrite=1 pwdata=0xb6df299e prdata=0x0 pslverr=0
UVM_INFO /home/dvft1103/dvft11/uvm/apb_project/verification/agent/apb_active_monitor.sv(85) @ 2290: uvm_test_top.env_h.act_agent_h.act_mon_h [[ACTIVE_MON]]  Transaction sent to scoreboard
UVM_INFO /home/dvft1103/dvft11/uvm/apb_project/verification/env/apb_score_board.sv(61) @ 2290: uvm_test_top.env_h.sb_h [[SB]] [PASSIVE] paddr=0x3b pwrite=1 pwdata=0xb6df299e prdata=0x0 pslverr=0
UVM_INFO /home/dvft1103/dvft11/uvm/apb_project/verification/env/apb_score_board.sv(128) @ 2290: uvm_test_top.env_h.sb_h [[SB]] [2290]WRITE PASS:mem[0x3b]=0xb6df299e
UVM_INFO /home/dvft1103/dvft11/uvm/apb_project/verification/agent/apb_passive_monitor.sv(79) @ 2290: uvm_test_top.env_h.pas_agent_h.pas_mon_h [[PASSIVE_MON]]  Transaction sent to scoreboard
UVM_INFO /home/dvft1103/dvft11/uvm/apb_project/verification/agent/apb_driver.sv(110) @ 2295: uvm_test_top.env_h.act_agent_h.drv_h [[DRV]] Transaction completed
UVM_ERROR @ 2295: uvm_test_top.env_h.act_agent_h.seqr_h@@rw_h [uvm_test_top.env_h.act_agent_h.seqr_h.rw_h] Response queue overflow, response was dropped
UVM_INFO /home/dvft1103/dvft11/uvm/apb_project/verification/test/apb_rw_seq.sv(43) @ 2305: uvm_test_top.env_h.act_agent_h.seqr_h@@rw_h [apb_rw_seq] Dispalying From apb_rw_seq=--------------------------------------------------------------------------------------------------
Name                           Type               Size  Value                                     
--------------------------------------------------------------------------------------------------
seq_h                          apb_sequence_item  -     @6576                                     
  psel                         integral           1     'h0                                       
  continuous_psel              integral           1     'h0                                       
  penable                      integral           1     'h0                                       
  pready                       integral           1     'h0                                       
  paddr                        integral           32    'h3b                                      
  pwrite                       integral           1     'h0                                       
  prdata                       integral           32    'h0                                       
  pwdata                       integral           32    'h7d5af425                                
  pslverr                      integral           1     'h0                                       
  apb_state                    apb_state_e        2     ""                                        
  begin_time                   time               64    2305                                      
  depth                        int                32    'd2                                       
  parent sequence (name)       string             4     rw_h                                      
  parent sequence (full name)  string             42    uvm_test_top.env_h.act_agent_h.seqr_h.rw_h
  sequencer                    string             37    uvm_test_top.env_h.act_agent_h.seqr_h     
--------------------------------------------------------------------------------------------------

UVM_INFO /home/dvft1103/dvft11/uvm/apb_project/verification/agent/apb_driver.sv(52) @ 2305: uvm_test_top.env_h.act_agent_h.drv_h [DRIVER] Displaying from apb_driver=--------------------------------------------------------------------------------------------------
Name                           Type               Size  Value                                     
--------------------------------------------------------------------------------------------------
seq_h                          apb_sequence_item  -     @6576                                     
  psel                         integral           1     'h0                                       
  continuous_psel              integral           1     'h0                                       
  penable                      integral           1     'h0                                       
  pready                       integral           1     'h0                                       
  paddr                        integral           32    'h3b                                      
  pwrite                       integral           1     'h0                                       
  prdata                       integral           32    'h0                                       
  pwdata                       integral           32    'h7d5af425                                
  pslverr                      integral           1     'h0                                       
  apb_state                    apb_state_e        2     ""                                        
  begin_time                   time               64    2305                                      
  depth                        int                32    'd2                                       
  parent sequence (name)       string             4     rw_h                                      
  parent sequence (full name)  string             42    uvm_test_top.env_h.act_agent_h.seqr_h.rw_h
  sequencer                    string             37    uvm_test_top.env_h.act_agent_h.seqr_h     
--------------------------------------------------------------------------------------------------

UVM_INFO /home/dvft1103/dvft11/uvm/apb_project/verification/agent/apb_driver.sv(63) @ 2305: uvm_test_top.env_h.act_agent_h.drv_h [[DRV]] Entered SETUP State
UVM_INFO /home/dvft1103/dvft11/uvm/apb_project/verification/env/apb_score_board.sv(51) @ 2310: uvm_test_top.env_h.sb_h [[SB]] [ACTIVE] paddr=0x0 pwrite=0 pwdata=0x0 prdata=0x0 pslverr=0
UVM_INFO /home/dvft1103/dvft11/uvm/apb_project/verification/agent/apb_active_monitor.sv(57) @ 2310: uvm_test_top.env_h.act_agent_h.act_mon_h [[ACTIVE_MON]] setup detected:::::- ------------------------------------------------------
Name               Type               Size  Value     
------------------------------------------------------
seq_h              apb_sequence_item  -     @6590     
  psel             integral           1     'h1       
  continuous_psel  integral           1     'h0       
  penable          integral           1     'h0       
  pready           integral           1     'h1       
  paddr            integral           32    'h3b      
  pwrite           integral           1     'h0       
  prdata           integral           32    'h0       
  pwdata           integral           32    'h7d5af425
  pslverr          integral           1     'h0       
  apb_state        apb_state_e        2     IDLE      
------------------------------------------------------

UVM_INFO /home/dvft1103/dvft11/uvm/apb_project/verification/env/apb_score_board.sv(51) @ 2310: uvm_test_top.env_h.sb_h [[SB]] [ACTIVE] paddr=0x3b pwrite=0 pwdata=0x7d5af425 prdata=0x0 pslverr=0
UVM_INFO /home/dvft1103/dvft11/uvm/apb_project/verification/env/apb_score_board.sv(61) @ 2310: uvm_test_top.env_h.sb_h [[SB]] [PASSIVE] paddr=0x0 pwrite=0 pwdata=0x0 prdata=0x0 pslverr=0
UVM_WARNING /home/dvft1103/dvft11/uvm/apb_project/verification/env/apb_score_board.sv(150) @ 2310: uvm_test_top.env_h.sb_h [[SB]] [2310] READ from uninitialised addr 0x0 --- no ref
UVM_INFO /home/dvft1103/dvft11/uvm/apb_project/verification/agent/apb_passive_monitor.sv(52) @ 2310: uvm_test_top.env_h.pas_agent_h.pas_mon_h [[PASSIVE_MON]] setup detected:::::- ------------------------------------------------------
Name               Type               Size  Value     
------------------------------------------------------
seq_h              apb_sequence_item  -     @6616     
  psel             integral           1     'h1       
  continuous_psel  integral           1     'h0       
  penable          integral           1     'h0       
  pready           integral           1     'h1       
  paddr            integral           32    'h3b      
  pwrite           integral           1     'h0       
  prdata           integral           32    'h0       
  pwdata           integral           32    'h7d5af425
  pslverr          integral           1     'h0       
  apb_state        apb_state_e        2     IDLE      
------------------------------------------------------

UVM_INFO /home/dvft1103/dvft11/uvm/apb_project/verification/env/apb_score_board.sv(61) @ 2310: uvm_test_top.env_h.sb_h [[SB]] [PASSIVE] paddr=0x3b pwrite=0 pwdata=0x7d5af425 prdata=0x0 pslverr=0
UVM_INFO /home/dvft1103/dvft11/uvm/apb_project/verification/agent/apb_driver.sv(81) @ 2315: uvm_test_top.env_h.act_agent_h.drv_h [[DRV]] Entered ACCESS State
UVM_INFO /home/dvft1103/dvft11/uvm/apb_project/verification/env/apb_score_board.sv(51) @ 2320: uvm_test_top.env_h.sb_h [[SB]] [ACTIVE] paddr=0x3b pwrite=0 pwdata=0x7d5af425 prdata=0x0 pslverr=0
UVM_INFO /home/dvft1103/dvft11/uvm/apb_project/verification/env/apb_score_board.sv(61) @ 2320: uvm_test_top.env_h.sb_h [[SB]] [PASSIVE] paddr=0x3b pwrite=0 pwdata=0x7d5af425 prdata=0x0 pslverr=0
UVM_INFO /home/dvft1103/dvft11/uvm/apb_project/verification/agent/apb_driver.sv(107) @ 2325: uvm_test_top.env_h.act_agent_h.drv_h [[DRV]] Pready occured at wait_count=0 59 2103112741
UVM_INFO /home/dvft1103/dvft11/uvm/apb_project/verification/env/apb_score_board.sv(51) @ 2330: uvm_test_top.env_h.sb_h [[SB]] [ACTIVE] paddr=0x3b pwrite=0 pwdata=0x7d5af425 prdata=0xb6df299e pslverr=0
UVM_INFO /home/dvft1103/dvft11/uvm/apb_project/verification/agent/apb_active_monitor.sv(85) @ 2330: uvm_test_top.env_h.act_agent_h.act_mon_h [[ACTIVE_MON]]  Transaction sent to scoreboard
UVM_INFO /home/dvft1103/dvft11/uvm/apb_project/verification/env/apb_score_board.sv(61) @ 2330: uvm_test_top.env_h.sb_h [[SB]] [PASSIVE] paddr=0x3b pwrite=0 pwdata=0x7d5af425 prdata=0xb6df299e pslverr=0
UVM_INFO /home/dvft1103/dvft11/uvm/apb_project/verification/env/apb_score_board.sv(159) @ 2330: uvm_test_top.env_h.sb_h [[SB]] [0000000000000000004432t] READ PASS :paddr=0x3b expected=0xb6df299e got=0xb6df299e
UVM_INFO /home/dvft1103/dvft11/uvm/apb_project/verification/agent/apb_passive_monitor.sv(79) @ 2330: uvm_test_top.env_h.pas_agent_h.pas_mon_h [[PASSIVE_MON]]  Transaction sent to scoreboard
UVM_INFO /home/dvft1103/dvft11/uvm/apb_project/verification/agent/apb_driver.sv(110) @ 2335: uvm_test_top.env_h.act_agent_h.drv_h [[DRV]] Transaction completed
UVM_ERROR @ 2335: uvm_test_top.env_h.act_agent_h.seqr_h@@rw_h [uvm_test_top.env_h.act_agent_h.seqr_h.rw_h] Response queue overflow, response was dropped
UVM_INFO /home/dvft1103/dvft11/uvm/apb_project/verification/test/apb_rw_seq.sv(43) @ 2345: uvm_test_top.env_h.act_agent_h.seqr_h@@rw_h [apb_rw_seq] Dispalying From apb_rw_seq=--------------------------------------------------------------------------------------------------
Name                           Type               Size  Value                                     
--------------------------------------------------------------------------------------------------
seq_h                          apb_sequence_item  -     @6698                                     
  psel                         integral           1     'h0                                       
  continuous_psel              integral           1     'h0                                       
  penable                      integral           1     'h0                                       
  pready                       integral           1     'h0                                       
  paddr                        integral           32    'ha8                                      
  pwrite                       integral           1     'h1                                       
  prdata                       integral           32    'h0                                       
  pwdata                       integral           32    'h7529de29                                
  pslverr                      integral           1     'h0                                       
  apb_state                    apb_state_e        2     ""                                        
  begin_time                   time               64    2345                                      
  depth                        int                32    'd2                                       
  parent sequence (name)       string             4     rw_h                                      
  parent sequence (full name)  string             42    uvm_test_top.env_h.act_agent_h.seqr_h.rw_h
  sequencer                    string             37    uvm_test_top.env_h.act_agent_h.seqr_h     
--------------------------------------------------------------------------------------------------

UVM_INFO /home/dvft1103/dvft11/uvm/apb_project/verification/agent/apb_driver.sv(52) @ 2345: uvm_test_top.env_h.act_agent_h.drv_h [DRIVER] Displaying from apb_driver=--------------------------------------------------------------------------------------------------
Name                           Type               Size  Value                                     
--------------------------------------------------------------------------------------------------
seq_h                          apb_sequence_item  -     @6698                                     
  psel                         integral           1     'h0                                       
  continuous_psel              integral           1     'h0                                       
  penable                      integral           1     'h0                                       
  pready                       integral           1     'h0                                       
  paddr                        integral           32    'ha8                                      
  pwrite                       integral           1     'h1                                       
  prdata                       integral           32    'h0                                       
  pwdata                       integral           32    'h7529de29                                
  pslverr                      integral           1     'h0                                       
  apb_state                    apb_state_e        2     ""                                        
  begin_time                   time               64    2345                                      
  depth                        int                32    'd2                                       
  parent sequence (name)       string             4     rw_h                                      
  parent sequence (full name)  string             42    uvm_test_top.env_h.act_agent_h.seqr_h.rw_h
  sequencer                    string             37    uvm_test_top.env_h.act_agent_h.seqr_h     
--------------------------------------------------------------------------------------------------

UVM_INFO /home/dvft1103/dvft11/uvm/apb_project/verification/agent/apb_driver.sv(63) @ 2345: uvm_test_top.env_h.act_agent_h.drv_h [[DRV]] Entered SETUP State
UVM_INFO /home/dvft1103/dvft11/uvm/apb_project/verification/env/apb_score_board.sv(51) @ 2350: uvm_test_top.env_h.sb_h [[SB]] [ACTIVE] paddr=0x0 pwrite=0 pwdata=0x0 prdata=0x0 pslverr=0
UVM_INFO /home/dvft1103/dvft11/uvm/apb_project/verification/agent/apb_active_monitor.sv(57) @ 2350: uvm_test_top.env_h.act_agent_h.act_mon_h [[ACTIVE_MON]] setup detected:::::- ------------------------------------------------------
Name               Type               Size  Value     
------------------------------------------------------
seq_h              apb_sequence_item  -     @6712     
  psel             integral           1     'h1       
  continuous_psel  integral           1     'h0       
  penable          integral           1     'h0       
  pready           integral           1     'h1       
  paddr            integral           32    'ha8      
  pwrite           integral           1     'h1       
  prdata           integral           32    'h0       
  pwdata           integral           32    'h7529de29
  pslverr          integral           1     'h0       
  apb_state        apb_state_e        2     IDLE      
------------------------------------------------------

UVM_INFO /home/dvft1103/dvft11/uvm/apb_project/verification/env/apb_score_board.sv(51) @ 2350: uvm_test_top.env_h.sb_h [[SB]] [ACTIVE] paddr=0xa8 pwrite=1 pwdata=0x7529de29 prdata=0x0 pslverr=0
UVM_INFO /home/dvft1103/dvft11/uvm/apb_project/verification/env/apb_score_board.sv(61) @ 2350: uvm_test_top.env_h.sb_h [[SB]] [PASSIVE] paddr=0x0 pwrite=0 pwdata=0x0 prdata=0x0 pslverr=0
UVM_WARNING /home/dvft1103/dvft11/uvm/apb_project/verification/env/apb_score_board.sv(150) @ 2350: uvm_test_top.env_h.sb_h [[SB]] [2350] READ from uninitialised addr 0x0 --- no ref
UVM_INFO /home/dvft1103/dvft11/uvm/apb_project/verification/agent/apb_passive_monitor.sv(52) @ 2350: uvm_test_top.env_h.pas_agent_h.pas_mon_h [[PASSIVE_MON]] setup detected:::::- ------------------------------------------------------
Name               Type               Size  Value     
------------------------------------------------------
seq_h              apb_sequence_item  -     @6738     
  psel             integral           1     'h1       
  continuous_psel  integral           1     'h0       
  penable          integral           1     'h0       
  pready           integral           1     'h1       
  paddr            integral           32    'ha8      
  pwrite           integral           1     'h1       
  prdata           integral           32    'h0       
  pwdata           integral           32    'h7529de29
  pslverr          integral           1     'h0       
  apb_state        apb_state_e        2     IDLE      
------------------------------------------------------

UVM_INFO /home/dvft1103/dvft11/uvm/apb_project/verification/env/apb_score_board.sv(61) @ 2350: uvm_test_top.env_h.sb_h [[SB]] [PASSIVE] paddr=0xa8 pwrite=1 pwdata=0x7529de29 prdata=0x0 pslverr=0
UVM_INFO /home/dvft1103/dvft11/uvm/apb_project/verification/env/apb_score_board.sv(128) @ 2350: uvm_test_top.env_h.sb_h [[SB]] [2350]WRITE PASS:mem[0xa8]=0x7529de29
UVM_INFO /home/dvft1103/dvft11/uvm/apb_project/verification/agent/apb_driver.sv(81) @ 2355: uvm_test_top.env_h.act_agent_h.drv_h [[DRV]] Entered ACCESS State
UVM_INFO /home/dvft1103/dvft11/uvm/apb_project/verification/env/apb_score_board.sv(51) @ 2360: uvm_test_top.env_h.sb_h [[SB]] [ACTIVE] paddr=0xa8 pwrite=1 pwdata=0x7529de29 prdata=0x0 pslverr=0
UVM_INFO /home/dvft1103/dvft11/uvm/apb_project/verification/env/apb_score_board.sv(51) @ 2360: uvm_test_top.env_h.sb_h [[SB]] [ACTIVE] paddr=0xa8 pwrite=1 pwdata=0x7529de29 prdata=0x0 pslverr=0
UVM_INFO /home/dvft1103/dvft11/uvm/apb_project/verification/agent/apb_active_monitor.sv(85) @ 2360: uvm_test_top.env_h.act_agent_h.act_mon_h [[ACTIVE_MON]]  Transaction sent to scoreboard
UVM_INFO /home/dvft1103/dvft11/uvm/apb_project/verification/env/apb_score_board.sv(61) @ 2360: uvm_test_top.env_h.sb_h [[SB]] [PASSIVE] paddr=0xa8 pwrite=1 pwdata=0x7529de29 prdata=0x0 pslverr=0
UVM_INFO /home/dvft1103/dvft11/uvm/apb_project/verification/env/apb_score_board.sv(128) @ 2360: uvm_test_top.env_h.sb_h [[SB]] [2360]WRITE PASS:mem[0xa8]=0x7529de29
UVM_INFO /home/dvft1103/dvft11/uvm/apb_project/verification/env/apb_score_board.sv(61) @ 2360: uvm_test_top.env_h.sb_h [[SB]] [PASSIVE] paddr=0xa8 pwrite=1 pwdata=0x7529de29 prdata=0x0 pslverr=0
UVM_INFO /home/dvft1103/dvft11/uvm/apb_project/verification/env/apb_score_board.sv(128) @ 2360: uvm_test_top.env_h.sb_h [[SB]] [2360]WRITE PASS:mem[0xa8]=0x7529de29
UVM_INFO /home/dvft1103/dvft11/uvm/apb_project/verification/agent/apb_passive_monitor.sv(79) @ 2360: uvm_test_top.env_h.pas_agent_h.pas_mon_h [[PASSIVE_MON]]  Transaction sent to scoreboard
UVM_INFO /home/dvft1103/dvft11/uvm/apb_project/verification/agent/apb_driver.sv(107) @ 2365: uvm_test_top.env_h.act_agent_h.drv_h [[DRV]] Pready occured at wait_count=0 168 1965678121
UVM_INFO /home/dvft1103/dvft11/uvm/apb_project/verification/agent/apb_driver.sv(110) @ 2375: uvm_test_top.env_h.act_agent_h.drv_h [[DRV]] Transaction completed
UVM_ERROR @ 2375: uvm_test_top.env_h.act_agent_h.seqr_h@@rw_h [uvm_test_top.env_h.act_agent_h.seqr_h.rw_h] Response queue overflow, response was dropped
UVM_INFO /home/dvft1103/dvft11/uvm/apb_project/verification/test/apb_rw_seq.sv(43) @ 2385: uvm_test_top.env_h.act_agent_h.seqr_h@@rw_h [apb_rw_seq] Dispalying From apb_rw_seq=--------------------------------------------------------------------------------------------------
Name                           Type               Size  Value                                     
--------------------------------------------------------------------------------------------------
seq_h                          apb_sequence_item  -     @6824                                     
  psel                         integral           1     'h0                                       
  continuous_psel              integral           1     'h0                                       
  penable                      integral           1     'h0                                       
  pready                       integral           1     'h0                                       
  paddr                        integral           32    'ha8                                      
  pwrite                       integral           1     'h0                                       
  prdata                       integral           32    'h0                                       
  pwdata                       integral           32    'h5b9cdb7                                 
  pslverr                      integral           1     'h0                                       
  apb_state                    apb_state_e        2     ""                                        
  begin_time                   time               64    2385                                      
  depth                        int                32    'd2                                       
  parent sequence (name)       string             4     rw_h                                      
  parent sequence (full name)  string             42    uvm_test_top.env_h.act_agent_h.seqr_h.rw_h
  sequencer                    string             37    uvm_test_top.env_h.act_agent_h.seqr_h     
--------------------------------------------------------------------------------------------------

UVM_INFO /home/dvft1103/dvft11/uvm/apb_project/verification/agent/apb_driver.sv(52) @ 2385: uvm_test_top.env_h.act_agent_h.drv_h [DRIVER] Displaying from apb_driver=--------------------------------------------------------------------------------------------------
Name                           Type               Size  Value                                     
--------------------------------------------------------------------------------------------------
seq_h                          apb_sequence_item  -     @6824                                     
  psel                         integral           1     'h0                                       
  continuous_psel              integral           1     'h0                                       
  penable                      integral           1     'h0                                       
  pready                       integral           1     'h0                                       
  paddr                        integral           32    'ha8                                      
  pwrite                       integral           1     'h0                                       
  prdata                       integral           32    'h0                                       
  pwdata                       integral           32    'h5b9cdb7                                 
  pslverr                      integral           1     'h0                                       
  apb_state                    apb_state_e        2     ""                                        
  begin_time                   time               64    2385                                      
  depth                        int                32    'd2                                       
  parent sequence (name)       string             4     rw_h                                      
  parent sequence (full name)  string             42    uvm_test_top.env_h.act_agent_h.seqr_h.rw_h
  sequencer                    string             37    uvm_test_top.env_h.act_agent_h.seqr_h     
--------------------------------------------------------------------------------------------------

UVM_INFO /home/dvft1103/dvft11/uvm/apb_project/verification/agent/apb_driver.sv(63) @ 2385: uvm_test_top.env_h.act_agent_h.drv_h [[DRV]] Entered SETUP State
UVM_INFO /home/dvft1103/dvft11/uvm/apb_project/verification/env/apb_score_board.sv(51) @ 2390: uvm_test_top.env_h.sb_h [[SB]] [ACTIVE] paddr=0x0 pwrite=0 pwdata=0x0 prdata=0x0 pslverr=0
UVM_INFO /home/dvft1103/dvft11/uvm/apb_project/verification/agent/apb_active_monitor.sv(57) @ 2390: uvm_test_top.env_h.act_agent_h.act_mon_h [[ACTIVE_MON]] setup detected:::::- -----------------------------------------------------
Name               Type               Size  Value    
-----------------------------------------------------
seq_h              apb_sequence_item  -     @6838    
  psel             integral           1     'h1      
  continuous_psel  integral           1     'h0      
  penable          integral           1     'h0      
  pready           integral           1     'h0      
  paddr            integral           32    'ha8     
  pwrite           integral           1     'h0      
  prdata           integral           32    'h0      
  pwdata           integral           32    'h5b9cdb7
  pslverr          integral           1     'h0      
  apb_state        apb_state_e        2     IDLE     
-----------------------------------------------------

UVM_INFO /home/dvft1103/dvft11/uvm/apb_project/verification/env/apb_score_board.sv(51) @ 2390: uvm_test_top.env_h.sb_h [[SB]] [ACTIVE] paddr=0xa8 pwrite=0 pwdata=0x5b9cdb7 prdata=0x0 pslverr=0
UVM_INFO /home/dvft1103/dvft11/uvm/apb_project/verification/env/apb_score_board.sv(61) @ 2390: uvm_test_top.env_h.sb_h [[SB]] [PASSIVE] paddr=0x0 pwrite=0 pwdata=0x0 prdata=0x0 pslverr=0
UVM_WARNING /home/dvft1103/dvft11/uvm/apb_project/verification/env/apb_score_board.sv(150) @ 2390: uvm_test_top.env_h.sb_h [[SB]] [2390] READ from uninitialised addr 0x0 --- no ref
UVM_INFO /home/dvft1103/dvft11/uvm/apb_project/verification/agent/apb_passive_monitor.sv(52) @ 2390: uvm_test_top.env_h.pas_agent_h.pas_mon_h [[PASSIVE_MON]] setup detected:::::- -----------------------------------------------------
Name               Type               Size  Value    
-----------------------------------------------------
seq_h              apb_sequence_item  -     @6864    
  psel             integral           1     'h1      
  continuous_psel  integral           1     'h0      
  penable          integral           1     'h0      
  pready           integral           1     'h0      
  paddr            integral           32    'ha8     
  pwrite           integral           1     'h0      
  prdata           integral           32    'h0      
  pwdata           integral           32    'h5b9cdb7
  pslverr          integral           1     'h0      
  apb_state        apb_state_e        2     IDLE     
-----------------------------------------------------

UVM_INFO /home/dvft1103/dvft11/uvm/apb_project/verification/env/apb_score_board.sv(61) @ 2390: uvm_test_top.env_h.sb_h [[SB]] [PASSIVE] paddr=0xa8 pwrite=0 pwdata=0x5b9cdb7 prdata=0x0 pslverr=0
UVM_INFO /home/dvft1103/dvft11/uvm/apb_project/verification/agent/apb_driver.sv(81) @ 2395: uvm_test_top.env_h.act_agent_h.drv_h [[DRV]] Entered ACCESS State
UVM_INFO /home/dvft1103/dvft11/uvm/apb_project/verification/env/apb_score_board.sv(51) @ 2400: uvm_test_top.env_h.sb_h [[SB]] [ACTIVE] paddr=0xa8 pwrite=0 pwdata=0x5b9cdb7 prdata=0x0 pslverr=0
UVM_INFO /home/dvft1103/dvft11/uvm/apb_project/verification/env/apb_score_board.sv(51) @ 2400: uvm_test_top.env_h.sb_h [[SB]] [ACTIVE] paddr=0xa8 pwrite=0 pwdata=0x5b9cdb7 prdata=0x0 pslverr=0
UVM_INFO /home/dvft1103/dvft11/uvm/apb_project/verification/agent/apb_active_monitor.sv(85) @ 2400: uvm_test_top.env_h.act_agent_h.act_mon_h [[ACTIVE_MON]]  Transaction sent to scoreboard
UVM_INFO /home/dvft1103/dvft11/uvm/apb_project/verification/env/apb_score_board.sv(61) @ 2400: uvm_test_top.env_h.sb_h [[SB]] [PASSIVE] paddr=0xa8 pwrite=0 pwdata=0x5b9cdb7 prdata=0x0 pslverr=0
UVM_INFO /home/dvft1103/dvft11/uvm/apb_project/verification/env/apb_score_board.sv(61) @ 2400: uvm_test_top.env_h.sb_h [[SB]] [PASSIVE] paddr=0xa8 pwrite=0 pwdata=0x5b9cdb7 prdata=0x0 pslverr=0
UVM_INFO /home/dvft1103/dvft11/uvm/apb_project/verification/agent/apb_passive_monitor.sv(79) @ 2400: uvm_test_top.env_h.pas_agent_h.pas_mon_h [[PASSIVE_MON]]  Transaction sent to scoreboard
UVM_INFO /home/dvft1103/dvft11/uvm/apb_project/verification/agent/apb_driver.sv(107) @ 2405: uvm_test_top.env_h.act_agent_h.drv_h [[DRV]] Pready occured at wait_count=0 168 96062903
UVM_INFO /home/dvft1103/dvft11/uvm/apb_project/verification/agent/apb_driver.sv(110) @ 2415: uvm_test_top.env_h.act_agent_h.drv_h [[DRV]] Transaction completed
UVM_ERROR @ 2415: uvm_test_top.env_h.act_agent_h.seqr_h@@rw_h [uvm_test_top.env_h.act_agent_h.seqr_h.rw_h] Response queue overflow, response was dropped
UVM_INFO /app/synopsys/installers/vcs/W-2024.09//etc/uvm-1.2/base/uvm_objection.svh(1276) @ 2425: reporter [TEST_DONE] 'run' phase is ready to proceed to the 'extract' phase
UVM_INFO /home/dvft1103/dvft11/uvm/apb_project/verification/env/apb_score_board.sv(187) @ 2425: uvm_test_top.env_h.sb_h [SB] ------------------------------
UVM_INFO /home/dvft1103/dvft11/uvm/apb_project/verification/env/apb_score_board.sv(188) @ 2425: uvm_test_top.env_h.sb_h [SB]      SCOREBOARD SUMMARY      
UVM_INFO /home/dvft1103/dvft11/uvm/apb_project/verification/env/apb_score_board.sv(189) @ 2425: uvm_test_top.env_h.sb_h [SB] ------------------------------
UVM_INFO /home/dvft1103/dvft11/uvm/apb_project/verification/env/apb_score_board.sv(190) @ 2425: uvm_test_top.env_h.sb_h [SB]  TOTAL :200
UVM_INFO /home/dvft1103/dvft11/uvm/apb_project/verification/env/apb_score_board.sv(191) @ 2425: uvm_test_top.env_h.sb_h [SB]  PASS :65
UVM_INFO /home/dvft1103/dvft11/uvm/apb_project/verification/env/apb_score_board.sv(192) @ 2425: uvm_test_top.env_h.sb_h [SB]  FAIL :110
UVM_INFO /home/dvft1103/dvft11/uvm/apb_project/verification/env/apb_score_board.sv(193) @ 2425: uvm_test_top.env_h.sb_h [SB] ------------------------------
UVM_INFO /home/dvft1103/dvft11/uvm/apb_project/verification/env/apb_score_board.sv(199) @ 2425: uvm_test_top.env_h.sb_h [SB] ------------------------------
UVM_INFO /app/synopsys/installers/vcs/W-2024.09//etc/uvm-1.2/base/uvm_report_catcher.svh(705) @ 2425: reporter [UVM/REPORT/CATCHER] 
--- UVM Report catcher Summary ---


Number of demoted UVM_FATAL reports  :    0
Number of demoted UVM_ERROR reports  :    0
Number of demoted UVM_WARNING reports:    0
Number of caught UVM_FATAL reports   :    0
Number of caught UVM_ERROR reports   :    0
Number of caught UVM_WARNING reports :    0

UVM_INFO /app/synopsys/installers/vcs/W-2024.09//etc/uvm-1.2/base/uvm_report_server.svh(904) @ 2425: reporter [UVM/REPORT/SERVER] 
--- UVM Report Summary ---

** Report counts by severity
UVM_INFO :  979
UVM_WARNING :  100
UVM_ERROR :   0
UVM_FATAL :    0
** Report counts by id
[APB_TOP]     1
[DRIVER]    50
[DRV]     1
[RNTST]     1
[SB]     8
[TEST_DONE]     1
[UVM/RELNOTES]     1
[UVM/REPORT/CATCHER]     1
[[ACTIVE_MON]]   100
[[DRV]]   200
[[PASSIVE_MON]]   100
[[SB]]   575
[apb_error_seq]    10
[apb_read_seq]    10
[apb_rw_seq]    20
[uvm_test_top.env_h.act_agent_h.seqr_h.error_h]     2
[uvm_test_top.env_h.act_agent_h.seqr_h.read_h]     2
[uvm_test_top.env_h.act_agent_h.seqr_h.rw_h]    12
[uvm_test_top.env_h.act_agent_h.seqr_h.write_h]     2
[w_seq]    10

$finish called from file "/app/synopsys/installers/vcs/W-2024.09//etc/uvm-1.2/base/uvm_root.svh", line 527.
$finish at simulation time                 2425

---------------------------------------------------------------------------
VCS Coverage Metrics: during simulation line, cond, FSM, branch, tgl was monitored
---------------------------------------------------------------------------
           V C S   S i m u l a t i o n   R e p o r t 
Time: 2425
CPU Time:      0.460 seconds;       Data structure size:   0.6Mb
Thu May 21 23:14:34 2026
CPU time: 12.589 seconds to compile + .351 seconds to elab + 1.248 seconds to link + .506 seconds in simulation
Verdi KDB elaboration done and the database successfully generated
