Command: vcs -full64 -sverilog -R -debug_access+all -ntb_opts uvm-1.2 apb_top.sv \
-l debug.log +continuous_psel=1 -cm line+tgl+cond+fsm+assert
                         Chronologic VCS (TM)
         Version W-2024.09_Full64 -- Wed May 13 15:35:57 2026

                    Copyright (c) 1991 - 2024 Synopsys, Inc.
   This software and the associated documentation are proprietary to Synopsys,
 Inc. This software may only be used in accordance with the terms and conditions
 of a written license agreement with Synopsys, Inc. All other use, reproduction,
   or distribution of this software is strictly prohibited.  Licensed Products
     communicate with Synopsys servers for the purpose of providing software
    updates, detecting software piracy and verifying that customers are using
    Licensed Products in conformity with the applicable License Key for such
  Licensed Products. Synopsys will use information gathered in connection with
    this process to deliver software updates and pursue software pirates and
                                   infringers.

 Inclusivity & Diversity - Visit SolvNetPlus to read the "Synopsys Statement on
            Inclusivity and Diversity" (Refer to article 000036315 at
                        https://solvnetplus.synopsys.com)

Parsing design file '/app/synopsys/installers/vcs/W-2024.09//etc/uvm-1.2/uvm_pkg.sv'
Parsing included file '/app/synopsys/installers/vcs/W-2024.09//etc/uvm-1.2/uvm_macros.svh'.
Parsing included file '/app/synopsys/installers/vcs/W-2024.09//etc/uvm-1.2/macros/uvm_version_defines.svh'.
Back to file '/app/synopsys/installers/vcs/W-2024.09//etc/uvm-1.2/uvm_macros.svh'.
Parsing included file '/app/synopsys/installers/vcs/W-2024.09//etc/uvm-1.2/macros/uvm_global_defines.svh'.
Back to file '/app/synopsys/installers/vcs/W-2024.09//etc/uvm-1.2/uvm_macros.svh'.
Parsing included file '/app/synopsys/installers/vcs/W-2024.09//etc/uvm-1.2/macros/snps_macros.svp'.
Back to file '/app/synopsys/installers/vcs/W-2024.09//etc/uvm-1.2/uvm_macros.svh'.
Parsing included file '/app/synopsys/installers/vcs/W-2024.09//etc/uvm-1.2/macros/uvm_message_defines.svh'.
Back to file '/app/synopsys/installers/vcs/W-2024.09//etc/uvm-1.2/uvm_macros.svh'.
Parsing included file '/app/synopsys/installers/vcs/W-2024.09//etc/uvm-1.2/macros/uvm_phase_defines.svh'.
Back to file '/app/synopsys/installers/vcs/W-2024.09//etc/uvm-1.2/uvm_macros.svh'.
Parsing included file '/app/synopsys/installers/vcs/W-2024.09//etc/uvm-1.2/macros/uvm_object_defines.svh'.
Back to file '/app/synopsys/installers/vcs/W-2024.09//etc/uvm-1.2/uvm_macros.svh'.
Parsing included file '/app/synopsys/installers/vcs/W-2024.09//etc/uvm-1.2/macros/uvm_printer_defines.svh'.
Back to file '/app/synopsys/installers/vcs/W-2024.09//etc/uvm-1.2/uvm_macros.svh'.
Parsing included file '/app/synopsys/installers/vcs/W-2024.09//etc/uvm-1.2/macros/uvm_tlm_defines.svh'.
Parsing included file '/app/synopsys/installers/vcs/W-2024.09//etc/uvm-1.2/tlm1/uvm_tlm_imps.svh'.
Back to file '/app/synopsys/installers/vcs/W-2024.09//etc/uvm-1.2/macros/uvm_tlm_defines.svh'.
Back to file '/app/synopsys/installers/vcs/W-2024.09//etc/uvm-1.2/uvm_macros.svh'.
Parsing included file '/app/synopsys/installers/vcs/W-2024.09//etc/uvm-1.2/macros/uvm_sequence_defines.svh'.
Back to file '/app/synopsys/installers/vcs/W-2024.09//etc/uvm-1.2/uvm_macros.svh'.
Parsing included file '/app/synopsys/installers/vcs/W-2024.09//etc/uvm-1.2/macros/uvm_callback_defines.svh'.
Back to file '/app/synopsys/installers/vcs/W-2024.09//etc/uvm-1.2/uvm_macros.svh'.
Parsing included file '/app/synopsys/installers/vcs/W-2024.09//etc/uvm-1.2/macros/uvm_reg_defines.svh'.
Back to file '/app/synopsys/installers/vcs/W-2024.09//etc/uvm-1.2/uvm_macros.svh'.
Parsing included file '/app/synopsys/installers/vcs/W-2024.09//etc/uvm-1.2/macros/uvm_deprecated_defines.svh'.
Back to file '/app/synopsys/installers/vcs/W-2024.09//etc/uvm-1.2/uvm_macros.svh'.
Back to file '/app/synopsys/installers/vcs/W-2024.09//etc/uvm-1.2/uvm_pkg.sv'.
Parsing included file '/app/synopsys/installers/vcs/W-2024.09//etc/uvm-1.2/dpi/uvm_dpi.svh'.
Parsing included file '/app/synopsys/installers/vcs/W-2024.09//etc/uvm-1.2/dpi/uvm_hdl.svh'.
Back to file '/app/synopsys/installers/vcs/W-2024.09//etc/uvm-1.2/dpi/uvm_dpi.svh'.
Parsing included file '/app/synopsys/installers/vcs/W-2024.09//etc/uvm-1.2/dpi/uvm_svcmd_dpi.svh'.
Back to file '/app/synopsys/installers/vcs/W-2024.09//etc/uvm-1.2/dpi/uvm_dpi.svh'.
Parsing included file '/app/synopsys/installers/vcs/W-2024.09//etc/uvm-1.2/dpi/uvm_regex.svh'.
Back to file '/app/synopsys/installers/vcs/W-2024.09//etc/uvm-1.2/dpi/uvm_dpi.svh'.
Back to file '/app/synopsys/installers/vcs/W-2024.09//etc/uvm-1.2/uvm_pkg.sv'.
Parsing included file '/app/synopsys/installers/vcs/W-2024.09//etc/uvm-1.2/base/uvm_base.svh'.
Parsing included file '/app/synopsys/installers/vcs/W-2024.09//etc/uvm-1.2/base/uvm_coreservice.svh'.
Back to file '/app/synopsys/installers/vcs/W-2024.09//etc/uvm-1.2/base/uvm_base.svh'.
Parsing included file '/app/synopsys/installers/vcs/W-2024.09//etc/uvm-1.2/base/uvm_version.svh'.
Back to file '/app/synopsys/installers/vcs/W-2024.09//etc/uvm-1.2/base/uvm_base.svh'.
Parsing included file '/app/synopsys/installers/vcs/W-2024.09//etc/uvm-1.2/base/uvm_object_globals.svh'.
Back to file '/app/synopsys/installers/vcs/W-2024.09//etc/uvm-1.2/base/uvm_base.svh'.
Parsing included file '/app/synopsys/installers/vcs/W-2024.09//etc/uvm-1.2/base/uvm_misc.svh'.
Back to file '/app/synopsys/installers/vcs/W-2024.09//etc/uvm-1.2/base/uvm_base.svh'.
Parsing included file '/app/synopsys/installers/vcs/W-2024.09//etc/uvm-1.2/base/uvm_object.svh'.
Back to file '/app/synopsys/installers/vcs/W-2024.09//etc/uvm-1.2/base/uvm_base.svh'.
Parsing included file '/app/synopsys/installers/vcs/W-2024.09//etc/uvm-1.2/base/uvm_pool.svh'.
Back to file '/app/synopsys/installers/vcs/W-2024.09//etc/uvm-1.2/base/uvm_base.svh'.
Parsing included file '/app/synopsys/installers/vcs/W-2024.09//etc/uvm-1.2/base/uvm_queue.svh'.
Back to file '/app/synopsys/installers/vcs/W-2024.09//etc/uvm-1.2/base/uvm_base.svh'.
Parsing included file '/app/synopsys/installers/vcs/W-2024.09//etc/uvm-1.2/base/uvm_factory.svh'.
Back to file '/app/synopsys/installers/vcs/W-2024.09//etc/uvm-1.2/base/uvm_base.svh'.
Parsing included file '/app/synopsys/installers/vcs/W-2024.09//etc/uvm-1.2/base/uvm_registry.svh'.
Back to file '/app/synopsys/installers/vcs/W-2024.09//etc/uvm-1.2/base/uvm_base.svh'.
Parsing included file '/app/synopsys/installers/vcs/W-2024.09//etc/uvm-1.2/base/uvm_spell_chkr.svh'.
Back to file '/app/synopsys/installers/vcs/W-2024.09//etc/uvm-1.2/base/uvm_base.svh'.
Parsing included file '/app/synopsys/installers/vcs/W-2024.09//etc/uvm-1.2/base/uvm_resource.svh'.
Back to file '/app/synopsys/installers/vcs/W-2024.09//etc/uvm-1.2/base/uvm_base.svh'.
Parsing included file '/app/synopsys/installers/vcs/W-2024.09//etc/uvm-1.2/base/uvm_resource_specializations.svh'.
Back to file '/app/synopsys/installers/vcs/W-2024.09//etc/uvm-1.2/base/uvm_base.svh'.
Parsing included file '/app/synopsys/installers/vcs/W-2024.09//etc/uvm-1.2/base/uvm_resource_db.svh'.
Back to file '/app/synopsys/installers/vcs/W-2024.09//etc/uvm-1.2/base/uvm_base.svh'.
Parsing included file '/app/synopsys/installers/vcs/W-2024.09//etc/uvm-1.2/base/uvm_config_db.svh'.
Back to file '/app/synopsys/installers/vcs/W-2024.09//etc/uvm-1.2/base/uvm_base.svh'.
Parsing included file '/app/synopsys/installers/vcs/W-2024.09//etc/uvm-1.2/base/uvm_printer.svh'.
Back to file '/app/synopsys/installers/vcs/W-2024.09//etc/uvm-1.2/base/uvm_base.svh'.
Parsing included file '/app/synopsys/installers/vcs/W-2024.09//etc/uvm-1.2/base/uvm_comparer.svh'.
Back to file '/app/synopsys/installers/vcs/W-2024.09//etc/uvm-1.2/base/uvm_base.svh'.
Parsing included file '/app/synopsys/installers/vcs/W-2024.09//etc/uvm-1.2/base/uvm_packer.svh'.
Back to file '/app/synopsys/installers/vcs/W-2024.09//etc/uvm-1.2/base/uvm_base.svh'.
Parsing included file '/app/synopsys/installers/vcs/W-2024.09//etc/uvm-1.2/base/uvm_links.svh'.
Back to file '/app/synopsys/installers/vcs/W-2024.09//etc/uvm-1.2/base/uvm_base.svh'.
Parsing included file '/app/synopsys/installers/vcs/W-2024.09//etc/uvm-1.2/base/uvm_tr_database.svh'.
Back to file '/app/synopsys/installers/vcs/W-2024.09//etc/uvm-1.2/base/uvm_base.svh'.
Parsing included file '/app/synopsys/installers/vcs/W-2024.09//etc/uvm-1.2/base/uvm_tr_stream.svh'.
Back to file '/app/synopsys/installers/vcs/W-2024.09//etc/uvm-1.2/base/uvm_base.svh'.
Parsing included file '/app/synopsys/installers/vcs/W-2024.09//etc/uvm-1.2/base/uvm_recorder.svh'.
Back to file '/app/synopsys/installers/vcs/W-2024.09//etc/uvm-1.2/base/uvm_base.svh'.
Parsing included file '/app/synopsys/installers/vcs/W-2024.09//etc/uvm-1.2/base/uvm_event_callback.svh'.
Back to file '/app/synopsys/installers/vcs/W-2024.09//etc/uvm-1.2/base/uvm_base.svh'.
Parsing included file '/app/synopsys/installers/vcs/W-2024.09//etc/uvm-1.2/base/uvm_event.svh'.
Back to file '/app/synopsys/installers/vcs/W-2024.09//etc/uvm-1.2/base/uvm_base.svh'.
Parsing included file '/app/synopsys/installers/vcs/W-2024.09//etc/uvm-1.2/base/uvm_barrier.svh'.
Back to file '/app/synopsys/installers/vcs/W-2024.09//etc/uvm-1.2/base/uvm_base.svh'.
Parsing included file '/app/synopsys/installers/vcs/W-2024.09//etc/uvm-1.2/base/uvm_callback.svh'.
Parsing included file '/app/synopsys/installers/vcs/W-2024.09//etc/uvm-1.2/uvm_macros.svh'.
Back to file '/app/synopsys/installers/vcs/W-2024.09//etc/uvm-1.2/base/uvm_callback.svh'.
Back to file '/app/synopsys/installers/vcs/W-2024.09//etc/uvm-1.2/base/uvm_base.svh'.
Parsing included file '/app/synopsys/installers/vcs/W-2024.09//etc/uvm-1.2/base/uvm_report_message.svh'.
Back to file '/app/synopsys/installers/vcs/W-2024.09//etc/uvm-1.2/base/uvm_base.svh'.
Parsing included file '/app/synopsys/installers/vcs/W-2024.09//etc/uvm-1.2/base/uvm_report_catcher.svh'.
Back to file '/app/synopsys/installers/vcs/W-2024.09//etc/uvm-1.2/base/uvm_base.svh'.
Parsing included file '/app/synopsys/installers/vcs/W-2024.09//etc/uvm-1.2/base/uvm_report_server.svh'.
Back to file '/app/synopsys/installers/vcs/W-2024.09//etc/uvm-1.2/base/uvm_base.svh'.
Parsing included file '/app/synopsys/installers/vcs/W-2024.09//etc/uvm-1.2/base/uvm_report_handler.svh'.
Back to file '/app/synopsys/installers/vcs/W-2024.09//etc/uvm-1.2/base/uvm_base.svh'.
Parsing included file '/app/synopsys/installers/vcs/W-2024.09//etc/uvm-1.2/base/uvm_report_object.svh'.
Back to file '/app/synopsys/installers/vcs/W-2024.09//etc/uvm-1.2/base/uvm_base.svh'.
Parsing included file '/app/synopsys/installers/vcs/W-2024.09//etc/uvm-1.2/base/uvm_transaction.svh'.
Back to file '/app/synopsys/installers/vcs/W-2024.09//etc/uvm-1.2/base/uvm_base.svh'.
Parsing included file '/app/synopsys/installers/vcs/W-2024.09//etc/uvm-1.2/base/uvm_phase.svh'.
Back to file '/app/synopsys/installers/vcs/W-2024.09//etc/uvm-1.2/base/uvm_base.svh'.
Parsing included file '/app/synopsys/installers/vcs/W-2024.09//etc/uvm-1.2/base/uvm_domain.svh'.
Back to file '/app/synopsys/installers/vcs/W-2024.09//etc/uvm-1.2/base/uvm_base.svh'.
Parsing included file '/app/synopsys/installers/vcs/W-2024.09//etc/uvm-1.2/base/uvm_bottomup_phase.svh'.
Back to file '/app/synopsys/installers/vcs/W-2024.09//etc/uvm-1.2/base/uvm_base.svh'.
Parsing included file '/app/synopsys/installers/vcs/W-2024.09//etc/uvm-1.2/base/uvm_topdown_phase.svh'.
Back to file '/app/synopsys/installers/vcs/W-2024.09//etc/uvm-1.2/base/uvm_base.svh'.
Parsing included file '/app/synopsys/installers/vcs/W-2024.09//etc/uvm-1.2/base/uvm_task_phase.svh'.
Back to file '/app/synopsys/installers/vcs/W-2024.09//etc/uvm-1.2/base/uvm_base.svh'.
Parsing included file '/app/synopsys/installers/vcs/W-2024.09//etc/uvm-1.2/base/uvm_common_phases.svh'.
Back to file '/app/synopsys/installers/vcs/W-2024.09//etc/uvm-1.2/base/uvm_base.svh'.
Parsing included file '/app/synopsys/installers/vcs/W-2024.09//etc/uvm-1.2/base/uvm_runtime_phases.svh'.
Back to file '/app/synopsys/installers/vcs/W-2024.09//etc/uvm-1.2/base/uvm_base.svh'.
Parsing included file '/app/synopsys/installers/vcs/W-2024.09//etc/uvm-1.2/base/uvm_component.svh'.
Parsing included file '/app/synopsys/installers/vcs/W-2024.09//etc/uvm-1.2/base/uvm_root.svh'.
Back to file '/app/synopsys/installers/vcs/W-2024.09//etc/uvm-1.2/base/uvm_component.svh'.
Back to file '/app/synopsys/installers/vcs/W-2024.09//etc/uvm-1.2/base/uvm_base.svh'.
Parsing included file '/app/synopsys/installers/vcs/W-2024.09//etc/uvm-1.2/base/uvm_objection.svh'.
Back to file '/app/synopsys/installers/vcs/W-2024.09//etc/uvm-1.2/base/uvm_base.svh'.
Parsing included file '/app/synopsys/installers/vcs/W-2024.09//etc/uvm-1.2/base/uvm_heartbeat.svh'.
Back to file '/app/synopsys/installers/vcs/W-2024.09//etc/uvm-1.2/base/uvm_base.svh'.
Parsing included file '/app/synopsys/installers/vcs/W-2024.09//etc/uvm-1.2/base/uvm_globals.svh'.
Back to file '/app/synopsys/installers/vcs/W-2024.09//etc/uvm-1.2/base/uvm_base.svh'.
Parsing included file '/app/synopsys/installers/vcs/W-2024.09//etc/uvm-1.2/base/uvm_cmdline_processor.svh'.
Back to file '/app/synopsys/installers/vcs/W-2024.09//etc/uvm-1.2/base/uvm_base.svh'.
Parsing included file '/app/synopsys/installers/vcs/W-2024.09//etc/uvm-1.2/base/uvm_traversal.svh'.
Back to file '/app/synopsys/installers/vcs/W-2024.09//etc/uvm-1.2/base/uvm_base.svh'.
Back to file '/app/synopsys/installers/vcs/W-2024.09//etc/uvm-1.2/uvm_pkg.sv'.
Parsing included file '/app/synopsys/installers/vcs/W-2024.09//etc/uvm-1.2/dap/uvm_dap.svh'.
Parsing included file '/app/synopsys/installers/vcs/W-2024.09//etc/uvm-1.2/dap/uvm_set_get_dap_base.svh'.
Back to file '/app/synopsys/installers/vcs/W-2024.09//etc/uvm-1.2/dap/uvm_dap.svh'.
Parsing included file '/app/synopsys/installers/vcs/W-2024.09//etc/uvm-1.2/dap/uvm_simple_lock_dap.svh'.
Back to file '/app/synopsys/installers/vcs/W-2024.09//etc/uvm-1.2/dap/uvm_dap.svh'.
Parsing included file '/app/synopsys/installers/vcs/W-2024.09//etc/uvm-1.2/dap/uvm_get_to_lock_dap.svh'.
Back to file '/app/synopsys/installers/vcs/W-2024.09//etc/uvm-1.2/dap/uvm_dap.svh'.
Parsing included file '/app/synopsys/installers/vcs/W-2024.09//etc/uvm-1.2/dap/uvm_set_before_get_dap.svh'.
Back to file '/app/synopsys/installers/vcs/W-2024.09//etc/uvm-1.2/dap/uvm_dap.svh'.
Back to file '/app/synopsys/installers/vcs/W-2024.09//etc/uvm-1.2/uvm_pkg.sv'.
Parsing included file '/app/synopsys/installers/vcs/W-2024.09//etc/uvm-1.2/tlm1/uvm_tlm.svh'.
Parsing included file '/app/synopsys/installers/vcs/W-2024.09//etc/uvm-1.2/tlm1/uvm_tlm_ifs.svh'.
Back to file '/app/synopsys/installers/vcs/W-2024.09//etc/uvm-1.2/tlm1/uvm_tlm.svh'.
Parsing included file '/app/synopsys/installers/vcs/W-2024.09//etc/uvm-1.2/tlm1/uvm_sqr_ifs.svh'.
Back to file '/app/synopsys/installers/vcs/W-2024.09//etc/uvm-1.2/tlm1/uvm_tlm.svh'.
Parsing included file '/app/synopsys/installers/vcs/W-2024.09//etc/uvm-1.2/base/uvm_port_base.svh'.
Back to file '/app/synopsys/installers/vcs/W-2024.09//etc/uvm-1.2/tlm1/uvm_tlm.svh'.
Parsing included file '/app/synopsys/installers/vcs/W-2024.09//etc/uvm-1.2/tlm1/uvm_tlm_imps.svh'.
Back to file '/app/synopsys/installers/vcs/W-2024.09//etc/uvm-1.2/tlm1/uvm_tlm.svh'.
Parsing included file '/app/synopsys/installers/vcs/W-2024.09//etc/uvm-1.2/tlm1/uvm_imps.svh'.
Back to file '/app/synopsys/installers/vcs/W-2024.09//etc/uvm-1.2/tlm1/uvm_tlm.svh'.
Parsing included file '/app/synopsys/installers/vcs/W-2024.09//etc/uvm-1.2/tlm1/uvm_ports.svh'.
Back to file '/app/synopsys/installers/vcs/W-2024.09//etc/uvm-1.2/tlm1/uvm_tlm.svh'.
Parsing included file '/app/synopsys/installers/vcs/W-2024.09//etc/uvm-1.2/tlm1/uvm_exports.svh'.
Back to file '/app/synopsys/installers/vcs/W-2024.09//etc/uvm-1.2/tlm1/uvm_tlm.svh'.
Parsing included file '/app/synopsys/installers/vcs/W-2024.09//etc/uvm-1.2/tlm1/uvm_analysis_port.svh'.
Back to file '/app/synopsys/installers/vcs/W-2024.09//etc/uvm-1.2/tlm1/uvm_tlm.svh'.
Parsing included file '/app/synopsys/installers/vcs/W-2024.09//etc/uvm-1.2/tlm1/uvm_tlm_fifo_base.svh'.
Back to file '/app/synopsys/installers/vcs/W-2024.09//etc/uvm-1.2/tlm1/uvm_tlm.svh'.
Parsing included file '/app/synopsys/installers/vcs/W-2024.09//etc/uvm-1.2/tlm1/uvm_tlm_fifos.svh'.
Back to file '/app/synopsys/installers/vcs/W-2024.09//etc/uvm-1.2/tlm1/uvm_tlm.svh'.
Parsing included file '/app/synopsys/installers/vcs/W-2024.09//etc/uvm-1.2/tlm1/uvm_tlm_req_rsp.svh'.
Back to file '/app/synopsys/installers/vcs/W-2024.09//etc/uvm-1.2/tlm1/uvm_tlm.svh'.
Parsing included file '/app/synopsys/installers/vcs/W-2024.09//etc/uvm-1.2/tlm1/uvm_sqr_connections.svh'.
Back to file '/app/synopsys/installers/vcs/W-2024.09//etc/uvm-1.2/tlm1/uvm_tlm.svh'.
Back to file '/app/synopsys/installers/vcs/W-2024.09//etc/uvm-1.2/uvm_pkg.sv'.
Parsing included file '/app/synopsys/installers/vcs/W-2024.09//etc/uvm-1.2/comps/uvm_comps.svh'.
Parsing included file '/app/synopsys/installers/vcs/W-2024.09//etc/uvm-1.2/comps/uvm_pair.svh'.
Back to file '/app/synopsys/installers/vcs/W-2024.09//etc/uvm-1.2/comps/uvm_comps.svh'.
Parsing included file '/app/synopsys/installers/vcs/W-2024.09//etc/uvm-1.2/comps/uvm_policies.svh'.
Back to file '/app/synopsys/installers/vcs/W-2024.09//etc/uvm-1.2/comps/uvm_comps.svh'.
Parsing included file '/app/synopsys/installers/vcs/W-2024.09//etc/uvm-1.2/comps/uvm_in_order_comparator.svh'.
Back to file '/app/synopsys/installers/vcs/W-2024.09//etc/uvm-1.2/comps/uvm_comps.svh'.
Parsing included file '/app/synopsys/installers/vcs/W-2024.09//etc/uvm-1.2/comps/uvm_algorithmic_comparator.svh'.
Back to file '/app/synopsys/installers/vcs/W-2024.09//etc/uvm-1.2/comps/uvm_comps.svh'.
Parsing included file '/app/synopsys/installers/vcs/W-2024.09//etc/uvm-1.2/comps/uvm_random_stimulus.svh'.
Back to file '/app/synopsys/installers/vcs/W-2024.09//etc/uvm-1.2/comps/uvm_comps.svh'.
Parsing included file '/app/synopsys/installers/vcs/W-2024.09//etc/uvm-1.2/comps/uvm_subscriber.svh'.
Back to file '/app/synopsys/installers/vcs/W-2024.09//etc/uvm-1.2/comps/uvm_comps.svh'.
Parsing included file '/app/synopsys/installers/vcs/W-2024.09//etc/uvm-1.2/comps/uvm_monitor.svh'.
Back to file '/app/synopsys/installers/vcs/W-2024.09//etc/uvm-1.2/comps/uvm_comps.svh'.
Parsing included file '/app/synopsys/installers/vcs/W-2024.09//etc/uvm-1.2/comps/uvm_driver.svh'.
Back to file '/app/synopsys/installers/vcs/W-2024.09//etc/uvm-1.2/comps/uvm_comps.svh'.
Parsing included file '/app/synopsys/installers/vcs/W-2024.09//etc/uvm-1.2/comps/uvm_push_driver.svh'.
Back to file '/app/synopsys/installers/vcs/W-2024.09//etc/uvm-1.2/comps/uvm_comps.svh'.
Parsing included file '/app/synopsys/installers/vcs/W-2024.09//etc/uvm-1.2/comps/uvm_scoreboard.svh'.
Back to file '/app/synopsys/installers/vcs/W-2024.09//etc/uvm-1.2/comps/uvm_comps.svh'.
Parsing included file '/app/synopsys/installers/vcs/W-2024.09//etc/uvm-1.2/comps/uvm_agent.svh'.
Back to file '/app/synopsys/installers/vcs/W-2024.09//etc/uvm-1.2/comps/uvm_comps.svh'.
Parsing included file '/app/synopsys/installers/vcs/W-2024.09//etc/uvm-1.2/comps/uvm_env.svh'.
Back to file '/app/synopsys/installers/vcs/W-2024.09//etc/uvm-1.2/comps/uvm_comps.svh'.
Parsing included file '/app/synopsys/installers/vcs/W-2024.09//etc/uvm-1.2/comps/uvm_test.svh'.
Back to file '/app/synopsys/installers/vcs/W-2024.09//etc/uvm-1.2/comps/uvm_comps.svh'.
Back to file '/app/synopsys/installers/vcs/W-2024.09//etc/uvm-1.2/uvm_pkg.sv'.
Parsing included file '/app/synopsys/installers/vcs/W-2024.09//etc/uvm-1.2/seq/uvm_seq.svh'.
Parsing included file '/app/synopsys/installers/vcs/W-2024.09//etc/uvm-1.2/seq/uvm_sequence_item.svh'.
Back to file '/app/synopsys/installers/vcs/W-2024.09//etc/uvm-1.2/seq/uvm_seq.svh'.
Parsing included file '/app/synopsys/installers/vcs/W-2024.09//etc/uvm-1.2/seq/uvm_sequencer_base.svh'.
Back to file '/app/synopsys/installers/vcs/W-2024.09//etc/uvm-1.2/seq/uvm_seq.svh'.
Parsing included file '/app/synopsys/installers/vcs/W-2024.09//etc/uvm-1.2/seq/uvm_sequencer_analysis_fifo.svh'.
Back to file '/app/synopsys/installers/vcs/W-2024.09//etc/uvm-1.2/seq/uvm_seq.svh'.
Parsing included file '/app/synopsys/installers/vcs/W-2024.09//etc/uvm-1.2/seq/uvm_sequencer_param_base.svh'.
Back to file '/app/synopsys/installers/vcs/W-2024.09//etc/uvm-1.2/seq/uvm_seq.svh'.
Parsing included file '/app/synopsys/installers/vcs/W-2024.09//etc/uvm-1.2/seq/uvm_sequencer.svh'.
Back to file '/app/synopsys/installers/vcs/W-2024.09//etc/uvm-1.2/seq/uvm_seq.svh'.
Parsing included file '/app/synopsys/installers/vcs/W-2024.09//etc/uvm-1.2/seq/uvm_push_sequencer.svh'.
Back to file '/app/synopsys/installers/vcs/W-2024.09//etc/uvm-1.2/seq/uvm_seq.svh'.
Parsing included file '/app/synopsys/installers/vcs/W-2024.09//etc/uvm-1.2/seq/uvm_sequence_base.svh'.
Back to file '/app/synopsys/installers/vcs/W-2024.09//etc/uvm-1.2/seq/uvm_seq.svh'.
Parsing included file '/app/synopsys/installers/vcs/W-2024.09//etc/uvm-1.2/seq/uvm_sequence.svh'.
Back to file '/app/synopsys/installers/vcs/W-2024.09//etc/uvm-1.2/seq/uvm_seq.svh'.
Parsing included file '/app/synopsys/installers/vcs/W-2024.09//etc/uvm-1.2/seq/uvm_sequence_library.svh'.
Back to file '/app/synopsys/installers/vcs/W-2024.09//etc/uvm-1.2/seq/uvm_seq.svh'.
Parsing included file '/app/synopsys/installers/vcs/W-2024.09//etc/uvm-1.2/seq/uvm_sequence_builtin.svh'.
Back to file '/app/synopsys/installers/vcs/W-2024.09//etc/uvm-1.2/seq/uvm_seq.svh'.
Back to file '/app/synopsys/installers/vcs/W-2024.09//etc/uvm-1.2/uvm_pkg.sv'.
Parsing included file '/app/synopsys/installers/vcs/W-2024.09//etc/uvm-1.2/tlm2/uvm_tlm2.svh'.
Parsing included file '/app/synopsys/installers/vcs/W-2024.09//etc/uvm-1.2/tlm2/uvm_tlm2_defines.svh'.
Back to file '/app/synopsys/installers/vcs/W-2024.09//etc/uvm-1.2/tlm2/uvm_tlm2.svh'.
Parsing included file '/app/synopsys/installers/vcs/W-2024.09//etc/uvm-1.2/tlm2/uvm_tlm2_time.svh'.
Back to file '/app/synopsys/installers/vcs/W-2024.09//etc/uvm-1.2/tlm2/uvm_tlm2.svh'.
Parsing included file '/app/synopsys/installers/vcs/W-2024.09//etc/uvm-1.2/tlm2/uvm_tlm2_generic_payload.svh'.
Back to file '/app/synopsys/installers/vcs/W-2024.09//etc/uvm-1.2/tlm2/uvm_tlm2.svh'.
Parsing included file '/app/synopsys/installers/vcs/W-2024.09//etc/uvm-1.2/tlm2/uvm_tlm2_ifs.svh'.
Back to file '/app/synopsys/installers/vcs/W-2024.09//etc/uvm-1.2/tlm2/uvm_tlm2.svh'.
Parsing included file '/app/synopsys/installers/vcs/W-2024.09//etc/uvm-1.2/tlm2/uvm_tlm2_imps.svh'.
Back to file '/app/synopsys/installers/vcs/W-2024.09//etc/uvm-1.2/tlm2/uvm_tlm2.svh'.
Parsing included file '/app/synopsys/installers/vcs/W-2024.09//etc/uvm-1.2/tlm2/uvm_tlm2_ports.svh'.
Back to file '/app/synopsys/installers/vcs/W-2024.09//etc/uvm-1.2/tlm2/uvm_tlm2.svh'.
Parsing included file '/app/synopsys/installers/vcs/W-2024.09//etc/uvm-1.2/tlm2/uvm_tlm2_exports.svh'.
Back to file '/app/synopsys/installers/vcs/W-2024.09//etc/uvm-1.2/tlm2/uvm_tlm2.svh'.
Parsing included file '/app/synopsys/installers/vcs/W-2024.09//etc/uvm-1.2/tlm2/uvm_tlm2_sockets_base.svh'.
Back to file '/app/synopsys/installers/vcs/W-2024.09//etc/uvm-1.2/tlm2/uvm_tlm2.svh'.
Parsing included file '/app/synopsys/installers/vcs/W-2024.09//etc/uvm-1.2/tlm2/uvm_tlm2_sockets.svh'.
Back to file '/app/synopsys/installers/vcs/W-2024.09//etc/uvm-1.2/tlm2/uvm_tlm2.svh'.
Back to file '/app/synopsys/installers/vcs/W-2024.09//etc/uvm-1.2/uvm_pkg.sv'.
Parsing included file '/app/synopsys/installers/vcs/W-2024.09//etc/uvm-1.2/reg/uvm_reg_model.svh'.
Parsing included file '/app/synopsys/installers/vcs/W-2024.09//etc/uvm-1.2/reg/uvm_reg_item.svh'.
Back to file '/app/synopsys/installers/vcs/W-2024.09//etc/uvm-1.2/reg/uvm_reg_model.svh'.
Parsing included file '/app/synopsys/installers/vcs/W-2024.09//etc/uvm-1.2/reg/uvm_reg_adapter.svh'.
Back to file '/app/synopsys/installers/vcs/W-2024.09//etc/uvm-1.2/reg/uvm_reg_model.svh'.
Parsing included file '/app/synopsys/installers/vcs/W-2024.09//etc/uvm-1.2/reg/uvm_reg_predictor.svh'.
Back to file '/app/synopsys/installers/vcs/W-2024.09//etc/uvm-1.2/reg/uvm_reg_model.svh'.
Parsing included file '/app/synopsys/installers/vcs/W-2024.09//etc/uvm-1.2/reg/uvm_reg_sequence.svh'.
Back to file '/app/synopsys/installers/vcs/W-2024.09//etc/uvm-1.2/reg/uvm_reg_model.svh'.
Parsing included file '/app/synopsys/installers/vcs/W-2024.09//etc/uvm-1.2/reg/uvm_reg_cbs.svh'.
Back to file '/app/synopsys/installers/vcs/W-2024.09//etc/uvm-1.2/reg/uvm_reg_model.svh'.
Parsing included file '/app/synopsys/installers/vcs/W-2024.09//etc/uvm-1.2/reg/uvm_reg_backdoor.svh'.
Back to file '/app/synopsys/installers/vcs/W-2024.09//etc/uvm-1.2/reg/uvm_reg_model.svh'.
Parsing included file '/app/synopsys/installers/vcs/W-2024.09//etc/uvm-1.2/reg/uvm_reg_field.svh'.
Back to file '/app/synopsys/installers/vcs/W-2024.09//etc/uvm-1.2/reg/uvm_reg_model.svh'.
Parsing included file '/app/synopsys/installers/vcs/W-2024.09//etc/uvm-1.2/reg/uvm_vreg_field.svh'.
Back to file '/app/synopsys/installers/vcs/W-2024.09//etc/uvm-1.2/reg/uvm_reg_model.svh'.
Parsing included file '/app/synopsys/installers/vcs/W-2024.09//etc/uvm-1.2/reg/uvm_reg.svh'.
Back to file '/app/synopsys/installers/vcs/W-2024.09//etc/uvm-1.2/reg/uvm_reg_model.svh'.
Parsing included file '/app/synopsys/installers/vcs/W-2024.09//etc/uvm-1.2/reg/uvm_reg_indirect.svh'.
Back to file '/app/synopsys/installers/vcs/W-2024.09//etc/uvm-1.2/reg/uvm_reg_model.svh'.
Parsing included file '/app/synopsys/installers/vcs/W-2024.09//etc/uvm-1.2/reg/uvm_reg_fifo.svh'.
Back to file '/app/synopsys/installers/vcs/W-2024.09//etc/uvm-1.2/reg/uvm_reg_model.svh'.
Parsing included file '/app/synopsys/installers/vcs/W-2024.09//etc/uvm-1.2/reg/uvm_reg_file.svh'.
Back to file '/app/synopsys/installers/vcs/W-2024.09//etc/uvm-1.2/reg/uvm_reg_model.svh'.
Parsing included file '/app/synopsys/installers/vcs/W-2024.09//etc/uvm-1.2/reg/uvm_mem_mam.svh'.
Back to file '/app/synopsys/installers/vcs/W-2024.09//etc/uvm-1.2/reg/uvm_reg_model.svh'.
Parsing included file '/app/synopsys/installers/vcs/W-2024.09//etc/uvm-1.2/reg/uvm_vreg.svh'.
Back to file '/app/synopsys/installers/vcs/W-2024.09//etc/uvm-1.2/reg/uvm_reg_model.svh'.
Parsing included file '/app/synopsys/installers/vcs/W-2024.09//etc/uvm-1.2/reg/uvm_mem.svh'.
Back to file '/app/synopsys/installers/vcs/W-2024.09//etc/uvm-1.2/reg/uvm_reg_model.svh'.
Parsing included file '/app/synopsys/installers/vcs/W-2024.09//etc/uvm-1.2/reg/uvm_reg_map.svh'.
Back to file '/app/synopsys/installers/vcs/W-2024.09//etc/uvm-1.2/reg/uvm_reg_model.svh'.
Parsing included file '/app/synopsys/installers/vcs/W-2024.09//etc/uvm-1.2/reg/uvm_reg_block.svh'.
Back to file '/app/synopsys/installers/vcs/W-2024.09//etc/uvm-1.2/reg/uvm_reg_model.svh'.
Parsing included file '/app/synopsys/installers/vcs/W-2024.09//etc/uvm-1.2/reg/sequences/uvm_reg_hw_reset_seq.svh'.
Back to file '/app/synopsys/installers/vcs/W-2024.09//etc/uvm-1.2/reg/uvm_reg_model.svh'.
Parsing included file '/app/synopsys/installers/vcs/W-2024.09//etc/uvm-1.2/reg/sequences/uvm_reg_bit_bash_seq.svh'.
Back to file '/app/synopsys/installers/vcs/W-2024.09//etc/uvm-1.2/reg/uvm_reg_model.svh'.
Parsing included file '/app/synopsys/installers/vcs/W-2024.09//etc/uvm-1.2/reg/sequences/uvm_mem_walk_seq.svh'.
Back to file '/app/synopsys/installers/vcs/W-2024.09//etc/uvm-1.2/reg/uvm_reg_model.svh'.
Parsing included file '/app/synopsys/installers/vcs/W-2024.09//etc/uvm-1.2/reg/sequences/uvm_mem_access_seq.svh'.
Back to file '/app/synopsys/installers/vcs/W-2024.09//etc/uvm-1.2/reg/uvm_reg_model.svh'.
Parsing included file '/app/synopsys/installers/vcs/W-2024.09//etc/uvm-1.2/reg/sequences/uvm_reg_access_seq.svh'.
Back to file '/app/synopsys/installers/vcs/W-2024.09//etc/uvm-1.2/reg/uvm_reg_model.svh'.
Parsing included file '/app/synopsys/installers/vcs/W-2024.09//etc/uvm-1.2/reg/sequences/uvm_reg_mem_shared_access_seq.svh'.
Back to file '/app/synopsys/installers/vcs/W-2024.09//etc/uvm-1.2/reg/uvm_reg_model.svh'.
Parsing included file '/app/synopsys/installers/vcs/W-2024.09//etc/uvm-1.2/reg/sequences/uvm_reg_mem_built_in_seq.svh'.
Back to file '/app/synopsys/installers/vcs/W-2024.09//etc/uvm-1.2/reg/uvm_reg_model.svh'.
Parsing included file '/app/synopsys/installers/vcs/W-2024.09//etc/uvm-1.2/reg/sequences/uvm_reg_mem_hdl_paths_seq.svh'.
Back to file '/app/synopsys/installers/vcs/W-2024.09//etc/uvm-1.2/reg/uvm_reg_model.svh'.
Parsing included file '/app/synopsys/installers/vcs/W-2024.09//etc/uvm-1.2/reg/snps_uvm_reg_bank.svh'.
Back to file '/app/synopsys/installers/vcs/W-2024.09//etc/uvm-1.2/reg/uvm_reg_model.svh'.
Back to file '/app/synopsys/installers/vcs/W-2024.09//etc/uvm-1.2/uvm_pkg.sv'.
Parsing included file '/app/synopsys/installers/vcs/W-2024.09//etc/uvm-1.2/vcs/vcs_uvm_alt.sv'.
Back to file '/app/synopsys/installers/vcs/W-2024.09//etc/uvm-1.2/uvm_pkg.sv'.
Parsing design file '/app/synopsys/installers/vcs/W-2024.09//etc/uvm-1.2/vcs/uvm_custom_install_vcs_recorder.sv'
Parsing included file '/app/synopsys/installers/vcs/W-2024.09//etc/uvm-1.2/vcs/msglog.svh'.
Back to file '/app/synopsys/installers/vcs/W-2024.09//etc/uvm-1.2/vcs/uvm_custom_install_vcs_recorder.sv'.
Parsing included file '/app/synopsys/installers/vcs/W-2024.09//etc/uvm-1.2/vcs/uvm_msglog_report_server.sv'.
Back to file '/app/synopsys/installers/vcs/W-2024.09//etc/uvm-1.2/vcs/uvm_custom_install_vcs_recorder.sv'.
Parsing included file '/app/synopsys/installers/vcs/W-2024.09//etc/uvm-1.2/vcs/uvm_vcs_recorder.svh'.
Parsing included file '/app/synopsys/installers/vcs/W-2024.09//etc/uvm-1.2/vcs/uvm_vcs_tr_database.svh'.
Parsing included file '/app/synopsys/installers/vcs/W-2024.09//etc/uvm-1.2/vcs/uvm_vcs_tr_stream.svh'.
Back to file '/app/synopsys/installers/vcs/W-2024.09//etc/uvm-1.2/vcs/uvm_vcs_tr_database.svh'.
Back to file '/app/synopsys/installers/vcs/W-2024.09//etc/uvm-1.2/vcs/uvm_vcs_recorder.svh'.
Back to file '/app/synopsys/installers/vcs/W-2024.09//etc/uvm-1.2/vcs/uvm_custom_install_vcs_recorder.sv'.
Parsing included file '/app/synopsys/installers/vcs/W-2024.09//etc/uvm-1.2/vcs/uvm_vcs_record_interface.sv'.
Parsing included file '/app/synopsys/installers/vcs/W-2024.09//etc/uvm-1.2/macros/uvm_global_defines.svh'.
Back to file '/app/synopsys/installers/vcs/W-2024.09//etc/uvm-1.2/vcs/uvm_vcs_record_interface.sv'.
Back to file '/app/synopsys/installers/vcs/W-2024.09//etc/uvm-1.2/vcs/uvm_custom_install_vcs_recorder.sv'.
Parsing design file '/app/synopsys/installers/vcs/W-2024.09//etc/uvm-1.2/verdi/uvm_custom_install_verdi_recorder.sv'
Parsing included file '/app/synopsys/installers/vcs/W-2024.09//etc/uvm-1.2/uvm_macros.svh'.
Back to file '/app/synopsys/installers/vcs/W-2024.09//etc/uvm-1.2/verdi/uvm_custom_install_verdi_recorder.sv'.
Parsing included file '/app/synopsys/installers/vcs/W-2024.09//etc/uvm-1.2/verdi/uvm_verdi_recorder.svh'.
Parsing included file '/app/synopsys/installers/vcs/W-2024.09//etc/uvm-1.2/verdi/uvm_verdi_pli_base.svh'.
Back to file '/app/synopsys/installers/vcs/W-2024.09//etc/uvm-1.2/verdi/uvm_verdi_recorder.svh'.
Parsing included file '/app/synopsys/installers/vcs/W-2024.09//etc/uvm-1.2/verdi/uvm_verdi_tr_database.svh'.
Parsing included file '/app/synopsys/installers/vcs/W-2024.09//etc/uvm-1.2/verdi/uvm_verdi_tr_stream.svh'.
Back to file '/app/synopsys/installers/vcs/W-2024.09//etc/uvm-1.2/verdi/uvm_verdi_tr_database.svh'.
Back to file '/app/synopsys/installers/vcs/W-2024.09//etc/uvm-1.2/verdi/uvm_verdi_recorder.svh'.
Back to file '/app/synopsys/installers/vcs/W-2024.09//etc/uvm-1.2/verdi/uvm_custom_install_verdi_recorder.sv'.
Parsing included file '/app/synopsys/installers/vcs/W-2024.09//etc/uvm-1.2/verdi/uvm_verdi_reg_map_recording.sv'.
Back to file '/app/synopsys/installers/vcs/W-2024.09//etc/uvm-1.2/verdi/uvm_custom_install_verdi_recorder.sv'.
Parsing included file '/app/synopsys/installers/vcs/W-2024.09//etc/uvm-1.2/verdi/uvm_verdi_message_catcher.svh'.
Parsing included file '/app/synopsys/installers/vcs/W-2024.09//etc/uvm-1.2/verdi/uvm_verdi_pli_base.svh'.
Back to file '/app/synopsys/installers/vcs/W-2024.09//etc/uvm-1.2/verdi/uvm_verdi_message_catcher.svh'.
Back to file '/app/synopsys/installers/vcs/W-2024.09//etc/uvm-1.2/verdi/uvm_custom_install_verdi_recorder.sv'.
Parsing included file '/app/synopsys/installers/vcs/W-2024.09//etc/uvm-1.2/verdi/uvm_verdi_factory.svh'.
Back to file '/app/synopsys/installers/vcs/W-2024.09//etc/uvm-1.2/verdi/uvm_custom_install_verdi_recorder.sv'.
Parsing included file '/app/synopsys/installers/vcs/W-2024.09//etc/uvm-1.2/verdi/./dpi/uvm_verdi_dpi.svh'.
Back to file '/app/synopsys/installers/vcs/W-2024.09//etc/uvm-1.2/verdi/uvm_custom_install_verdi_recorder.sv'.
Parsing included file '/app/synopsys/installers/vcs/W-2024.09//etc/uvm-1.2/verdi/uvm_verdi_reg_recording.sv'.
Back to file '/app/synopsys/installers/vcs/W-2024.09//etc/uvm-1.2/verdi/uvm_custom_install_verdi_recorder.sv'.
Parsing included file '/app/synopsys/installers/verdi/X-2025.06/share/PLI/VCS/include/verdi_trans_recorder_dpi.svh'.
Back to file '/app/synopsys/installers/vcs/W-2024.09//etc/uvm-1.2/verdi/uvm_custom_install_verdi_recorder.sv'.
Parsing included file '/app/synopsys/installers/vcs/W-2024.09//etc/uvm-1.2/verdi/uvm_verdi_pli.svh'.
Back to file '/app/synopsys/installers/vcs/W-2024.09//etc/uvm-1.2/verdi/uvm_custom_install_verdi_recorder.sv'.
Parsing design file '/app/synopsys/installers/vcs/W-2024.09//etc/uvm-1.2/verdi/uvm_custom_install_verdi_recorder.sv'
Parsing design file 'apb_top.sv'
Parsing included file '/app/synopsys/installers/vcs/W-2024.09//etc/uvm-1.2/uvm_macros.svh'.
Back to file 'apb_top.sv'.
Parsing included file 'apb_interface.sv'.
Back to file 'apb_top.sv'.
Parsing included file 'apb_sequence_item.sv'.
Back to file 'apb_top.sv'.
Parsing included file 'apb_error_seq.sv'.
Back to file 'apb_top.sv'.
Parsing included file 'apb_read_seq.sv'.
Back to file 'apb_top.sv'.
Parsing included file 'apb_write_seq.sv'.
Back to file 'apb_top.sv'.
Parsing included file 'apb_rw_seq.sv'.
Back to file 'apb_top.sv'.
Parsing included file 'apb_con_psel_seq.sv'.
Back to file 'apb_top.sv'.
Parsing included file 'apb_sequencer.sv'.
Back to file 'apb_top.sv'.
Parsing included file 'apb_driver.sv'.
Back to file 'apb_top.sv'.
Parsing included file 'apb_active_monitor.sv'.
Back to file 'apb_top.sv'.
Parsing included file 'apb_passive_monitor.sv'.
Back to file 'apb_top.sv'.
Parsing included file 'apb_active_agent.sv'.
Back to file 'apb_top.sv'.
Parsing included file 'apb_passive_agent.sv'.
Back to file 'apb_top.sv'.
Parsing included file 'apb_score_board.sv'.
Back to file 'apb_top.sv'.
Parsing included file 'apb_coverage.sv'.
Back to file 'apb_top.sv'.
Parsing included file 'apb_env.sv'.
Back to file 'apb_top.sv'.
Parsing included file 'apb_test.sv'.
Back to file 'apb_top.sv'.
Parsing included file 'apb_slave_design.sv'.
Back to file 'apb_top.sv'.
Top Level Modules:
       uvm_custom_install_recording
       uvm_custom_install_verdi_recording
       apb_top
No TimeScale specified
VCS Coverage Metrics Release W-2024.09_Full64 Copyright (c) 1991-2024 by Synopsys Inc.
Notice: Ports coerced to inout, use -notice for details
Starting vcs inline pass...
8 modules and 0 UDP read.
recompiling module uvm_custom_install_verdi_recording
	However, due to incremental compilation, only 1 module needs to be compiled. 
rm -f _cuarc*.so _csrc*.so pre_vcsobj_*.so share_vcsobj_*.so
if [ -x ../simv ]; then chmod a-x ../simv; fi
g++  -o ../simv      -rdynamic  -Wl,-rpath='$ORIGIN'/simv.daidir -Wl,-rpath=./simv.daidir \
-Wl,-rpath=/app/synopsys/installers/vcs/W-2024.09/linux64/lib -L/app/synopsys/installers/vcs/W-2024.09/linux64/lib \
-Wl,-rpath-link=./  /usr/lib64/libnuma.so.1 uvm_dpi.o uvm_verdi_dpi.o   objs/amcQw_d.o \
_3642131_archive_1.so _prev_archive_1.so   SIM_l.o      rmapats_mop.o rmapats.o rmar.o \
rmar_nd.o  rmar_llvm_0_1.o rmar_llvm_0_0.o            -lvirsim -lerrorinf -lsnpsmalloc \
-lvfs    -lvcsnew -lsimprofile -lreader_common /app/synopsys/installers/vcs/W-2024.09/linux64/lib/libBA.a \
-luclinative /app/synopsys/installers/vcs/W-2024.09/linux64/lib/vcs_tls.o   -Wl,-whole-archive \
-lvcsucli    -Wl,-no-whole-archive       ./../simv.daidir/vc_hdrs.o  _vcs_pli_stub_.o \
/app/synopsys/installers/vcs/W-2024.09/linux64/lib/vcs_save_restore_new.o /app/synopsys/installers/verdi/X-2025.06/share/PLI/VCS/LINUX64/pli.a \
-ldl  -lc -lm -lpthread -ldl 
../simv up to date
Command: /home/dvft1103/dvft11/uvm/apb/./simv -a debug.log +continuous_psel=1 -cm_runsilent -cm line+tgl+cond+fsm+assert
Chronologic VCS simulator copyright 1991-2024
Contains Synopsys proprietary information.
Compiler version W-2024.09_Full64; Runtime version W-2024.09_Full64;  May 13 15:36 2026
UVM_INFO /app/synopsys/installers/vcs/W-2024.09//etc/uvm-1.2/base/uvm_root.svh(402) @ 0: reporter [UVM/RELNOTES] 
----------------------------------------------------------------
UVM-1.2.Synopsys
(C) 2007-2014 Mentor Graphics Corporation
(C) 2007-2014 Cadence Design Systems, Inc.
(C) 2006-2014 Synopsys, Inc.
(C) 2011-2013 Cypress Semiconductor Corp.
(C) 2013-2014 NVIDIA Corporation
----------------------------------------------------------------

  ***********       IMPORTANT RELEASE NOTES         ************

  You are using a version of the UVM library that has been compiled
  with `UVM_NO_DEPRECATED undefined.
  See http://www.eda.org/svdb/view.php?id=3313 for more details.

  You are using a version of the UVM library that has been compiled
  with `UVM_OBJECT_DO_NOT_NEED_CONSTRUCTOR undefined.
  See http://www.eda.org/svdb/view.php?id=3770 for more details.

      (Specify +UVM_NO_RELNOTES to turn off this notice)

UVM_INFO @ 0: reporter [RNTST] Running test apb_test...
UVM_INFO apb_passive_agent.sv(17) @ 0: uvm_test_top.env_h.pas_agent_h [[PASSIVE_AGNET]] memory created for [PAS_MON]
"apb_interface.sv", 60: apb_top.intf_h.preset_check: started at 5s failed at 5s
	Offending '((!psel) && (!penable))'
UVM_INFO apb_driver.sv(34) @ 5: uvm_test_top.env_h.act_agent_h.drv_h [DRV] Entered to RESET LOGIC
UVM_INFO apb_error_seq.sv(30) @ 25: uvm_test_top.env_h.act_agent_h.seqr_h@@error_h [apb_error_seq] Dispalying From apb_error_seq=-----------------------------------------------------------------------------------------------------
Name                           Type               Size  Value                                        
-----------------------------------------------------------------------------------------------------
seq_h                          apb_sequence_item  -     @718                                         
  psel                         integral           1     'h0                                          
  continuous_psel              integral           1     'h0                                          
  penable                      integral           1     'h0                                          
  pready                       integral           1     'h0                                          
  paddr                        integral           32    'hffffffff                                   
  pwrite                       integral           1     'h0                                          
  prdata                       integral           32    'h0                                          
  pwdata                       integral           32    'h8b334277                                   
  pslverr                      integral           1     'h0                                          
  apb_state                    apb_state_e        2     ""                                           
  begin_time                   time               64    25                                           
  depth                        int                32    'd2                                          
  parent sequence (name)       string             7     error_h                                      
  parent sequence (full name)  string             45    uvm_test_top.env_h.act_agent_h.seqr_h.error_h
  sequencer                    string             37    uvm_test_top.env_h.act_agent_h.seqr_h        
-----------------------------------------------------------------------------------------------------

UVM_INFO apb_driver.sv(48) @ 25: uvm_test_top.env_h.act_agent_h.drv_h [DRIVER] Displaying from apb_driver=-----------------------------------------------------------------------------------------------------
Name                           Type               Size  Value                                        
-----------------------------------------------------------------------------------------------------
seq_h                          apb_sequence_item  -     @718                                         
  psel                         integral           1     'h0                                          
  continuous_psel              integral           1     'h0                                          
  penable                      integral           1     'h0                                          
  pready                       integral           1     'h0                                          
  paddr                        integral           32    'hffffffff                                   
  pwrite                       integral           1     'h0                                          
  prdata                       integral           32    'h0                                          
  pwdata                       integral           32    'h8b334277                                   
  pslverr                      integral           1     'h0                                          
  apb_state                    apb_state_e        2     ""                                           
  begin_time                   time               64    25                                           
  depth                        int                32    'd2                                          
  parent sequence (name)       string             7     error_h                                      
  parent sequence (full name)  string             45    uvm_test_top.env_h.act_agent_h.seqr_h.error_h
  sequencer                    string             37    uvm_test_top.env_h.act_agent_h.seqr_h        
-----------------------------------------------------------------------------------------------------

UVM_INFO apb_driver.sv(61) @ 25: uvm_test_top.env_h.act_agent_h.drv_h [[DRV]] Entered SETUP State
UVM_INFO apb_score_board.sv(48) @ 30: uvm_test_top.env_h.sb_h [[SB]] [ACTIVE] paddr=0x0 pwrite=0 pwdata=0x0 prdata=0x0 pslverr=0
UVM_INFO apb_active_monitor.sv(44) @ 30: uvm_test_top.env_h.act_agent_h.act_mon_h [[ACTIVE_MON]] setup detected:::::- ------------------------------------------------------
Name               Type               Size  Value     
------------------------------------------------------
seq_h              apb_sequence_item  -     @759      
  psel             integral           1     'h1       
  continuous_psel  integral           1     'h0       
  penable          integral           1     'h0       
  pready           integral           1     'h1       
  paddr            integral           32    'hffffffff
  pwrite           integral           1     'h0       
  prdata           integral           32    'h0       
  pwdata           integral           32    'h8b334277
  pslverr          integral           1     'h0       
  apb_state        apb_state_e        2     IDLE      
------------------------------------------------------

UVM_INFO apb_score_board.sv(48) @ 30: uvm_test_top.env_h.sb_h [[SB]] [ACTIVE] paddr=0xffffffff pwrite=0 pwdata=0x8b334277 prdata=0x0 pslverr=0
UVM_INFO apb_score_board.sv(58) @ 30: uvm_test_top.env_h.sb_h [[SB]] [PASSIVE] paddr=0x0 pwrite=0 pwdata=0x0 prdata=0x0 pslverr=0
UVM_WARNING apb_score_board.sv(147) @ 30: uvm_test_top.env_h.sb_h [[SB]] [30] READ from uninitialised addr 0x0 --- no ref
UVM_INFO apb_passive_monitor.sv(44) @ 30: uvm_test_top.env_h.pas_agent_h.pas_mon_h [[PASSIVE_MON]] setup detected:::::- ------------------------------------------------------
Name               Type               Size  Value     
------------------------------------------------------
seq_h              apb_sequence_item  -     @785      
  psel             integral           1     'h1       
  continuous_psel  integral           1     'h0       
  penable          integral           1     'h0       
  pready           integral           1     'h1       
  paddr            integral           32    'hffffffff
  pwrite           integral           1     'h0       
  prdata           integral           32    'h0       
  pwdata           integral           32    'h8b334277
  pslverr          integral           1     'h0       
  apb_state        apb_state_e        2     IDLE      
------------------------------------------------------

UVM_INFO apb_score_board.sv(58) @ 30: uvm_test_top.env_h.sb_h [[SB]] [PASSIVE] paddr=0xffffffff pwrite=0 pwdata=0x8b334277 prdata=0x0 pslverr=0
UVM_WARNING apb_score_board.sv(147) @ 30: uvm_test_top.env_h.sb_h [[SB]] [30] READ from uninitialised addr 0xffffffff --- no ref
UVM_INFO apb_driver.sv(80) @ 35: uvm_test_top.env_h.act_agent_h.drv_h [[DRV]] Entered ACCESS State
UVM_INFO apb_score_board.sv(48) @ 40: uvm_test_top.env_h.sb_h [[SB]] [ACTIVE] paddr=0xffffffff pwrite=0 pwdata=0x8b334277 prdata=0x0 pslverr=0
UVM_INFO apb_score_board.sv(48) @ 40: uvm_test_top.env_h.sb_h [[SB]] [ACTIVE] paddr=0xffffffff pwrite=0 pwdata=0x8b334277 prdata=0x0 pslverr=1
UVM_INFO apb_active_monitor.sv(69) @ 40: uvm_test_top.env_h.act_agent_h.act_mon_h [[ACTIVE_MON]]  Transaction sent to scoreboard
UVM_INFO apb_score_board.sv(58) @ 40: uvm_test_top.env_h.sb_h [[SB]] [PASSIVE] paddr=0xffffffff pwrite=0 pwdata=0x8b334277 prdata=0x0 pslverr=0
UVM_WARNING apb_score_board.sv(147) @ 40: uvm_test_top.env_h.sb_h [[SB]] [40] READ from uninitialised addr 0xffffffff --- no ref
UVM_INFO apb_score_board.sv(58) @ 40: uvm_test_top.env_h.sb_h [[SB]] [PASSIVE] paddr=0xffffffff pwrite=0 pwdata=0x8b334277 prdata=0x0 pslverr=1
UVM_ERROR apb_score_board.sv(81) @ 40: uvm_test_top.env_h.sb_h [[SB]] [40] SLAVE ERROR:paddr=0xffffffff pwrite =0x0 act_pslverr=1 pas_pslverr=1
UVM_INFO apb_passive_monitor.sv(69) @ 40: uvm_test_top.env_h.pas_agent_h.pas_mon_h [[PASSIVE_MON]]  Transaction sent to scoreboard
UVM_INFO apb_driver.sv(108) @ 45: uvm_test_top.env_h.act_agent_h.drv_h [[DRV]] Pready occured at wait_count=0 4294967295 2335392375
UVM_INFO apb_driver.sv(112) @ 55: uvm_test_top.env_h.act_agent_h.drv_h [[DRV]] Transaction completed
UVM_INFO apb_driver.sv(121) @ 55: uvm_test_top.env_h.act_agent_h.drv_h [[abc1]] Transaction completed
UVM_INFO apb_driver.sv(122) @ 55: uvm_test_top.env_h.act_agent_h.drv_h [[abc1]]  0
UVM_INFO apb_error_seq.sv(30) @ 65: uvm_test_top.env_h.act_agent_h.seqr_h@@error_h [apb_error_seq] Dispalying From apb_error_seq=-----------------------------------------------------------------------------------------------------
Name                           Type               Size  Value                                        
-----------------------------------------------------------------------------------------------------
seq_h                          apb_sequence_item  -     @874                                         
  psel                         integral           1     'h0                                          
  continuous_psel              integral           1     'h0                                          
  penable                      integral           1     'h0                                          
  pready                       integral           1     'h0                                          
  paddr                        integral           32    'hffffffff                                   
  pwrite                       integral           1     'h0                                          
  prdata                       integral           32    'h0                                          
  pwdata                       integral           32    'h53c1183                                    
  pslverr                      integral           1     'h0                                          
  apb_state                    apb_state_e        2     ""                                           
  begin_time                   time               64    65                                           
  depth                        int                32    'd2                                          
  parent sequence (name)       string             7     error_h                                      
  parent sequence (full name)  string             45    uvm_test_top.env_h.act_agent_h.seqr_h.error_h
  sequencer                    string             37    uvm_test_top.env_h.act_agent_h.seqr_h        
-----------------------------------------------------------------------------------------------------

UVM_INFO apb_driver.sv(48) @ 65: uvm_test_top.env_h.act_agent_h.drv_h [DRIVER] Displaying from apb_driver=-----------------------------------------------------------------------------------------------------
Name                           Type               Size  Value                                        
-----------------------------------------------------------------------------------------------------
seq_h                          apb_sequence_item  -     @874                                         
  psel                         integral           1     'h0                                          
  continuous_psel              integral           1     'h0                                          
  penable                      integral           1     'h0                                          
  pready                       integral           1     'h0                                          
  paddr                        integral           32    'hffffffff                                   
  pwrite                       integral           1     'h0                                          
  prdata                       integral           32    'h0                                          
  pwdata                       integral           32    'h53c1183                                    
  pslverr                      integral           1     'h0                                          
  apb_state                    apb_state_e        2     ""                                           
  begin_time                   time               64    65                                           
  depth                        int                32    'd2                                          
  parent sequence (name)       string             7     error_h                                      
  parent sequence (full name)  string             45    uvm_test_top.env_h.act_agent_h.seqr_h.error_h
  sequencer                    string             37    uvm_test_top.env_h.act_agent_h.seqr_h        
-----------------------------------------------------------------------------------------------------

UVM_INFO apb_driver.sv(61) @ 65: uvm_test_top.env_h.act_agent_h.drv_h [[DRV]] Entered SETUP State
UVM_INFO apb_score_board.sv(48) @ 70: uvm_test_top.env_h.sb_h [[SB]] [ACTIVE] paddr=0x0 pwrite=0 pwdata=0x0 prdata=0x0 pslverr=0
UVM_INFO apb_active_monitor.sv(44) @ 70: uvm_test_top.env_h.act_agent_h.act_mon_h [[ACTIVE_MON]] setup detected:::::- ------------------------------------------------------
Name               Type               Size  Value     
------------------------------------------------------
seq_h              apb_sequence_item  -     @888      
  psel             integral           1     'h1       
  continuous_psel  integral           1     'h0       
  penable          integral           1     'h0       
  pready           integral           1     'h0       
  paddr            integral           32    'hffffffff
  pwrite           integral           1     'h0       
  prdata           integral           32    'h0       
  pwdata           integral           32    'h53c1183 
  pslverr          integral           1     'h0       
  apb_state        apb_state_e        2     IDLE      
------------------------------------------------------

UVM_INFO apb_score_board.sv(48) @ 70: uvm_test_top.env_h.sb_h [[SB]] [ACTIVE] paddr=0xffffffff pwrite=0 pwdata=0x53c1183 prdata=0x0 pslverr=0
UVM_INFO apb_score_board.sv(58) @ 70: uvm_test_top.env_h.sb_h [[SB]] [PASSIVE] paddr=0x0 pwrite=0 pwdata=0x0 prdata=0x0 pslverr=0
UVM_WARNING apb_score_board.sv(147) @ 70: uvm_test_top.env_h.sb_h [[SB]] [70] READ from uninitialised addr 0x0 --- no ref
UVM_INFO apb_passive_monitor.sv(44) @ 70: uvm_test_top.env_h.pas_agent_h.pas_mon_h [[PASSIVE_MON]] setup detected:::::- ------------------------------------------------------
Name               Type               Size  Value     
------------------------------------------------------
seq_h              apb_sequence_item  -     @914      
  psel             integral           1     'h1       
  continuous_psel  integral           1     'h0       
  penable          integral           1     'h0       
  pready           integral           1     'h0       
  paddr            integral           32    'hffffffff
  pwrite           integral           1     'h0       
  prdata           integral           32    'h0       
  pwdata           integral           32    'h53c1183 
  pslverr          integral           1     'h0       
  apb_state        apb_state_e        2     IDLE      
------------------------------------------------------

UVM_INFO apb_score_board.sv(58) @ 70: uvm_test_top.env_h.sb_h [[SB]] [PASSIVE] paddr=0xffffffff pwrite=0 pwdata=0x53c1183 prdata=0x0 pslverr=0
UVM_WARNING apb_score_board.sv(147) @ 70: uvm_test_top.env_h.sb_h [[SB]] [70] READ from uninitialised addr 0xffffffff --- no ref
UVM_INFO apb_driver.sv(80) @ 75: uvm_test_top.env_h.act_agent_h.drv_h [[DRV]] Entered ACCESS State
UVM_INFO apb_score_board.sv(48) @ 80: uvm_test_top.env_h.sb_h [[SB]] [ACTIVE] paddr=0xffffffff pwrite=0 pwdata=0x53c1183 prdata=0x0 pslverr=0
UVM_INFO apb_score_board.sv(58) @ 80: uvm_test_top.env_h.sb_h [[SB]] [PASSIVE] paddr=0xffffffff pwrite=0 pwdata=0x53c1183 prdata=0x0 pslverr=0
UVM_WARNING apb_score_board.sv(147) @ 80: uvm_test_top.env_h.sb_h [[SB]] [80] READ from uninitialised addr 0xffffffff --- no ref
"apb_interface.sv", 102: apb_top.intf_h.pready_waiting: started at 35s failed at 95s
	Offending 'pready'
UVM_INFO apb_driver.sv(108) @ 95: uvm_test_top.env_h.act_agent_h.drv_h [[DRV]] Pready occured at wait_count=1 4294967295 87822723
UVM_INFO apb_score_board.sv(48) @ 100: uvm_test_top.env_h.sb_h [[SB]] [ACTIVE] paddr=0xffffffff pwrite=0 pwdata=0x53c1183 prdata=0x0 pslverr=1
UVM_INFO apb_active_monitor.sv(69) @ 100: uvm_test_top.env_h.act_agent_h.act_mon_h [[ACTIVE_MON]]  Transaction sent to scoreboard
UVM_INFO apb_score_board.sv(58) @ 100: uvm_test_top.env_h.sb_h [[SB]] [PASSIVE] paddr=0xffffffff pwrite=0 pwdata=0x53c1183 prdata=0x0 pslverr=1
UVM_ERROR apb_score_board.sv(81) @ 100: uvm_test_top.env_h.sb_h [[SB]] [100] SLAVE ERROR:paddr=0xffffffff pwrite =0x0 act_pslverr=1 pas_pslverr=1
UVM_INFO apb_passive_monitor.sv(69) @ 100: uvm_test_top.env_h.pas_agent_h.pas_mon_h [[PASSIVE_MON]]  Transaction sent to scoreboard
UVM_INFO apb_driver.sv(112) @ 105: uvm_test_top.env_h.act_agent_h.drv_h [[DRV]] Transaction completed
UVM_INFO apb_driver.sv(121) @ 105: uvm_test_top.env_h.act_agent_h.drv_h [[abc1]] Transaction completed
UVM_INFO apb_driver.sv(122) @ 105: uvm_test_top.env_h.act_agent_h.drv_h [[abc1]]  0
UVM_INFO apb_driver.sv(34) @ 115: uvm_test_top.env_h.act_agent_h.drv_h [DRV] Entered to RESET LOGIC
UVM_INFO apb_error_seq.sv(30) @ 145: uvm_test_top.env_h.act_agent_h.seqr_h@@error_h [apb_error_seq] Dispalying From apb_error_seq=-----------------------------------------------------------------------------------------------------
Name                           Type               Size  Value                                        
-----------------------------------------------------------------------------------------------------
seq_h                          apb_sequence_item  -     @1002                                        
  psel                         integral           1     'h0                                          
  continuous_psel              integral           1     'h0                                          
  penable                      integral           1     'h0                                          
  pready                       integral           1     'h0                                          
  paddr                        integral           32    'hffffffff                                   
  pwrite                       integral           1     'h0                                          
  prdata                       integral           32    'h0                                          
  pwdata                       integral           32    'hcde7c59f                                   
  pslverr                      integral           1     'h0                                          
  apb_state                    apb_state_e        2     ""                                           
  begin_time                   time               64    145                                          
  depth                        int                32    'd2                                          
  parent sequence (name)       string             7     error_h                                      
  parent sequence (full name)  string             45    uvm_test_top.env_h.act_agent_h.seqr_h.error_h
  sequencer                    string             37    uvm_test_top.env_h.act_agent_h.seqr_h        
-----------------------------------------------------------------------------------------------------

UVM_INFO apb_driver.sv(48) @ 145: uvm_test_top.env_h.act_agent_h.drv_h [DRIVER] Displaying from apb_driver=-----------------------------------------------------------------------------------------------------
Name                           Type               Size  Value                                        
-----------------------------------------------------------------------------------------------------
seq_h                          apb_sequence_item  -     @1002                                        
  psel                         integral           1     'h0                                          
  continuous_psel              integral           1     'h0                                          
  penable                      integral           1     'h0                                          
  pready                       integral           1     'h0                                          
  paddr                        integral           32    'hffffffff                                   
  pwrite                       integral           1     'h0                                          
  prdata                       integral           32    'h0                                          
  pwdata                       integral           32    'hcde7c59f                                   
  pslverr                      integral           1     'h0                                          
  apb_state                    apb_state_e        2     ""                                           
  begin_time                   time               64    145                                          
  depth                        int                32    'd2                                          
  parent sequence (name)       string             7     error_h                                      
  parent sequence (full name)  string             45    uvm_test_top.env_h.act_agent_h.seqr_h.error_h
  sequencer                    string             37    uvm_test_top.env_h.act_agent_h.seqr_h        
-----------------------------------------------------------------------------------------------------

UVM_INFO apb_driver.sv(61) @ 145: uvm_test_top.env_h.act_agent_h.drv_h [[DRV]] Entered SETUP State
UVM_INFO apb_score_board.sv(48) @ 150: uvm_test_top.env_h.sb_h [[SB]] [ACTIVE] paddr=0x0 pwrite=0 pwdata=0x0 prdata=0x0 pslverr=0
UVM_INFO apb_active_monitor.sv(44) @ 150: uvm_test_top.env_h.act_agent_h.act_mon_h [[ACTIVE_MON]] setup detected:::::- ------------------------------------------------------
Name               Type               Size  Value     
------------------------------------------------------
seq_h              apb_sequence_item  -     @1018     
  psel             integral           1     'h1       
  continuous_psel  integral           1     'h0       
  penable          integral           1     'h0       
  pready           integral           1     'h1       
  paddr            integral           32    'hffffffff
  pwrite           integral           1     'h0       
  prdata           integral           32    'h0       
  pwdata           integral           32    'hcde7c59f
  pslverr          integral           1     'h0       
  apb_state        apb_state_e        2     IDLE      
------------------------------------------------------

UVM_INFO apb_score_board.sv(48) @ 150: uvm_test_top.env_h.sb_h [[SB]] [ACTIVE] paddr=0xffffffff pwrite=0 pwdata=0xcde7c59f prdata=0x0 pslverr=0
UVM_INFO apb_score_board.sv(58) @ 150: uvm_test_top.env_h.sb_h [[SB]] [PASSIVE] paddr=0x0 pwrite=0 pwdata=0x0 prdata=0x0 pslverr=0
UVM_WARNING apb_score_board.sv(147) @ 150: uvm_test_top.env_h.sb_h [[SB]] [150] READ from uninitialised addr 0x0 --- no ref
UVM_INFO apb_passive_monitor.sv(44) @ 150: uvm_test_top.env_h.pas_agent_h.pas_mon_h [[PASSIVE_MON]] setup detected:::::- ------------------------------------------------------
Name               Type               Size  Value     
------------------------------------------------------
seq_h              apb_sequence_item  -     @1044     
  psel             integral           1     'h1       
  continuous_psel  integral           1     'h0       
  penable          integral           1     'h0       
  pready           integral           1     'h1       
  paddr            integral           32    'hffffffff
  pwrite           integral           1     'h0       
  prdata           integral           32    'h0       
  pwdata           integral           32    'hcde7c59f
  pslverr          integral           1     'h0       
  apb_state        apb_state_e        2     IDLE      
------------------------------------------------------

UVM_INFO apb_score_board.sv(58) @ 150: uvm_test_top.env_h.sb_h [[SB]] [PASSIVE] paddr=0xffffffff pwrite=0 pwdata=0xcde7c59f prdata=0x0 pslverr=0
UVM_WARNING apb_score_board.sv(147) @ 150: uvm_test_top.env_h.sb_h [[SB]] [150] READ from uninitialised addr 0xffffffff --- no ref
UVM_INFO apb_driver.sv(80) @ 155: uvm_test_top.env_h.act_agent_h.drv_h [[DRV]] Entered ACCESS State
UVM_INFO apb_score_board.sv(48) @ 160: uvm_test_top.env_h.sb_h [[SB]] [ACTIVE] paddr=0xffffffff pwrite=0 pwdata=0xcde7c59f prdata=0x0 pslverr=0
UVM_INFO apb_score_board.sv(58) @ 160: uvm_test_top.env_h.sb_h [[SB]] [PASSIVE] paddr=0xffffffff pwrite=0 pwdata=0xcde7c59f prdata=0x0 pslverr=0
UVM_WARNING apb_score_board.sv(147) @ 160: uvm_test_top.env_h.sb_h [[SB]] [160] READ from uninitialised addr 0xffffffff --- no ref
UVM_INFO apb_driver.sv(108) @ 175: uvm_test_top.env_h.act_agent_h.drv_h [[DRV]] Pready occured at wait_count=1 4294967295 3454518687
UVM_INFO apb_score_board.sv(48) @ 180: uvm_test_top.env_h.sb_h [[SB]] [ACTIVE] paddr=0xffffffff pwrite=0 pwdata=0xcde7c59f prdata=0x0 pslverr=1
UVM_INFO apb_active_monitor.sv(69) @ 180: uvm_test_top.env_h.act_agent_h.act_mon_h [[ACTIVE_MON]]  Transaction sent to scoreboard
UVM_INFO apb_score_board.sv(58) @ 180: uvm_test_top.env_h.sb_h [[SB]] [PASSIVE] paddr=0xffffffff pwrite=0 pwdata=0xcde7c59f prdata=0x0 pslverr=1
UVM_ERROR apb_score_board.sv(81) @ 180: uvm_test_top.env_h.sb_h [[SB]] [180] SLAVE ERROR:paddr=0xffffffff pwrite =0x0 act_pslverr=1 pas_pslverr=1
UVM_INFO apb_passive_monitor.sv(69) @ 180: uvm_test_top.env_h.pas_agent_h.pas_mon_h [[PASSIVE_MON]]  Transaction sent to scoreboard
UVM_INFO apb_driver.sv(112) @ 185: uvm_test_top.env_h.act_agent_h.drv_h [[DRV]] Transaction completed
UVM_INFO apb_driver.sv(121) @ 185: uvm_test_top.env_h.act_agent_h.drv_h [[abc1]] Transaction completed
UVM_INFO apb_driver.sv(122) @ 185: uvm_test_top.env_h.act_agent_h.drv_h [[abc1]]  0
UVM_INFO apb_error_seq.sv(30) @ 195: uvm_test_top.env_h.act_agent_h.seqr_h@@error_h [apb_error_seq] Dispalying From apb_error_seq=-----------------------------------------------------------------------------------------------------
Name                           Type               Size  Value                                        
-----------------------------------------------------------------------------------------------------
seq_h                          apb_sequence_item  -     @1132                                        
  psel                         integral           1     'h0                                          
  continuous_psel              integral           1     'h0                                          
  penable                      integral           1     'h0                                          
  pready                       integral           1     'h0                                          
  paddr                        integral           32    'hffffffff                                   
  pwrite                       integral           1     'h0                                          
  prdata                       integral           32    'h0                                          
  pwdata                       integral           32    'hb4552366                                   
  pslverr                      integral           1     'h0                                          
  apb_state                    apb_state_e        2     ""                                           
  begin_time                   time               64    195                                          
  depth                        int                32    'd2                                          
  parent sequence (name)       string             7     error_h                                      
  parent sequence (full name)  string             45    uvm_test_top.env_h.act_agent_h.seqr_h.error_h
  sequencer                    string             37    uvm_test_top.env_h.act_agent_h.seqr_h        
-----------------------------------------------------------------------------------------------------

UVM_INFO apb_driver.sv(48) @ 195: uvm_test_top.env_h.act_agent_h.drv_h [DRIVER] Displaying from apb_driver=-----------------------------------------------------------------------------------------------------
Name                           Type               Size  Value                                        
-----------------------------------------------------------------------------------------------------
seq_h                          apb_sequence_item  -     @1132                                        
  psel                         integral           1     'h0                                          
  continuous_psel              integral           1     'h0                                          
  penable                      integral           1     'h0                                          
  pready                       integral           1     'h0                                          
  paddr                        integral           32    'hffffffff                                   
  pwrite                       integral           1     'h0                                          
  prdata                       integral           32    'h0                                          
  pwdata                       integral           32    'hb4552366                                   
  pslverr                      integral           1     'h0                                          
  apb_state                    apb_state_e        2     ""                                           
  begin_time                   time               64    195                                          
  depth                        int                32    'd2                                          
  parent sequence (name)       string             7     error_h                                      
  parent sequence (full name)  string             45    uvm_test_top.env_h.act_agent_h.seqr_h.error_h
  sequencer                    string             37    uvm_test_top.env_h.act_agent_h.seqr_h        
-----------------------------------------------------------------------------------------------------

UVM_INFO apb_driver.sv(61) @ 195: uvm_test_top.env_h.act_agent_h.drv_h [[DRV]] Entered SETUP State
UVM_INFO apb_score_board.sv(48) @ 200: uvm_test_top.env_h.sb_h [[SB]] [ACTIVE] paddr=0x0 pwrite=0 pwdata=0x0 prdata=0x0 pslverr=0
UVM_INFO apb_active_monitor.sv(44) @ 200: uvm_test_top.env_h.act_agent_h.act_mon_h [[ACTIVE_MON]] setup detected:::::- ------------------------------------------------------
Name               Type               Size  Value     
------------------------------------------------------
seq_h              apb_sequence_item  -     @1146     
  psel             integral           1     'h1       
  continuous_psel  integral           1     'h0       
  penable          integral           1     'h0       
  pready           integral           1     'h1       
  paddr            integral           32    'hffffffff
  pwrite           integral           1     'h0       
  prdata           integral           32    'h0       
  pwdata           integral           32    'hb4552366
  pslverr          integral           1     'h0       
  apb_state        apb_state_e        2     IDLE      
------------------------------------------------------

UVM_INFO apb_score_board.sv(48) @ 200: uvm_test_top.env_h.sb_h [[SB]] [ACTIVE] paddr=0xffffffff pwrite=0 pwdata=0xb4552366 prdata=0x0 pslverr=0
UVM_INFO apb_score_board.sv(58) @ 200: uvm_test_top.env_h.sb_h [[SB]] [PASSIVE] paddr=0x0 pwrite=0 pwdata=0x0 prdata=0x0 pslverr=0
UVM_WARNING apb_score_board.sv(147) @ 200: uvm_test_top.env_h.sb_h [[SB]] [200] READ from uninitialised addr 0x0 --- no ref
UVM_INFO apb_passive_monitor.sv(44) @ 200: uvm_test_top.env_h.pas_agent_h.pas_mon_h [[PASSIVE_MON]] setup detected:::::- ------------------------------------------------------
Name               Type               Size  Value     
------------------------------------------------------
seq_h              apb_sequence_item  -     @1172     
  psel             integral           1     'h1       
  continuous_psel  integral           1     'h0       
  penable          integral           1     'h0       
  pready           integral           1     'h1       
  paddr            integral           32    'hffffffff
  pwrite           integral           1     'h0       
  prdata           integral           32    'h0       
  pwdata           integral           32    'hb4552366
  pslverr          integral           1     'h0       
  apb_state        apb_state_e        2     IDLE      
------------------------------------------------------

UVM_INFO apb_score_board.sv(58) @ 200: uvm_test_top.env_h.sb_h [[SB]] [PASSIVE] paddr=0xffffffff pwrite=0 pwdata=0xb4552366 prdata=0x0 pslverr=0
UVM_WARNING apb_score_board.sv(147) @ 200: uvm_test_top.env_h.sb_h [[SB]] [200] READ from uninitialised addr 0xffffffff --- no ref
UVM_INFO apb_driver.sv(80) @ 205: uvm_test_top.env_h.act_agent_h.drv_h [[DRV]] Entered ACCESS State
UVM_INFO apb_score_board.sv(48) @ 210: uvm_test_top.env_h.sb_h [[SB]] [ACTIVE] paddr=0xffffffff pwrite=0 pwdata=0xb4552366 prdata=0x0 pslverr=0
UVM_INFO apb_score_board.sv(58) @ 210: uvm_test_top.env_h.sb_h [[SB]] [PASSIVE] paddr=0xffffffff pwrite=0 pwdata=0xb4552366 prdata=0x0 pslverr=0
UVM_WARNING apb_score_board.sv(147) @ 210: uvm_test_top.env_h.sb_h [[SB]] [210] READ from uninitialised addr 0xffffffff --- no ref
UVM_INFO apb_driver.sv(108) @ 215: uvm_test_top.env_h.act_agent_h.drv_h [[DRV]] Pready occured at wait_count=0 4294967295 3025478502
UVM_INFO apb_score_board.sv(48) @ 220: uvm_test_top.env_h.sb_h [[SB]] [ACTIVE] paddr=0xffffffff pwrite=0 pwdata=0xb4552366 prdata=0x0 pslverr=1
UVM_INFO apb_active_monitor.sv(69) @ 220: uvm_test_top.env_h.act_agent_h.act_mon_h [[ACTIVE_MON]]  Transaction sent to scoreboard
UVM_INFO apb_score_board.sv(58) @ 220: uvm_test_top.env_h.sb_h [[SB]] [PASSIVE] paddr=0xffffffff pwrite=0 pwdata=0xb4552366 prdata=0x0 pslverr=1
UVM_ERROR apb_score_board.sv(81) @ 220: uvm_test_top.env_h.sb_h [[SB]] [220] SLAVE ERROR:paddr=0xffffffff pwrite =0x0 act_pslverr=1 pas_pslverr=1
UVM_INFO apb_passive_monitor.sv(69) @ 220: uvm_test_top.env_h.pas_agent_h.pas_mon_h [[PASSIVE_MON]]  Transaction sent to scoreboard
UVM_INFO apb_driver.sv(112) @ 225: uvm_test_top.env_h.act_agent_h.drv_h [[DRV]] Transaction completed
UVM_INFO apb_driver.sv(121) @ 225: uvm_test_top.env_h.act_agent_h.drv_h [[abc1]] Transaction completed
UVM_INFO apb_driver.sv(122) @ 225: uvm_test_top.env_h.act_agent_h.drv_h [[abc1]]  0
UVM_INFO apb_error_seq.sv(30) @ 235: uvm_test_top.env_h.act_agent_h.seqr_h@@error_h [apb_error_seq] Dispalying From apb_error_seq=-----------------------------------------------------------------------------------------------------
Name                           Type               Size  Value                                        
-----------------------------------------------------------------------------------------------------
seq_h                          apb_sequence_item  -     @1260                                        
  psel                         integral           1     'h0                                          
  continuous_psel              integral           1     'h0                                          
  penable                      integral           1     'h0                                          
  pready                       integral           1     'h0                                          
  paddr                        integral           32    'hffffffff                                   
  pwrite                       integral           1     'h0                                          
  prdata                       integral           32    'h0                                          
  pwdata                       integral           32    'hf3bd5f28                                   
  pslverr                      integral           1     'h0                                          
  apb_state                    apb_state_e        2     ""                                           
  begin_time                   time               64    235                                          
  depth                        int                32    'd2                                          
  parent sequence (name)       string             7     error_h                                      
  parent sequence (full name)  string             45    uvm_test_top.env_h.act_agent_h.seqr_h.error_h
  sequencer                    string             37    uvm_test_top.env_h.act_agent_h.seqr_h        
-----------------------------------------------------------------------------------------------------

UVM_INFO apb_driver.sv(48) @ 235: uvm_test_top.env_h.act_agent_h.drv_h [DRIVER] Displaying from apb_driver=-----------------------------------------------------------------------------------------------------
Name                           Type               Size  Value                                        
-----------------------------------------------------------------------------------------------------
seq_h                          apb_sequence_item  -     @1260                                        
  psel                         integral           1     'h0                                          
  continuous_psel              integral           1     'h0                                          
  penable                      integral           1     'h0                                          
  pready                       integral           1     'h0                                          
  paddr                        integral           32    'hffffffff                                   
  pwrite                       integral           1     'h0                                          
  prdata                       integral           32    'h0                                          
  pwdata                       integral           32    'hf3bd5f28                                   
  pslverr                      integral           1     'h0                                          
  apb_state                    apb_state_e        2     ""                                           
  begin_time                   time               64    235                                          
  depth                        int                32    'd2                                          
  parent sequence (name)       string             7     error_h                                      
  parent sequence (full name)  string             45    uvm_test_top.env_h.act_agent_h.seqr_h.error_h
  sequencer                    string             37    uvm_test_top.env_h.act_agent_h.seqr_h        
-----------------------------------------------------------------------------------------------------

UVM_INFO apb_driver.sv(61) @ 235: uvm_test_top.env_h.act_agent_h.drv_h [[DRV]] Entered SETUP State
UVM_INFO apb_score_board.sv(48) @ 240: uvm_test_top.env_h.sb_h [[SB]] [ACTIVE] paddr=0x0 pwrite=0 pwdata=0x0 prdata=0x0 pslverr=0
UVM_INFO apb_active_monitor.sv(44) @ 240: uvm_test_top.env_h.act_agent_h.act_mon_h [[ACTIVE_MON]] setup detected:::::- ------------------------------------------------------
Name               Type               Size  Value     
------------------------------------------------------
seq_h              apb_sequence_item  -     @1274     
  psel             integral           1     'h1       
  continuous_psel  integral           1     'h0       
  penable          integral           1     'h0       
  pready           integral           1     'h1       
  paddr            integral           32    'hffffffff
  pwrite           integral           1     'h0       
  prdata           integral           32    'h0       
  pwdata           integral           32    'hf3bd5f28
  pslverr          integral           1     'h0       
  apb_state        apb_state_e        2     IDLE      
------------------------------------------------------

UVM_INFO apb_score_board.sv(48) @ 240: uvm_test_top.env_h.sb_h [[SB]] [ACTIVE] paddr=0xffffffff pwrite=0 pwdata=0xf3bd5f28 prdata=0x0 pslverr=0
UVM_INFO apb_score_board.sv(58) @ 240: uvm_test_top.env_h.sb_h [[SB]] [PASSIVE] paddr=0x0 pwrite=0 pwdata=0x0 prdata=0x0 pslverr=0
UVM_WARNING apb_score_board.sv(147) @ 240: uvm_test_top.env_h.sb_h [[SB]] [240] READ from uninitialised addr 0x0 --- no ref
UVM_INFO apb_passive_monitor.sv(44) @ 240: uvm_test_top.env_h.pas_agent_h.pas_mon_h [[PASSIVE_MON]] setup detected:::::- ------------------------------------------------------
Name               Type               Size  Value     
------------------------------------------------------
seq_h              apb_sequence_item  -     @1300     
  psel             integral           1     'h1       
  continuous_psel  integral           1     'h0       
  penable          integral           1     'h0       
  pready           integral           1     'h1       
  paddr            integral           32    'hffffffff
  pwrite           integral           1     'h0       
  prdata           integral           32    'h0       
  pwdata           integral           32    'hf3bd5f28
  pslverr          integral           1     'h0       
  apb_state        apb_state_e        2     IDLE      
------------------------------------------------------

UVM_INFO apb_score_board.sv(58) @ 240: uvm_test_top.env_h.sb_h [[SB]] [PASSIVE] paddr=0xffffffff pwrite=0 pwdata=0xf3bd5f28 prdata=0x0 pslverr=0
UVM_WARNING apb_score_board.sv(147) @ 240: uvm_test_top.env_h.sb_h [[SB]] [240] READ from uninitialised addr 0xffffffff --- no ref
UVM_INFO apb_driver.sv(80) @ 245: uvm_test_top.env_h.act_agent_h.drv_h [[DRV]] Entered ACCESS State
UVM_INFO apb_score_board.sv(48) @ 250: uvm_test_top.env_h.sb_h [[SB]] [ACTIVE] paddr=0xffffffff pwrite=0 pwdata=0xf3bd5f28 prdata=0x0 pslverr=0
UVM_INFO apb_score_board.sv(58) @ 250: uvm_test_top.env_h.sb_h [[SB]] [PASSIVE] paddr=0xffffffff pwrite=0 pwdata=0xf3bd5f28 prdata=0x0 pslverr=0
UVM_WARNING apb_score_board.sv(147) @ 250: uvm_test_top.env_h.sb_h [[SB]] [250] READ from uninitialised addr 0xffffffff --- no ref
UVM_INFO apb_driver.sv(108) @ 255: uvm_test_top.env_h.act_agent_h.drv_h [[DRV]] Pready occured at wait_count=0 4294967295 4089274152
UVM_INFO apb_score_board.sv(48) @ 260: uvm_test_top.env_h.sb_h [[SB]] [ACTIVE] paddr=0xffffffff pwrite=0 pwdata=0xf3bd5f28 prdata=0x0 pslverr=1
UVM_INFO apb_active_monitor.sv(69) @ 260: uvm_test_top.env_h.act_agent_h.act_mon_h [[ACTIVE_MON]]  Transaction sent to scoreboard
UVM_INFO apb_score_board.sv(58) @ 260: uvm_test_top.env_h.sb_h [[SB]] [PASSIVE] paddr=0xffffffff pwrite=0 pwdata=0xf3bd5f28 prdata=0x0 pslverr=1
UVM_ERROR apb_score_board.sv(81) @ 260: uvm_test_top.env_h.sb_h [[SB]] [260] SLAVE ERROR:paddr=0xffffffff pwrite =0x0 act_pslverr=1 pas_pslverr=1
UVM_INFO apb_passive_monitor.sv(69) @ 260: uvm_test_top.env_h.pas_agent_h.pas_mon_h [[PASSIVE_MON]]  Transaction sent to scoreboard
UVM_INFO apb_driver.sv(112) @ 265: uvm_test_top.env_h.act_agent_h.drv_h [[DRV]] Transaction completed
UVM_INFO apb_driver.sv(121) @ 265: uvm_test_top.env_h.act_agent_h.drv_h [[abc1]] Transaction completed
UVM_INFO apb_driver.sv(122) @ 265: uvm_test_top.env_h.act_agent_h.drv_h [[abc1]]  0
UVM_INFO apb_error_seq.sv(30) @ 275: uvm_test_top.env_h.act_agent_h.seqr_h@@error_h [apb_error_seq] Dispalying From apb_error_seq=-----------------------------------------------------------------------------------------------------
Name                           Type               Size  Value                                        
-----------------------------------------------------------------------------------------------------
seq_h                          apb_sequence_item  -     @1388                                        
  psel                         integral           1     'h0                                          
  continuous_psel              integral           1     'h0                                          
  penable                      integral           1     'h0                                          
  pready                       integral           1     'h0                                          
  paddr                        integral           32    'hffffffff                                   
  pwrite                       integral           1     'h0                                          
  prdata                       integral           32    'h0                                          
  pwdata                       integral           32    'hacaf27f8                                   
  pslverr                      integral           1     'h0                                          
  apb_state                    apb_state_e        2     ""                                           
  begin_time                   time               64    275                                          
  depth                        int                32    'd2                                          
  parent sequence (name)       string             7     error_h                                      
  parent sequence (full name)  string             45    uvm_test_top.env_h.act_agent_h.seqr_h.error_h
  sequencer                    string             37    uvm_test_top.env_h.act_agent_h.seqr_h        
-----------------------------------------------------------------------------------------------------

UVM_INFO apb_driver.sv(48) @ 275: uvm_test_top.env_h.act_agent_h.drv_h [DRIVER] Displaying from apb_driver=-----------------------------------------------------------------------------------------------------
Name                           Type               Size  Value                                        
-----------------------------------------------------------------------------------------------------
seq_h                          apb_sequence_item  -     @1388                                        
  psel                         integral           1     'h0                                          
  continuous_psel              integral           1     'h0                                          
  penable                      integral           1     'h0                                          
  pready                       integral           1     'h0                                          
  paddr                        integral           32    'hffffffff                                   
  pwrite                       integral           1     'h0                                          
  prdata                       integral           32    'h0                                          
  pwdata                       integral           32    'hacaf27f8                                   
  pslverr                      integral           1     'h0                                          
  apb_state                    apb_state_e        2     ""                                           
  begin_time                   time               64    275                                          
  depth                        int                32    'd2                                          
  parent sequence (name)       string             7     error_h                                      
  parent sequence (full name)  string             45    uvm_test_top.env_h.act_agent_h.seqr_h.error_h
  sequencer                    string             37    uvm_test_top.env_h.act_agent_h.seqr_h        
-----------------------------------------------------------------------------------------------------

UVM_INFO apb_driver.sv(61) @ 275: uvm_test_top.env_h.act_agent_h.drv_h [[DRV]] Entered SETUP State
UVM_INFO apb_score_board.sv(48) @ 280: uvm_test_top.env_h.sb_h [[SB]] [ACTIVE] paddr=0x0 pwrite=0 pwdata=0x0 prdata=0x0 pslverr=0
UVM_INFO apb_active_monitor.sv(44) @ 280: uvm_test_top.env_h.act_agent_h.act_mon_h [[ACTIVE_MON]] setup detected:::::- ------------------------------------------------------
Name               Type               Size  Value     
------------------------------------------------------
seq_h              apb_sequence_item  -     @1402     
  psel             integral           1     'h1       
  continuous_psel  integral           1     'h0       
  penable          integral           1     'h0       
  pready           integral           1     'h1       
  paddr            integral           32    'hffffffff
  pwrite           integral           1     'h0       
  prdata           integral           32    'h0       
  pwdata           integral           32    'hacaf27f8
  pslverr          integral           1     'h0       
  apb_state        apb_state_e        2     IDLE      
------------------------------------------------------

UVM_INFO apb_score_board.sv(48) @ 280: uvm_test_top.env_h.sb_h [[SB]] [ACTIVE] paddr=0xffffffff pwrite=0 pwdata=0xacaf27f8 prdata=0x0 pslverr=0
UVM_INFO apb_score_board.sv(58) @ 280: uvm_test_top.env_h.sb_h [[SB]] [PASSIVE] paddr=0x0 pwrite=0 pwdata=0x0 prdata=0x0 pslverr=0
UVM_WARNING apb_score_board.sv(147) @ 280: uvm_test_top.env_h.sb_h [[SB]] [280] READ from uninitialised addr 0x0 --- no ref
UVM_INFO apb_passive_monitor.sv(44) @ 280: uvm_test_top.env_h.pas_agent_h.pas_mon_h [[PASSIVE_MON]] setup detected:::::- ------------------------------------------------------
Name               Type               Size  Value     
------------------------------------------------------
seq_h              apb_sequence_item  -     @1428     
  psel             integral           1     'h1       
  continuous_psel  integral           1     'h0       
  penable          integral           1     'h0       
  pready           integral           1     'h1       
  paddr            integral           32    'hffffffff
  pwrite           integral           1     'h0       
  prdata           integral           32    'h0       
  pwdata           integral           32    'hacaf27f8
  pslverr          integral           1     'h0       
  apb_state        apb_state_e        2     IDLE      
------------------------------------------------------

UVM_INFO apb_score_board.sv(58) @ 280: uvm_test_top.env_h.sb_h [[SB]] [PASSIVE] paddr=0xffffffff pwrite=0 pwdata=0xacaf27f8 prdata=0x0 pslverr=0
UVM_WARNING apb_score_board.sv(147) @ 280: uvm_test_top.env_h.sb_h [[SB]] [280] READ from uninitialised addr 0xffffffff --- no ref
UVM_INFO apb_driver.sv(80) @ 285: uvm_test_top.env_h.act_agent_h.drv_h [[DRV]] Entered ACCESS State
UVM_INFO apb_score_board.sv(48) @ 290: uvm_test_top.env_h.sb_h [[SB]] [ACTIVE] paddr=0xffffffff pwrite=0 pwdata=0xacaf27f8 prdata=0x0 pslverr=0
UVM_INFO apb_score_board.sv(48) @ 290: uvm_test_top.env_h.sb_h [[SB]] [ACTIVE] paddr=0xffffffff pwrite=0 pwdata=0xacaf27f8 prdata=0x0 pslverr=1
UVM_INFO apb_active_monitor.sv(69) @ 290: uvm_test_top.env_h.act_agent_h.act_mon_h [[ACTIVE_MON]]  Transaction sent to scoreboard
UVM_INFO apb_score_board.sv(58) @ 290: uvm_test_top.env_h.sb_h [[SB]] [PASSIVE] paddr=0xffffffff pwrite=0 pwdata=0xacaf27f8 prdata=0x0 pslverr=0
UVM_WARNING apb_score_board.sv(147) @ 290: uvm_test_top.env_h.sb_h [[SB]] [290] READ from uninitialised addr 0xffffffff --- no ref
UVM_INFO apb_score_board.sv(58) @ 290: uvm_test_top.env_h.sb_h [[SB]] [PASSIVE] paddr=0xffffffff pwrite=0 pwdata=0xacaf27f8 prdata=0x0 pslverr=1
UVM_ERROR apb_score_board.sv(81) @ 290: uvm_test_top.env_h.sb_h [[SB]] [290] SLAVE ERROR:paddr=0xffffffff pwrite =0x0 act_pslverr=1 pas_pslverr=1
UVM_INFO apb_passive_monitor.sv(69) @ 290: uvm_test_top.env_h.pas_agent_h.pas_mon_h [[PASSIVE_MON]]  Transaction sent to scoreboard
UVM_INFO apb_driver.sv(108) @ 295: uvm_test_top.env_h.act_agent_h.drv_h [[DRV]] Pready occured at wait_count=0 4294967295 2897160184
UVM_INFO apb_driver.sv(112) @ 305: uvm_test_top.env_h.act_agent_h.drv_h [[DRV]] Transaction completed
UVM_INFO apb_driver.sv(121) @ 305: uvm_test_top.env_h.act_agent_h.drv_h [[abc1]] Transaction completed
UVM_INFO apb_driver.sv(122) @ 305: uvm_test_top.env_h.act_agent_h.drv_h [[abc1]]  0
UVM_INFO apb_error_seq.sv(30) @ 315: uvm_test_top.env_h.act_agent_h.seqr_h@@error_h [apb_error_seq] Dispalying From apb_error_seq=-----------------------------------------------------------------------------------------------------
Name                           Type               Size  Value                                        
-----------------------------------------------------------------------------------------------------
seq_h                          apb_sequence_item  -     @1516                                        
  psel                         integral           1     'h0                                          
  continuous_psel              integral           1     'h0                                          
  penable                      integral           1     'h0                                          
  pready                       integral           1     'h0                                          
  paddr                        integral           32    'hffffffff                                   
  pwrite                       integral           1     'h0                                          
  prdata                       integral           32    'h0                                          
  pwdata                       integral           32    'hd44de9e0                                   
  pslverr                      integral           1     'h0                                          
  apb_state                    apb_state_e        2     ""                                           
  begin_time                   time               64    315                                          
  depth                        int                32    'd2                                          
  parent sequence (name)       string             7     error_h                                      
  parent sequence (full name)  string             45    uvm_test_top.env_h.act_agent_h.seqr_h.error_h
  sequencer                    string             37    uvm_test_top.env_h.act_agent_h.seqr_h        
-----------------------------------------------------------------------------------------------------

UVM_INFO apb_driver.sv(48) @ 315: uvm_test_top.env_h.act_agent_h.drv_h [DRIVER] Displaying from apb_driver=-----------------------------------------------------------------------------------------------------
Name                           Type               Size  Value                                        
-----------------------------------------------------------------------------------------------------
seq_h                          apb_sequence_item  -     @1516                                        
  psel                         integral           1     'h0                                          
  continuous_psel              integral           1     'h0                                          
  penable                      integral           1     'h0                                          
  pready                       integral           1     'h0                                          
  paddr                        integral           32    'hffffffff                                   
  pwrite                       integral           1     'h0                                          
  prdata                       integral           32    'h0                                          
  pwdata                       integral           32    'hd44de9e0                                   
  pslverr                      integral           1     'h0                                          
  apb_state                    apb_state_e        2     ""                                           
  begin_time                   time               64    315                                          
  depth                        int                32    'd2                                          
  parent sequence (name)       string             7     error_h                                      
  parent sequence (full name)  string             45    uvm_test_top.env_h.act_agent_h.seqr_h.error_h
  sequencer                    string             37    uvm_test_top.env_h.act_agent_h.seqr_h        
-----------------------------------------------------------------------------------------------------

UVM_INFO apb_driver.sv(61) @ 315: uvm_test_top.env_h.act_agent_h.drv_h [[DRV]] Entered SETUP State
UVM_INFO apb_score_board.sv(48) @ 320: uvm_test_top.env_h.sb_h [[SB]] [ACTIVE] paddr=0x0 pwrite=0 pwdata=0x0 prdata=0x0 pslverr=0
UVM_INFO apb_active_monitor.sv(44) @ 320: uvm_test_top.env_h.act_agent_h.act_mon_h [[ACTIVE_MON]] setup detected:::::- ------------------------------------------------------
Name               Type               Size  Value     
------------------------------------------------------
seq_h              apb_sequence_item  -     @1530     
  psel             integral           1     'h1       
  continuous_psel  integral           1     'h0       
  penable          integral           1     'h0       
  pready           integral           1     'h0       
  paddr            integral           32    'hffffffff
  pwrite           integral           1     'h0       
  prdata           integral           32    'h0       
  pwdata           integral           32    'hd44de9e0
  pslverr          integral           1     'h0       
  apb_state        apb_state_e        2     IDLE      
------------------------------------------------------

UVM_INFO apb_score_board.sv(48) @ 320: uvm_test_top.env_h.sb_h [[SB]] [ACTIVE] paddr=0xffffffff pwrite=0 pwdata=0xd44de9e0 prdata=0x0 pslverr=0
UVM_INFO apb_score_board.sv(58) @ 320: uvm_test_top.env_h.sb_h [[SB]] [PASSIVE] paddr=0x0 pwrite=0 pwdata=0x0 prdata=0x0 pslverr=0
UVM_WARNING apb_score_board.sv(147) @ 320: uvm_test_top.env_h.sb_h [[SB]] [320] READ from uninitialised addr 0x0 --- no ref
UVM_INFO apb_passive_monitor.sv(44) @ 320: uvm_test_top.env_h.pas_agent_h.pas_mon_h [[PASSIVE_MON]] setup detected:::::- ------------------------------------------------------
Name               Type               Size  Value     
------------------------------------------------------
seq_h              apb_sequence_item  -     @1556     
  psel             integral           1     'h1       
  continuous_psel  integral           1     'h0       
  penable          integral           1     'h0       
  pready           integral           1     'h0       
  paddr            integral           32    'hffffffff
  pwrite           integral           1     'h0       
  prdata           integral           32    'h0       
  pwdata           integral           32    'hd44de9e0
  pslverr          integral           1     'h0       
  apb_state        apb_state_e        2     IDLE      
------------------------------------------------------

UVM_INFO apb_score_board.sv(58) @ 320: uvm_test_top.env_h.sb_h [[SB]] [PASSIVE] paddr=0xffffffff pwrite=0 pwdata=0xd44de9e0 prdata=0x0 pslverr=0
UVM_WARNING apb_score_board.sv(147) @ 320: uvm_test_top.env_h.sb_h [[SB]] [320] READ from uninitialised addr 0xffffffff --- no ref
UVM_INFO apb_driver.sv(80) @ 325: uvm_test_top.env_h.act_agent_h.drv_h [[DRV]] Entered ACCESS State
UVM_INFO apb_score_board.sv(48) @ 330: uvm_test_top.env_h.sb_h [[SB]] [ACTIVE] paddr=0xffffffff pwrite=0 pwdata=0xd44de9e0 prdata=0x0 pslverr=0
UVM_INFO apb_score_board.sv(58) @ 330: uvm_test_top.env_h.sb_h [[SB]] [PASSIVE] paddr=0xffffffff pwrite=0 pwdata=0xd44de9e0 prdata=0x0 pslverr=0
UVM_WARNING apb_score_board.sv(147) @ 330: uvm_test_top.env_h.sb_h [[SB]] [330] READ from uninitialised addr 0xffffffff --- no ref
UVM_INFO apb_driver.sv(108) @ 335: uvm_test_top.env_h.act_agent_h.drv_h [[DRV]] Pready occured at wait_count=0 4294967295 3561875936
UVM_INFO apb_score_board.sv(48) @ 340: uvm_test_top.env_h.sb_h [[SB]] [ACTIVE] paddr=0xffffffff pwrite=0 pwdata=0xd44de9e0 prdata=0x0 pslverr=1
UVM_INFO apb_active_monitor.sv(69) @ 340: uvm_test_top.env_h.act_agent_h.act_mon_h [[ACTIVE_MON]]  Transaction sent to scoreboard
UVM_INFO apb_score_board.sv(58) @ 340: uvm_test_top.env_h.sb_h [[SB]] [PASSIVE] paddr=0xffffffff pwrite=0 pwdata=0xd44de9e0 prdata=0x0 pslverr=1
UVM_ERROR apb_score_board.sv(81) @ 340: uvm_test_top.env_h.sb_h [[SB]] [340] SLAVE ERROR:paddr=0xffffffff pwrite =0x0 act_pslverr=1 pas_pslverr=1
UVM_INFO apb_passive_monitor.sv(69) @ 340: uvm_test_top.env_h.pas_agent_h.pas_mon_h [[PASSIVE_MON]]  Transaction sent to scoreboard
UVM_INFO apb_driver.sv(112) @ 345: uvm_test_top.env_h.act_agent_h.drv_h [[DRV]] Transaction completed
UVM_INFO apb_driver.sv(121) @ 345: uvm_test_top.env_h.act_agent_h.drv_h [[abc1]] Transaction completed
UVM_INFO apb_driver.sv(122) @ 345: uvm_test_top.env_h.act_agent_h.drv_h [[abc1]]  0
UVM_INFO apb_error_seq.sv(30) @ 355: uvm_test_top.env_h.act_agent_h.seqr_h@@error_h [apb_error_seq] Dispalying From apb_error_seq=-----------------------------------------------------------------------------------------------------
Name                           Type               Size  Value                                        
-----------------------------------------------------------------------------------------------------
seq_h                          apb_sequence_item  -     @1644                                        
  psel                         integral           1     'h0                                          
  continuous_psel              integral           1     'h0                                          
  penable                      integral           1     'h0                                          
  pready                       integral           1     'h0                                          
  paddr                        integral           32    'hffffffff                                   
  pwrite                       integral           1     'h0                                          
  prdata                       integral           32    'h0                                          
  pwdata                       integral           32    'h18815f00                                   
  pslverr                      integral           1     'h0                                          
  apb_state                    apb_state_e        2     ""                                           
  begin_time                   time               64    355                                          
  depth                        int                32    'd2                                          
  parent sequence (name)       string             7     error_h                                      
  parent sequence (full name)  string             45    uvm_test_top.env_h.act_agent_h.seqr_h.error_h
  sequencer                    string             37    uvm_test_top.env_h.act_agent_h.seqr_h        
-----------------------------------------------------------------------------------------------------

UVM_INFO apb_driver.sv(48) @ 355: uvm_test_top.env_h.act_agent_h.drv_h [DRIVER] Displaying from apb_driver=-----------------------------------------------------------------------------------------------------
Name                           Type               Size  Value                                        
-----------------------------------------------------------------------------------------------------
seq_h                          apb_sequence_item  -     @1644                                        
  psel                         integral           1     'h0                                          
  continuous_psel              integral           1     'h0                                          
  penable                      integral           1     'h0                                          
  pready                       integral           1     'h0                                          
  paddr                        integral           32    'hffffffff                                   
  pwrite                       integral           1     'h0                                          
  prdata                       integral           32    'h0                                          
  pwdata                       integral           32    'h18815f00                                   
  pslverr                      integral           1     'h0                                          
  apb_state                    apb_state_e        2     ""                                           
  begin_time                   time               64    355                                          
  depth                        int                32    'd2                                          
  parent sequence (name)       string             7     error_h                                      
  parent sequence (full name)  string             45    uvm_test_top.env_h.act_agent_h.seqr_h.error_h
  sequencer                    string             37    uvm_test_top.env_h.act_agent_h.seqr_h        
-----------------------------------------------------------------------------------------------------

UVM_INFO apb_driver.sv(61) @ 355: uvm_test_top.env_h.act_agent_h.drv_h [[DRV]] Entered SETUP State
UVM_INFO apb_score_board.sv(48) @ 360: uvm_test_top.env_h.sb_h [[SB]] [ACTIVE] paddr=0x0 pwrite=0 pwdata=0x0 prdata=0x0 pslverr=0
UVM_INFO apb_active_monitor.sv(44) @ 360: uvm_test_top.env_h.act_agent_h.act_mon_h [[ACTIVE_MON]] setup detected:::::- ------------------------------------------------------
Name               Type               Size  Value     
------------------------------------------------------
seq_h              apb_sequence_item  -     @1658     
  psel             integral           1     'h1       
  continuous_psel  integral           1     'h0       
  penable          integral           1     'h0       
  pready           integral           1     'h1       
  paddr            integral           32    'hffffffff
  pwrite           integral           1     'h0       
  prdata           integral           32    'h0       
  pwdata           integral           32    'h18815f00
  pslverr          integral           1     'h0       
  apb_state        apb_state_e        2     IDLE      
------------------------------------------------------

UVM_INFO apb_score_board.sv(48) @ 360: uvm_test_top.env_h.sb_h [[SB]] [ACTIVE] paddr=0xffffffff pwrite=0 pwdata=0x18815f00 prdata=0x0 pslverr=0
UVM_INFO apb_score_board.sv(58) @ 360: uvm_test_top.env_h.sb_h [[SB]] [PASSIVE] paddr=0x0 pwrite=0 pwdata=0x0 prdata=0x0 pslverr=0
UVM_WARNING apb_score_board.sv(147) @ 360: uvm_test_top.env_h.sb_h [[SB]] [360] READ from uninitialised addr 0x0 --- no ref
UVM_INFO apb_passive_monitor.sv(44) @ 360: uvm_test_top.env_h.pas_agent_h.pas_mon_h [[PASSIVE_MON]] setup detected:::::- ------------------------------------------------------
Name               Type               Size  Value     
------------------------------------------------------
seq_h              apb_sequence_item  -     @1684     
  psel             integral           1     'h1       
  continuous_psel  integral           1     'h0       
  penable          integral           1     'h0       
  pready           integral           1     'h1       
  paddr            integral           32    'hffffffff
  pwrite           integral           1     'h0       
  prdata           integral           32    'h0       
  pwdata           integral           32    'h18815f00
  pslverr          integral           1     'h0       
  apb_state        apb_state_e        2     IDLE      
------------------------------------------------------

UVM_INFO apb_score_board.sv(58) @ 360: uvm_test_top.env_h.sb_h [[SB]] [PASSIVE] paddr=0xffffffff pwrite=0 pwdata=0x18815f00 prdata=0x0 pslverr=0
UVM_WARNING apb_score_board.sv(147) @ 360: uvm_test_top.env_h.sb_h [[SB]] [360] READ from uninitialised addr 0xffffffff --- no ref
UVM_INFO apb_driver.sv(80) @ 365: uvm_test_top.env_h.act_agent_h.drv_h [[DRV]] Entered ACCESS State
UVM_INFO apb_score_board.sv(48) @ 370: uvm_test_top.env_h.sb_h [[SB]] [ACTIVE] paddr=0xffffffff pwrite=0 pwdata=0x18815f00 prdata=0x0 pslverr=0
UVM_INFO apb_score_board.sv(58) @ 370: uvm_test_top.env_h.sb_h [[SB]] [PASSIVE] paddr=0xffffffff pwrite=0 pwdata=0x18815f00 prdata=0x0 pslverr=0
UVM_WARNING apb_score_board.sv(147) @ 370: uvm_test_top.env_h.sb_h [[SB]] [370] READ from uninitialised addr 0xffffffff --- no ref
UVM_INFO apb_driver.sv(108) @ 385: uvm_test_top.env_h.act_agent_h.drv_h [[DRV]] Pready occured at wait_count=1 4294967295 411131648
UVM_INFO apb_score_board.sv(48) @ 390: uvm_test_top.env_h.sb_h [[SB]] [ACTIVE] paddr=0xffffffff pwrite=0 pwdata=0x18815f00 prdata=0x0 pslverr=1
UVM_INFO apb_active_monitor.sv(69) @ 390: uvm_test_top.env_h.act_agent_h.act_mon_h [[ACTIVE_MON]]  Transaction sent to scoreboard
UVM_INFO apb_score_board.sv(58) @ 390: uvm_test_top.env_h.sb_h [[SB]] [PASSIVE] paddr=0xffffffff pwrite=0 pwdata=0x18815f00 prdata=0x0 pslverr=1
UVM_ERROR apb_score_board.sv(81) @ 390: uvm_test_top.env_h.sb_h [[SB]] [390] SLAVE ERROR:paddr=0xffffffff pwrite =0x0 act_pslverr=1 pas_pslverr=1
UVM_INFO apb_passive_monitor.sv(69) @ 390: uvm_test_top.env_h.pas_agent_h.pas_mon_h [[PASSIVE_MON]]  Transaction sent to scoreboard
UVM_INFO apb_driver.sv(112) @ 395: uvm_test_top.env_h.act_agent_h.drv_h [[DRV]] Transaction completed
UVM_INFO apb_driver.sv(121) @ 395: uvm_test_top.env_h.act_agent_h.drv_h [[abc1]] Transaction completed
UVM_INFO apb_driver.sv(122) @ 395: uvm_test_top.env_h.act_agent_h.drv_h [[abc1]]  0
UVM_INFO apb_error_seq.sv(30) @ 405: uvm_test_top.env_h.act_agent_h.seqr_h@@error_h [apb_error_seq] Dispalying From apb_error_seq=-----------------------------------------------------------------------------------------------------
Name                           Type               Size  Value                                        
-----------------------------------------------------------------------------------------------------
seq_h                          apb_sequence_item  -     @1772                                        
  psel                         integral           1     'h0                                          
  continuous_psel              integral           1     'h0                                          
  penable                      integral           1     'h0                                          
  pready                       integral           1     'h0                                          
  paddr                        integral           32    'hffffffff                                   
  pwrite                       integral           1     'h0                                          
  prdata                       integral           32    'h0                                          
  pwdata                       integral           32    'hb2fd80f1                                   
  pslverr                      integral           1     'h0                                          
  apb_state                    apb_state_e        2     ""                                           
  begin_time                   time               64    405                                          
  depth                        int                32    'd2                                          
  parent sequence (name)       string             7     error_h                                      
  parent sequence (full name)  string             45    uvm_test_top.env_h.act_agent_h.seqr_h.error_h
  sequencer                    string             37    uvm_test_top.env_h.act_agent_h.seqr_h        
-----------------------------------------------------------------------------------------------------

UVM_INFO apb_driver.sv(48) @ 405: uvm_test_top.env_h.act_agent_h.drv_h [DRIVER] Displaying from apb_driver=-----------------------------------------------------------------------------------------------------
Name                           Type               Size  Value                                        
-----------------------------------------------------------------------------------------------------
seq_h                          apb_sequence_item  -     @1772                                        
  psel                         integral           1     'h0                                          
  continuous_psel              integral           1     'h0                                          
  penable                      integral           1     'h0                                          
  pready                       integral           1     'h0                                          
  paddr                        integral           32    'hffffffff                                   
  pwrite                       integral           1     'h0                                          
  prdata                       integral           32    'h0                                          
  pwdata                       integral           32    'hb2fd80f1                                   
  pslverr                      integral           1     'h0                                          
  apb_state                    apb_state_e        2     ""                                           
  begin_time                   time               64    405                                          
  depth                        int                32    'd2                                          
  parent sequence (name)       string             7     error_h                                      
  parent sequence (full name)  string             45    uvm_test_top.env_h.act_agent_h.seqr_h.error_h
  sequencer                    string             37    uvm_test_top.env_h.act_agent_h.seqr_h        
-----------------------------------------------------------------------------------------------------

UVM_INFO apb_driver.sv(61) @ 405: uvm_test_top.env_h.act_agent_h.drv_h [[DRV]] Entered SETUP State
UVM_INFO apb_score_board.sv(48) @ 410: uvm_test_top.env_h.sb_h [[SB]] [ACTIVE] paddr=0x0 pwrite=0 pwdata=0x0 prdata=0x0 pslverr=0
UVM_INFO apb_active_monitor.sv(44) @ 410: uvm_test_top.env_h.act_agent_h.act_mon_h [[ACTIVE_MON]] setup detected:::::- ------------------------------------------------------
Name               Type               Size  Value     
------------------------------------------------------
seq_h              apb_sequence_item  -     @1786     
  psel             integral           1     'h1       
  continuous_psel  integral           1     'h0       
  penable          integral           1     'h0       
  pready           integral           1     'h1       
  paddr            integral           32    'hffffffff
  pwrite           integral           1     'h0       
  prdata           integral           32    'h0       
  pwdata           integral           32    'hb2fd80f1
  pslverr          integral           1     'h0       
  apb_state        apb_state_e        2     IDLE      
------------------------------------------------------

UVM_INFO apb_score_board.sv(48) @ 410: uvm_test_top.env_h.sb_h [[SB]] [ACTIVE] paddr=0xffffffff pwrite=0 pwdata=0xb2fd80f1 prdata=0x0 pslverr=0
UVM_INFO apb_score_board.sv(58) @ 410: uvm_test_top.env_h.sb_h [[SB]] [PASSIVE] paddr=0x0 pwrite=0 pwdata=0x0 prdata=0x0 pslverr=0
UVM_WARNING apb_score_board.sv(147) @ 410: uvm_test_top.env_h.sb_h [[SB]] [410] READ from uninitialised addr 0x0 --- no ref
UVM_INFO apb_passive_monitor.sv(44) @ 410: uvm_test_top.env_h.pas_agent_h.pas_mon_h [[PASSIVE_MON]] setup detected:::::- ------------------------------------------------------
Name               Type               Size  Value     
------------------------------------------------------
seq_h              apb_sequence_item  -     @1812     
  psel             integral           1     'h1       
  continuous_psel  integral           1     'h0       
  penable          integral           1     'h0       
  pready           integral           1     'h1       
  paddr            integral           32    'hffffffff
  pwrite           integral           1     'h0       
  prdata           integral           32    'h0       
  pwdata           integral           32    'hb2fd80f1
  pslverr          integral           1     'h0       
  apb_state        apb_state_e        2     IDLE      
------------------------------------------------------

UVM_INFO apb_score_board.sv(58) @ 410: uvm_test_top.env_h.sb_h [[SB]] [PASSIVE] paddr=0xffffffff pwrite=0 pwdata=0xb2fd80f1 prdata=0x0 pslverr=0
UVM_WARNING apb_score_board.sv(147) @ 410: uvm_test_top.env_h.sb_h [[SB]] [410] READ from uninitialised addr 0xffffffff --- no ref
UVM_INFO apb_driver.sv(80) @ 415: uvm_test_top.env_h.act_agent_h.drv_h [[DRV]] Entered ACCESS State
UVM_INFO apb_score_board.sv(48) @ 420: uvm_test_top.env_h.sb_h [[SB]] [ACTIVE] paddr=0xffffffff pwrite=0 pwdata=0xb2fd80f1 prdata=0x0 pslverr=0
UVM_INFO apb_score_board.sv(58) @ 420: uvm_test_top.env_h.sb_h [[SB]] [PASSIVE] paddr=0xffffffff pwrite=0 pwdata=0xb2fd80f1 prdata=0x0 pslverr=0
UVM_WARNING apb_score_board.sv(147) @ 420: uvm_test_top.env_h.sb_h [[SB]] [420] READ from uninitialised addr 0xffffffff --- no ref
UVM_INFO apb_driver.sv(108) @ 445: uvm_test_top.env_h.act_agent_h.drv_h [[DRV]] Pready occured at wait_count=2 4294967295 3002958065
UVM_INFO apb_score_board.sv(48) @ 450: uvm_test_top.env_h.sb_h [[SB]] [ACTIVE] paddr=0xffffffff pwrite=0 pwdata=0xb2fd80f1 prdata=0x0 pslverr=1
UVM_INFO apb_active_monitor.sv(69) @ 450: uvm_test_top.env_h.act_agent_h.act_mon_h [[ACTIVE_MON]]  Transaction sent to scoreboard
UVM_INFO apb_score_board.sv(58) @ 450: uvm_test_top.env_h.sb_h [[SB]] [PASSIVE] paddr=0xffffffff pwrite=0 pwdata=0xb2fd80f1 prdata=0x0 pslverr=1
UVM_ERROR apb_score_board.sv(81) @ 450: uvm_test_top.env_h.sb_h [[SB]] [450] SLAVE ERROR:paddr=0xffffffff pwrite =0x0 act_pslverr=1 pas_pslverr=1
UVM_INFO apb_passive_monitor.sv(69) @ 450: uvm_test_top.env_h.pas_agent_h.pas_mon_h [[PASSIVE_MON]]  Transaction sent to scoreboard
UVM_INFO apb_driver.sv(112) @ 455: uvm_test_top.env_h.act_agent_h.drv_h [[DRV]] Transaction completed
UVM_INFO apb_driver.sv(121) @ 455: uvm_test_top.env_h.act_agent_h.drv_h [[abc1]] Transaction completed
UVM_INFO apb_driver.sv(122) @ 455: uvm_test_top.env_h.act_agent_h.drv_h [[abc1]]  0
UVM_ERROR @ 455: uvm_test_top.env_h.act_agent_h.seqr_h@@error_h [uvm_test_top.env_h.act_agent_h.seqr_h.error_h] Response queue overflow, response was dropped
UVM_INFO apb_error_seq.sv(30) @ 465: uvm_test_top.env_h.act_agent_h.seqr_h@@error_h [apb_error_seq] Dispalying From apb_error_seq=-----------------------------------------------------------------------------------------------------
Name                           Type               Size  Value                                        
-----------------------------------------------------------------------------------------------------
seq_h                          apb_sequence_item  -     @1902                                        
  psel                         integral           1     'h0                                          
  continuous_psel              integral           1     'h0                                          
  penable                      integral           1     'h0                                          
  pready                       integral           1     'h0                                          
  paddr                        integral           32    'hffffffff                                   
  pwrite                       integral           1     'h0                                          
  prdata                       integral           32    'h0                                          
  pwdata                       integral           32    'h5d2c31ac                                   
  pslverr                      integral           1     'h0                                          
  apb_state                    apb_state_e        2     ""                                           
  begin_time                   time               64    465                                          
  depth                        int                32    'd2                                          
  parent sequence (name)       string             7     error_h                                      
  parent sequence (full name)  string             45    uvm_test_top.env_h.act_agent_h.seqr_h.error_h
  sequencer                    string             37    uvm_test_top.env_h.act_agent_h.seqr_h        
-----------------------------------------------------------------------------------------------------

UVM_INFO apb_driver.sv(48) @ 465: uvm_test_top.env_h.act_agent_h.drv_h [DRIVER] Displaying from apb_driver=-----------------------------------------------------------------------------------------------------
Name                           Type               Size  Value                                        
-----------------------------------------------------------------------------------------------------
seq_h                          apb_sequence_item  -     @1902                                        
  psel                         integral           1     'h0                                          
  continuous_psel              integral           1     'h0                                          
  penable                      integral           1     'h0                                          
  pready                       integral           1     'h0                                          
  paddr                        integral           32    'hffffffff                                   
  pwrite                       integral           1     'h0                                          
  prdata                       integral           32    'h0                                          
  pwdata                       integral           32    'h5d2c31ac                                   
  pslverr                      integral           1     'h0                                          
  apb_state                    apb_state_e        2     ""                                           
  begin_time                   time               64    465                                          
  depth                        int                32    'd2                                          
  parent sequence (name)       string             7     error_h                                      
  parent sequence (full name)  string             45    uvm_test_top.env_h.act_agent_h.seqr_h.error_h
  sequencer                    string             37    uvm_test_top.env_h.act_agent_h.seqr_h        
-----------------------------------------------------------------------------------------------------

UVM_INFO apb_driver.sv(61) @ 465: uvm_test_top.env_h.act_agent_h.drv_h [[DRV]] Entered SETUP State
UVM_INFO apb_score_board.sv(48) @ 470: uvm_test_top.env_h.sb_h [[SB]] [ACTIVE] paddr=0x0 pwrite=0 pwdata=0x0 prdata=0x0 pslverr=0
UVM_INFO apb_active_monitor.sv(44) @ 470: uvm_test_top.env_h.act_agent_h.act_mon_h [[ACTIVE_MON]] setup detected:::::- ------------------------------------------------------
Name               Type               Size  Value     
------------------------------------------------------
seq_h              apb_sequence_item  -     @1916     
  psel             integral           1     'h1       
  continuous_psel  integral           1     'h0       
  penable          integral           1     'h0       
  pready           integral           1     'h1       
  paddr            integral           32    'hffffffff
  pwrite           integral           1     'h0       
  prdata           integral           32    'h0       
  pwdata           integral           32    'h5d2c31ac
  pslverr          integral           1     'h0       
  apb_state        apb_state_e        2     IDLE      
------------------------------------------------------

UVM_INFO apb_score_board.sv(48) @ 470: uvm_test_top.env_h.sb_h [[SB]] [ACTIVE] paddr=0xffffffff pwrite=0 pwdata=0x5d2c31ac prdata=0x0 pslverr=0
UVM_INFO apb_score_board.sv(58) @ 470: uvm_test_top.env_h.sb_h [[SB]] [PASSIVE] paddr=0x0 pwrite=0 pwdata=0x0 prdata=0x0 pslverr=0
UVM_WARNING apb_score_board.sv(147) @ 470: uvm_test_top.env_h.sb_h [[SB]] [470] READ from uninitialised addr 0x0 --- no ref
UVM_INFO apb_passive_monitor.sv(44) @ 470: uvm_test_top.env_h.pas_agent_h.pas_mon_h [[PASSIVE_MON]] setup detected:::::- ------------------------------------------------------
Name               Type               Size  Value     
------------------------------------------------------
seq_h              apb_sequence_item  -     @1942     
  psel             integral           1     'h1       
  continuous_psel  integral           1     'h0       
  penable          integral           1     'h0       
  pready           integral           1     'h1       
  paddr            integral           32    'hffffffff
  pwrite           integral           1     'h0       
  prdata           integral           32    'h0       
  pwdata           integral           32    'h5d2c31ac
  pslverr          integral           1     'h0       
  apb_state        apb_state_e        2     IDLE      
------------------------------------------------------

UVM_INFO apb_score_board.sv(58) @ 470: uvm_test_top.env_h.sb_h [[SB]] [PASSIVE] paddr=0xffffffff pwrite=0 pwdata=0x5d2c31ac prdata=0x0 pslverr=0
UVM_WARNING apb_score_board.sv(147) @ 470: uvm_test_top.env_h.sb_h [[SB]] [470] READ from uninitialised addr 0xffffffff --- no ref
UVM_INFO apb_driver.sv(80) @ 475: uvm_test_top.env_h.act_agent_h.drv_h [[DRV]] Entered ACCESS State
UVM_INFO apb_score_board.sv(48) @ 480: uvm_test_top.env_h.sb_h [[SB]] [ACTIVE] paddr=0xffffffff pwrite=0 pwdata=0x5d2c31ac prdata=0x0 pslverr=0
UVM_INFO apb_score_board.sv(48) @ 480: uvm_test_top.env_h.sb_h [[SB]] [ACTIVE] paddr=0xffffffff pwrite=0 pwdata=0x5d2c31ac prdata=0x0 pslverr=1
UVM_INFO apb_active_monitor.sv(69) @ 480: uvm_test_top.env_h.act_agent_h.act_mon_h [[ACTIVE_MON]]  Transaction sent to scoreboard
UVM_INFO apb_score_board.sv(58) @ 480: uvm_test_top.env_h.sb_h [[SB]] [PASSIVE] paddr=0xffffffff pwrite=0 pwdata=0x5d2c31ac prdata=0x0 pslverr=0
UVM_WARNING apb_score_board.sv(147) @ 480: uvm_test_top.env_h.sb_h [[SB]] [480] READ from uninitialised addr 0xffffffff --- no ref
UVM_INFO apb_score_board.sv(58) @ 480: uvm_test_top.env_h.sb_h [[SB]] [PASSIVE] paddr=0xffffffff pwrite=0 pwdata=0x5d2c31ac prdata=0x0 pslverr=1
UVM_ERROR apb_score_board.sv(81) @ 480: uvm_test_top.env_h.sb_h [[SB]] [480] SLAVE ERROR:paddr=0xffffffff pwrite =0x0 act_pslverr=1 pas_pslverr=1
UVM_INFO apb_passive_monitor.sv(69) @ 480: uvm_test_top.env_h.pas_agent_h.pas_mon_h [[PASSIVE_MON]]  Transaction sent to scoreboard
UVM_INFO apb_driver.sv(108) @ 485: uvm_test_top.env_h.act_agent_h.drv_h [[DRV]] Pready occured at wait_count=0 4294967295 1563177388
UVM_INFO apb_driver.sv(112) @ 495: uvm_test_top.env_h.act_agent_h.drv_h [[DRV]] Transaction completed
UVM_INFO apb_driver.sv(121) @ 495: uvm_test_top.env_h.act_agent_h.drv_h [[abc1]] Transaction completed
UVM_INFO apb_driver.sv(122) @ 495: uvm_test_top.env_h.act_agent_h.drv_h [[abc1]]  0
UVM_ERROR @ 495: uvm_test_top.env_h.act_agent_h.seqr_h@@error_h [uvm_test_top.env_h.act_agent_h.seqr_h.error_h] Response queue overflow, response was dropped
UVM_INFO apb_write_seq.sv(30) @ 505: uvm_test_top.env_h.act_agent_h.seqr_h@@write_h [w_seq] Dispalying From apb_write_seq=-----------------------------------------------------------------------------------------------------
Name                           Type               Size  Value                                        
-----------------------------------------------------------------------------------------------------
seq_h                          apb_sequence_item  -     @2036                                        
  psel                         integral           1     'h0                                          
  continuous_psel              integral           1     'h0                                          
  penable                      integral           1     'h0                                          
  pready                       integral           1     'h0                                          
  paddr                        integral           32    'h53                                         
  pwrite                       integral           1     'h1                                          
  prdata                       integral           32    'h0                                          
  pwdata                       integral           32    'h9a12                                       
  pslverr                      integral           1     'h0                                          
  apb_state                    apb_state_e        2     ""                                           
  begin_time                   time               64    505                                          
  depth                        int                32    'd2                                          
  parent sequence (name)       string             7     write_h                                      
  parent sequence (full name)  string             45    uvm_test_top.env_h.act_agent_h.seqr_h.write_h
  sequencer                    string             37    uvm_test_top.env_h.act_agent_h.seqr_h        
-----------------------------------------------------------------------------------------------------

UVM_INFO apb_driver.sv(48) @ 505: uvm_test_top.env_h.act_agent_h.drv_h [DRIVER] Displaying from apb_driver=-----------------------------------------------------------------------------------------------------
Name                           Type               Size  Value                                        
-----------------------------------------------------------------------------------------------------
seq_h                          apb_sequence_item  -     @2036                                        
  psel                         integral           1     'h0                                          
  continuous_psel              integral           1     'h0                                          
  penable                      integral           1     'h0                                          
  pready                       integral           1     'h0                                          
  paddr                        integral           32    'h53                                         
  pwrite                       integral           1     'h1                                          
  prdata                       integral           32    'h0                                          
  pwdata                       integral           32    'h9a12                                       
  pslverr                      integral           1     'h0                                          
  apb_state                    apb_state_e        2     ""                                           
  begin_time                   time               64    505                                          
  depth                        int                32    'd2                                          
  parent sequence (name)       string             7     write_h                                      
  parent sequence (full name)  string             45    uvm_test_top.env_h.act_agent_h.seqr_h.write_h
  sequencer                    string             37    uvm_test_top.env_h.act_agent_h.seqr_h        
-----------------------------------------------------------------------------------------------------

UVM_INFO apb_driver.sv(61) @ 505: uvm_test_top.env_h.act_agent_h.drv_h [[DRV]] Entered SETUP State
UVM_INFO apb_score_board.sv(48) @ 510: uvm_test_top.env_h.sb_h [[SB]] [ACTIVE] paddr=0x0 pwrite=0 pwdata=0x0 prdata=0x0 pslverr=0
UVM_INFO apb_active_monitor.sv(44) @ 510: uvm_test_top.env_h.act_agent_h.act_mon_h [[ACTIVE_MON]] setup detected:::::- --------------------------------------------------
Name               Type               Size  Value 
--------------------------------------------------
seq_h              apb_sequence_item  -     @2050 
  psel             integral           1     'h1   
  continuous_psel  integral           1     'h0   
  penable          integral           1     'h0   
  pready           integral           1     'h0   
  paddr            integral           32    'h53  
  pwrite           integral           1     'h1   
  prdata           integral           32    'h0   
  pwdata           integral           32    'h9a12
  pslverr          integral           1     'h0   
  apb_state        apb_state_e        2     IDLE  
--------------------------------------------------

UVM_INFO apb_score_board.sv(48) @ 510: uvm_test_top.env_h.sb_h [[SB]] [ACTIVE] paddr=0x53 pwrite=1 pwdata=0x9a12 prdata=0x0 pslverr=0
UVM_INFO apb_score_board.sv(58) @ 510: uvm_test_top.env_h.sb_h [[SB]] [PASSIVE] paddr=0x0 pwrite=0 pwdata=0x0 prdata=0x0 pslverr=0
UVM_WARNING apb_score_board.sv(147) @ 510: uvm_test_top.env_h.sb_h [[SB]] [510] READ from uninitialised addr 0x0 --- no ref
UVM_INFO apb_passive_monitor.sv(44) @ 510: uvm_test_top.env_h.pas_agent_h.pas_mon_h [[PASSIVE_MON]] setup detected:::::- --------------------------------------------------
Name               Type               Size  Value 
--------------------------------------------------
seq_h              apb_sequence_item  -     @2076 
  psel             integral           1     'h1   
  continuous_psel  integral           1     'h0   
  penable          integral           1     'h0   
  pready           integral           1     'h0   
  paddr            integral           32    'h53  
  pwrite           integral           1     'h1   
  prdata           integral           32    'h0   
  pwdata           integral           32    'h9a12
  pslverr          integral           1     'h0   
  apb_state        apb_state_e        2     IDLE  
--------------------------------------------------

UVM_INFO apb_score_board.sv(58) @ 510: uvm_test_top.env_h.sb_h [[SB]] [PASSIVE] paddr=0x53 pwrite=1 pwdata=0x9a12 prdata=0x0 pslverr=0
UVM_INFO apb_score_board.sv(125) @ 510: uvm_test_top.env_h.sb_h [[SB]] [510]WRITE PASS:mem[0x53]=0x9a12
UVM_INFO apb_driver.sv(80) @ 515: uvm_test_top.env_h.act_agent_h.drv_h [[DRV]] Entered ACCESS State
UVM_INFO apb_score_board.sv(48) @ 520: uvm_test_top.env_h.sb_h [[SB]] [ACTIVE] paddr=0x53 pwrite=1 pwdata=0x9a12 prdata=0x0 pslverr=0
UVM_INFO apb_score_board.sv(48) @ 520: uvm_test_top.env_h.sb_h [[SB]] [ACTIVE] paddr=0x53 pwrite=1 pwdata=0x9a12 prdata=0x0 pslverr=0
UVM_INFO apb_active_monitor.sv(69) @ 520: uvm_test_top.env_h.act_agent_h.act_mon_h [[ACTIVE_MON]]  Transaction sent to scoreboard
UVM_INFO apb_score_board.sv(58) @ 520: uvm_test_top.env_h.sb_h [[SB]] [PASSIVE] paddr=0x53 pwrite=1 pwdata=0x9a12 prdata=0x0 pslverr=0
UVM_INFO apb_score_board.sv(125) @ 520: uvm_test_top.env_h.sb_h [[SB]] [520]WRITE PASS:mem[0x53]=0x9a12
UVM_INFO apb_score_board.sv(58) @ 520: uvm_test_top.env_h.sb_h [[SB]] [PASSIVE] paddr=0x53 pwrite=1 pwdata=0x9a12 prdata=0x0 pslverr=0
UVM_INFO apb_score_board.sv(125) @ 520: uvm_test_top.env_h.sb_h [[SB]] [520]WRITE PASS:mem[0x53]=0x9a12
UVM_INFO apb_passive_monitor.sv(69) @ 520: uvm_test_top.env_h.pas_agent_h.pas_mon_h [[PASSIVE_MON]]  Transaction sent to scoreboard
inside dut 83 39442
UVM_INFO apb_driver.sv(108) @ 525: uvm_test_top.env_h.act_agent_h.drv_h [[DRV]] Pready occured at wait_count=0 83 39442
UVM_INFO apb_driver.sv(112) @ 535: uvm_test_top.env_h.act_agent_h.drv_h [[DRV]] Transaction completed
UVM_INFO apb_driver.sv(121) @ 535: uvm_test_top.env_h.act_agent_h.drv_h [[abc1]] Transaction completed
UVM_INFO apb_driver.sv(122) @ 535: uvm_test_top.env_h.act_agent_h.drv_h [[abc1]]  0
UVM_INFO apb_write_seq.sv(30) @ 545: uvm_test_top.env_h.act_agent_h.seqr_h@@write_h [w_seq] Dispalying From apb_write_seq=-----------------------------------------------------------------------------------------------------
Name                           Type               Size  Value                                        
-----------------------------------------------------------------------------------------------------
seq_h                          apb_sequence_item  -     @2164                                        
  psel                         integral           1     'h0                                          
  continuous_psel              integral           1     'h0                                          
  penable                      integral           1     'h0                                          
  pready                       integral           1     'h0                                          
  paddr                        integral           32    'hcd                                         
  pwrite                       integral           1     'h1                                          
  prdata                       integral           32    'h0                                          
  pwdata                       integral           32    'h9b6d                                       
  pslverr                      integral           1     'h0                                          
  apb_state                    apb_state_e        2     ""                                           
  begin_time                   time               64    545                                          
  depth                        int                32    'd2                                          
  parent sequence (name)       string             7     write_h                                      
  parent sequence (full name)  string             45    uvm_test_top.env_h.act_agent_h.seqr_h.write_h
  sequencer                    string             37    uvm_test_top.env_h.act_agent_h.seqr_h        
-----------------------------------------------------------------------------------------------------

UVM_INFO apb_driver.sv(48) @ 545: uvm_test_top.env_h.act_agent_h.drv_h [DRIVER] Displaying from apb_driver=-----------------------------------------------------------------------------------------------------
Name                           Type               Size  Value                                        
-----------------------------------------------------------------------------------------------------
seq_h                          apb_sequence_item  -     @2164                                        
  psel                         integral           1     'h0                                          
  continuous_psel              integral           1     'h0                                          
  penable                      integral           1     'h0                                          
  pready                       integral           1     'h0                                          
  paddr                        integral           32    'hcd                                         
  pwrite                       integral           1     'h1                                          
  prdata                       integral           32    'h0                                          
  pwdata                       integral           32    'h9b6d                                       
  pslverr                      integral           1     'h0                                          
  apb_state                    apb_state_e        2     ""                                           
  begin_time                   time               64    545                                          
  depth                        int                32    'd2                                          
  parent sequence (name)       string             7     write_h                                      
  parent sequence (full name)  string             45    uvm_test_top.env_h.act_agent_h.seqr_h.write_h
  sequencer                    string             37    uvm_test_top.env_h.act_agent_h.seqr_h        
-----------------------------------------------------------------------------------------------------

UVM_INFO apb_driver.sv(61) @ 545: uvm_test_top.env_h.act_agent_h.drv_h [[DRV]] Entered SETUP State
UVM_INFO apb_score_board.sv(48) @ 550: uvm_test_top.env_h.sb_h [[SB]] [ACTIVE] paddr=0x0 pwrite=0 pwdata=0x0 prdata=0x0 pslverr=0
UVM_INFO apb_active_monitor.sv(44) @ 550: uvm_test_top.env_h.act_agent_h.act_mon_h [[ACTIVE_MON]] setup detected:::::- --------------------------------------------------
Name               Type               Size  Value 
--------------------------------------------------
seq_h              apb_sequence_item  -     @2178 
  psel             integral           1     'h1   
  continuous_psel  integral           1     'h0   
  penable          integral           1     'h0   
  pready           integral           1     'h1   
  paddr            integral           32    'hcd  
  pwrite           integral           1     'h1   
  prdata           integral           32    'h0   
  pwdata           integral           32    'h9b6d
  pslverr          integral           1     'h0   
  apb_state        apb_state_e        2     IDLE  
--------------------------------------------------

UVM_INFO apb_score_board.sv(48) @ 550: uvm_test_top.env_h.sb_h [[SB]] [ACTIVE] paddr=0xcd pwrite=1 pwdata=0x9b6d prdata=0x0 pslverr=0
UVM_INFO apb_score_board.sv(58) @ 550: uvm_test_top.env_h.sb_h [[SB]] [PASSIVE] paddr=0x0 pwrite=0 pwdata=0x0 prdata=0x0 pslverr=0
UVM_WARNING apb_score_board.sv(147) @ 550: uvm_test_top.env_h.sb_h [[SB]] [550] READ from uninitialised addr 0x0 --- no ref
UVM_INFO apb_passive_monitor.sv(44) @ 550: uvm_test_top.env_h.pas_agent_h.pas_mon_h [[PASSIVE_MON]] setup detected:::::- --------------------------------------------------
Name               Type               Size  Value 
--------------------------------------------------
seq_h              apb_sequence_item  -     @2204 
  psel             integral           1     'h1   
  continuous_psel  integral           1     'h0   
  penable          integral           1     'h0   
  pready           integral           1     'h1   
  paddr            integral           32    'hcd  
  pwrite           integral           1     'h1   
  prdata           integral           32    'h0   
  pwdata           integral           32    'h9b6d
  pslverr          integral           1     'h0   
  apb_state        apb_state_e        2     IDLE  
--------------------------------------------------

UVM_INFO apb_score_board.sv(58) @ 550: uvm_test_top.env_h.sb_h [[SB]] [PASSIVE] paddr=0xcd pwrite=1 pwdata=0x9b6d prdata=0x0 pslverr=0
UVM_INFO apb_score_board.sv(125) @ 550: uvm_test_top.env_h.sb_h [[SB]] [550]WRITE PASS:mem[0xcd]=0x9b6d
UVM_INFO apb_driver.sv(80) @ 555: uvm_test_top.env_h.act_agent_h.drv_h [[DRV]] Entered ACCESS State
UVM_INFO apb_score_board.sv(48) @ 560: uvm_test_top.env_h.sb_h [[SB]] [ACTIVE] paddr=0xcd pwrite=1 pwdata=0x9b6d prdata=0x0 pslverr=0
UVM_INFO apb_score_board.sv(58) @ 560: uvm_test_top.env_h.sb_h [[SB]] [PASSIVE] paddr=0xcd pwrite=1 pwdata=0x9b6d prdata=0x0 pslverr=0
UVM_INFO apb_score_board.sv(125) @ 560: uvm_test_top.env_h.sb_h [[SB]] [560]WRITE PASS:mem[0xcd]=0x9b6d
inside dut 205 39789
inside dut 205 39789
inside dut 205 39789
inside dut 205 39789
UVM_INFO apb_driver.sv(108) @ 595: uvm_test_top.env_h.act_agent_h.drv_h [[DRV]] Pready occured at wait_count=3 205 39789
UVM_INFO apb_score_board.sv(48) @ 600: uvm_test_top.env_h.sb_h [[SB]] [ACTIVE] paddr=0xcd pwrite=1 pwdata=0x9b6d prdata=0x0 pslverr=0
UVM_INFO apb_active_monitor.sv(69) @ 600: uvm_test_top.env_h.act_agent_h.act_mon_h [[ACTIVE_MON]]  Transaction sent to scoreboard
UVM_INFO apb_score_board.sv(58) @ 600: uvm_test_top.env_h.sb_h [[SB]] [PASSIVE] paddr=0xcd pwrite=1 pwdata=0x9b6d prdata=0x0 pslverr=0
UVM_INFO apb_score_board.sv(125) @ 600: uvm_test_top.env_h.sb_h [[SB]] [600]WRITE PASS:mem[0xcd]=0x9b6d
UVM_INFO apb_passive_monitor.sv(69) @ 600: uvm_test_top.env_h.pas_agent_h.pas_mon_h [[PASSIVE_MON]]  Transaction sent to scoreboard
UVM_INFO apb_driver.sv(112) @ 605: uvm_test_top.env_h.act_agent_h.drv_h [[DRV]] Transaction completed
UVM_INFO apb_driver.sv(121) @ 605: uvm_test_top.env_h.act_agent_h.drv_h [[abc1]] Transaction completed
UVM_INFO apb_driver.sv(122) @ 605: uvm_test_top.env_h.act_agent_h.drv_h [[abc1]]  0
UVM_INFO apb_write_seq.sv(30) @ 615: uvm_test_top.env_h.act_agent_h.seqr_h@@write_h [w_seq] Dispalying From apb_write_seq=-----------------------------------------------------------------------------------------------------
Name                           Type               Size  Value                                        
-----------------------------------------------------------------------------------------------------
seq_h                          apb_sequence_item  -     @2292                                        
  psel                         integral           1     'h0                                          
  continuous_psel              integral           1     'h0                                          
  penable                      integral           1     'h0                                          
  pready                       integral           1     'h0                                          
  paddr                        integral           32    'h86                                         
  pwrite                       integral           1     'h1                                          
  prdata                       integral           32    'h0                                          
  pwdata                       integral           32    'hd5d8                                       
  pslverr                      integral           1     'h0                                          
  apb_state                    apb_state_e        2     ""                                           
  begin_time                   time               64    615                                          
  depth                        int                32    'd2                                          
  parent sequence (name)       string             7     write_h                                      
  parent sequence (full name)  string             45    uvm_test_top.env_h.act_agent_h.seqr_h.write_h
  sequencer                    string             37    uvm_test_top.env_h.act_agent_h.seqr_h        
-----------------------------------------------------------------------------------------------------

UVM_INFO apb_driver.sv(48) @ 615: uvm_test_top.env_h.act_agent_h.drv_h [DRIVER] Displaying from apb_driver=-----------------------------------------------------------------------------------------------------
Name                           Type               Size  Value                                        
-----------------------------------------------------------------------------------------------------
seq_h                          apb_sequence_item  -     @2292                                        
  psel                         integral           1     'h0                                          
  continuous_psel              integral           1     'h0                                          
  penable                      integral           1     'h0                                          
  pready                       integral           1     'h0                                          
  paddr                        integral           32    'h86                                         
  pwrite                       integral           1     'h1                                          
  prdata                       integral           32    'h0                                          
  pwdata                       integral           32    'hd5d8                                       
  pslverr                      integral           1     'h0                                          
  apb_state                    apb_state_e        2     ""                                           
  begin_time                   time               64    615                                          
  depth                        int                32    'd2                                          
  parent sequence (name)       string             7     write_h                                      
  parent sequence (full name)  string             45    uvm_test_top.env_h.act_agent_h.seqr_h.write_h
  sequencer                    string             37    uvm_test_top.env_h.act_agent_h.seqr_h        
-----------------------------------------------------------------------------------------------------

UVM_INFO apb_driver.sv(61) @ 615: uvm_test_top.env_h.act_agent_h.drv_h [[DRV]] Entered SETUP State
UVM_INFO apb_score_board.sv(48) @ 620: uvm_test_top.env_h.sb_h [[SB]] [ACTIVE] paddr=0x0 pwrite=0 pwdata=0x0 prdata=0x0 pslverr=0
UVM_INFO apb_active_monitor.sv(44) @ 620: uvm_test_top.env_h.act_agent_h.act_mon_h [[ACTIVE_MON]] setup detected:::::- --------------------------------------------------
Name               Type               Size  Value 
--------------------------------------------------
seq_h              apb_sequence_item  -     @2306 
  psel             integral           1     'h1   
  continuous_psel  integral           1     'h0   
  penable          integral           1     'h0   
  pready           integral           1     'h1   
  paddr            integral           32    'h86  
  pwrite           integral           1     'h1   
  prdata           integral           32    'h0   
  pwdata           integral           32    'hd5d8
  pslverr          integral           1     'h0   
  apb_state        apb_state_e        2     IDLE  
--------------------------------------------------

UVM_INFO apb_score_board.sv(48) @ 620: uvm_test_top.env_h.sb_h [[SB]] [ACTIVE] paddr=0x86 pwrite=1 pwdata=0xd5d8 prdata=0x0 pslverr=0
UVM_INFO apb_score_board.sv(58) @ 620: uvm_test_top.env_h.sb_h [[SB]] [PASSIVE] paddr=0x0 pwrite=0 pwdata=0x0 prdata=0x0 pslverr=0
UVM_WARNING apb_score_board.sv(147) @ 620: uvm_test_top.env_h.sb_h [[SB]] [620] READ from uninitialised addr 0x0 --- no ref
UVM_INFO apb_passive_monitor.sv(44) @ 620: uvm_test_top.env_h.pas_agent_h.pas_mon_h [[PASSIVE_MON]] setup detected:::::- --------------------------------------------------
Name               Type               Size  Value 
--------------------------------------------------
seq_h              apb_sequence_item  -     @2332 
  psel             integral           1     'h1   
  continuous_psel  integral           1     'h0   
  penable          integral           1     'h0   
  pready           integral           1     'h1   
  paddr            integral           32    'h86  
  pwrite           integral           1     'h1   
  prdata           integral           32    'h0   
  pwdata           integral           32    'hd5d8
  pslverr          integral           1     'h0   
  apb_state        apb_state_e        2     IDLE  
--------------------------------------------------

UVM_INFO apb_score_board.sv(58) @ 620: uvm_test_top.env_h.sb_h [[SB]] [PASSIVE] paddr=0x86 pwrite=1 pwdata=0xd5d8 prdata=0x0 pslverr=0
UVM_INFO apb_score_board.sv(125) @ 620: uvm_test_top.env_h.sb_h [[SB]] [620]WRITE PASS:mem[0x86]=0xd5d8
UVM_INFO apb_driver.sv(80) @ 625: uvm_test_top.env_h.act_agent_h.drv_h [[DRV]] Entered ACCESS State
UVM_INFO apb_score_board.sv(48) @ 630: uvm_test_top.env_h.sb_h [[SB]] [ACTIVE] paddr=0x86 pwrite=1 pwdata=0xd5d8 prdata=0x0 pslverr=0
UVM_INFO apb_score_board.sv(58) @ 630: uvm_test_top.env_h.sb_h [[SB]] [PASSIVE] paddr=0x86 pwrite=1 pwdata=0xd5d8 prdata=0x0 pslverr=0
UVM_INFO apb_score_board.sv(125) @ 630: uvm_test_top.env_h.sb_h [[SB]] [630]WRITE PASS:mem[0x86]=0xd5d8
inside dut 134 54744
inside dut 134 54744
inside dut 134 54744
UVM_INFO apb_driver.sv(108) @ 655: uvm_test_top.env_h.act_agent_h.drv_h [[DRV]] Pready occured at wait_count=2 134 54744
UVM_INFO apb_score_board.sv(48) @ 660: uvm_test_top.env_h.sb_h [[SB]] [ACTIVE] paddr=0x86 pwrite=1 pwdata=0xd5d8 prdata=0x0 pslverr=0
UVM_INFO apb_active_monitor.sv(69) @ 660: uvm_test_top.env_h.act_agent_h.act_mon_h [[ACTIVE_MON]]  Transaction sent to scoreboard
UVM_INFO apb_score_board.sv(58) @ 660: uvm_test_top.env_h.sb_h [[SB]] [PASSIVE] paddr=0x86 pwrite=1 pwdata=0xd5d8 prdata=0x0 pslverr=0
UVM_INFO apb_score_board.sv(125) @ 660: uvm_test_top.env_h.sb_h [[SB]] [660]WRITE PASS:mem[0x86]=0xd5d8
UVM_INFO apb_passive_monitor.sv(69) @ 660: uvm_test_top.env_h.pas_agent_h.pas_mon_h [[PASSIVE_MON]]  Transaction sent to scoreboard
UVM_INFO apb_driver.sv(112) @ 665: uvm_test_top.env_h.act_agent_h.drv_h [[DRV]] Transaction completed
UVM_INFO apb_driver.sv(121) @ 665: uvm_test_top.env_h.act_agent_h.drv_h [[abc1]] Transaction completed
UVM_INFO apb_driver.sv(122) @ 665: uvm_test_top.env_h.act_agent_h.drv_h [[abc1]]  0
UVM_INFO apb_write_seq.sv(30) @ 675: uvm_test_top.env_h.act_agent_h.seqr_h@@write_h [w_seq] Dispalying From apb_write_seq=-----------------------------------------------------------------------------------------------------
Name                           Type               Size  Value                                        
-----------------------------------------------------------------------------------------------------
seq_h                          apb_sequence_item  -     @2420                                        
  psel                         integral           1     'h0                                          
  continuous_psel              integral           1     'h0                                          
  penable                      integral           1     'h0                                          
  pready                       integral           1     'h0                                          
  paddr                        integral           32    'hb8                                         
  pwrite                       integral           1     'h1                                          
  prdata                       integral           32    'h0                                          
  pwdata                       integral           32    'h7846                                       
  pslverr                      integral           1     'h0                                          
  apb_state                    apb_state_e        2     ""                                           
  begin_time                   time               64    675                                          
  depth                        int                32    'd2                                          
  parent sequence (name)       string             7     write_h                                      
  parent sequence (full name)  string             45    uvm_test_top.env_h.act_agent_h.seqr_h.write_h
  sequencer                    string             37    uvm_test_top.env_h.act_agent_h.seqr_h        
-----------------------------------------------------------------------------------------------------

UVM_INFO apb_driver.sv(48) @ 675: uvm_test_top.env_h.act_agent_h.drv_h [DRIVER] Displaying from apb_driver=-----------------------------------------------------------------------------------------------------
Name                           Type               Size  Value                                        
-----------------------------------------------------------------------------------------------------
seq_h                          apb_sequence_item  -     @2420                                        
  psel                         integral           1     'h0                                          
  continuous_psel              integral           1     'h0                                          
  penable                      integral           1     'h0                                          
  pready                       integral           1     'h0                                          
  paddr                        integral           32    'hb8                                         
  pwrite                       integral           1     'h1                                          
  prdata                       integral           32    'h0                                          
  pwdata                       integral           32    'h7846                                       
  pslverr                      integral           1     'h0                                          
  apb_state                    apb_state_e        2     ""                                           
  begin_time                   time               64    675                                          
  depth                        int                32    'd2                                          
  parent sequence (name)       string             7     write_h                                      
  parent sequence (full name)  string             45    uvm_test_top.env_h.act_agent_h.seqr_h.write_h
  sequencer                    string             37    uvm_test_top.env_h.act_agent_h.seqr_h        
-----------------------------------------------------------------------------------------------------

UVM_INFO apb_driver.sv(61) @ 675: uvm_test_top.env_h.act_agent_h.drv_h [[DRV]] Entered SETUP State
UVM_INFO apb_score_board.sv(48) @ 680: uvm_test_top.env_h.sb_h [[SB]] [ACTIVE] paddr=0x0 pwrite=0 pwdata=0x0 prdata=0x0 pslverr=0
UVM_INFO apb_active_monitor.sv(44) @ 680: uvm_test_top.env_h.act_agent_h.act_mon_h [[ACTIVE_MON]] setup detected:::::- --------------------------------------------------
Name               Type               Size  Value 
--------------------------------------------------
seq_h              apb_sequence_item  -     @2434 
  psel             integral           1     'h1   
  continuous_psel  integral           1     'h0   
  penable          integral           1     'h0   
  pready           integral           1     'h1   
  paddr            integral           32    'hb8  
  pwrite           integral           1     'h1   
  prdata           integral           32    'h0   
  pwdata           integral           32    'h7846
  pslverr          integral           1     'h0   
  apb_state        apb_state_e        2     IDLE  
--------------------------------------------------

UVM_INFO apb_score_board.sv(48) @ 680: uvm_test_top.env_h.sb_h [[SB]] [ACTIVE] paddr=0xb8 pwrite=1 pwdata=0x7846 prdata=0x0 pslverr=0
UVM_INFO apb_score_board.sv(58) @ 680: uvm_test_top.env_h.sb_h [[SB]] [PASSIVE] paddr=0x0 pwrite=0 pwdata=0x0 prdata=0x0 pslverr=0
UVM_WARNING apb_score_board.sv(147) @ 680: uvm_test_top.env_h.sb_h [[SB]] [680] READ from uninitialised addr 0x0 --- no ref
UVM_INFO apb_passive_monitor.sv(44) @ 680: uvm_test_top.env_h.pas_agent_h.pas_mon_h [[PASSIVE_MON]] setup detected:::::- --------------------------------------------------
Name               Type               Size  Value 
--------------------------------------------------
seq_h              apb_sequence_item  -     @2460 
  psel             integral           1     'h1   
  continuous_psel  integral           1     'h0   
  penable          integral           1     'h0   
  pready           integral           1     'h1   
  paddr            integral           32    'hb8  
  pwrite           integral           1     'h1   
  prdata           integral           32    'h0   
  pwdata           integral           32    'h7846
  pslverr          integral           1     'h0   
  apb_state        apb_state_e        2     IDLE  
--------------------------------------------------

UVM_INFO apb_score_board.sv(58) @ 680: uvm_test_top.env_h.sb_h [[SB]] [PASSIVE] paddr=0xb8 pwrite=1 pwdata=0x7846 prdata=0x0 pslverr=0
UVM_INFO apb_score_board.sv(125) @ 680: uvm_test_top.env_h.sb_h [[SB]] [680]WRITE PASS:mem[0xb8]=0x7846
UVM_INFO apb_driver.sv(80) @ 685: uvm_test_top.env_h.act_agent_h.drv_h [[DRV]] Entered ACCESS State
UVM_INFO apb_score_board.sv(48) @ 690: uvm_test_top.env_h.sb_h [[SB]] [ACTIVE] paddr=0xb8 pwrite=1 pwdata=0x7846 prdata=0x0 pslverr=0
UVM_INFO apb_score_board.sv(58) @ 690: uvm_test_top.env_h.sb_h [[SB]] [PASSIVE] paddr=0xb8 pwrite=1 pwdata=0x7846 prdata=0x0 pslverr=0
UVM_INFO apb_score_board.sv(125) @ 690: uvm_test_top.env_h.sb_h [[SB]] [690]WRITE PASS:mem[0xb8]=0x7846
inside dut 184 30790
UVM_INFO apb_driver.sv(108) @ 695: uvm_test_top.env_h.act_agent_h.drv_h [[DRV]] Pready occured at wait_count=0 184 30790
UVM_INFO apb_score_board.sv(48) @ 700: uvm_test_top.env_h.sb_h [[SB]] [ACTIVE] paddr=0xb8 pwrite=1 pwdata=0x7846 prdata=0x0 pslverr=0
UVM_INFO apb_active_monitor.sv(69) @ 700: uvm_test_top.env_h.act_agent_h.act_mon_h [[ACTIVE_MON]]  Transaction sent to scoreboard
UVM_INFO apb_score_board.sv(58) @ 700: uvm_test_top.env_h.sb_h [[SB]] [PASSIVE] paddr=0xb8 pwrite=1 pwdata=0x7846 prdata=0x0 pslverr=0
UVM_INFO apb_score_board.sv(125) @ 700: uvm_test_top.env_h.sb_h [[SB]] [700]WRITE PASS:mem[0xb8]=0x7846
UVM_INFO apb_passive_monitor.sv(69) @ 700: uvm_test_top.env_h.pas_agent_h.pas_mon_h [[PASSIVE_MON]]  Transaction sent to scoreboard
UVM_INFO apb_driver.sv(112) @ 705: uvm_test_top.env_h.act_agent_h.drv_h [[DRV]] Transaction completed
UVM_INFO apb_driver.sv(121) @ 705: uvm_test_top.env_h.act_agent_h.drv_h [[abc1]] Transaction completed
UVM_INFO apb_driver.sv(122) @ 705: uvm_test_top.env_h.act_agent_h.drv_h [[abc1]]  0
UVM_INFO apb_write_seq.sv(30) @ 715: uvm_test_top.env_h.act_agent_h.seqr_h@@write_h [w_seq] Dispalying From apb_write_seq=-----------------------------------------------------------------------------------------------------
Name                           Type               Size  Value                                        
-----------------------------------------------------------------------------------------------------
seq_h                          apb_sequence_item  -     @2548                                        
  psel                         integral           1     'h0                                          
  continuous_psel              integral           1     'h0                                          
  penable                      integral           1     'h0                                          
  pready                       integral           1     'h0                                          
  paddr                        integral           32    'h28                                         
  pwrite                       integral           1     'h1                                          
  prdata                       integral           32    'h0                                          
  pwdata                       integral           32    'hbcbe                                       
  pslverr                      integral           1     'h0                                          
  apb_state                    apb_state_e        2     ""                                           
  begin_time                   time               64    715                                          
  depth                        int                32    'd2                                          
  parent sequence (name)       string             7     write_h                                      
  parent sequence (full name)  string             45    uvm_test_top.env_h.act_agent_h.seqr_h.write_h
  sequencer                    string             37    uvm_test_top.env_h.act_agent_h.seqr_h        
-----------------------------------------------------------------------------------------------------

UVM_INFO apb_driver.sv(48) @ 715: uvm_test_top.env_h.act_agent_h.drv_h [DRIVER] Displaying from apb_driver=-----------------------------------------------------------------------------------------------------
Name                           Type               Size  Value                                        
-----------------------------------------------------------------------------------------------------
seq_h                          apb_sequence_item  -     @2548                                        
  psel                         integral           1     'h0                                          
  continuous_psel              integral           1     'h0                                          
  penable                      integral           1     'h0                                          
  pready                       integral           1     'h0                                          
  paddr                        integral           32    'h28                                         
  pwrite                       integral           1     'h1                                          
  prdata                       integral           32    'h0                                          
  pwdata                       integral           32    'hbcbe                                       
  pslverr                      integral           1     'h0                                          
  apb_state                    apb_state_e        2     ""                                           
  begin_time                   time               64    715                                          
  depth                        int                32    'd2                                          
  parent sequence (name)       string             7     write_h                                      
  parent sequence (full name)  string             45    uvm_test_top.env_h.act_agent_h.seqr_h.write_h
  sequencer                    string             37    uvm_test_top.env_h.act_agent_h.seqr_h        
-----------------------------------------------------------------------------------------------------

UVM_INFO apb_driver.sv(61) @ 715: uvm_test_top.env_h.act_agent_h.drv_h [[DRV]] Entered SETUP State
UVM_INFO apb_score_board.sv(48) @ 720: uvm_test_top.env_h.sb_h [[SB]] [ACTIVE] paddr=0x0 pwrite=0 pwdata=0x0 prdata=0x0 pslverr=0
UVM_INFO apb_active_monitor.sv(44) @ 720: uvm_test_top.env_h.act_agent_h.act_mon_h [[ACTIVE_MON]] setup detected:::::- --------------------------------------------------
Name               Type               Size  Value 
--------------------------------------------------
seq_h              apb_sequence_item  -     @2562 
  psel             integral           1     'h1   
  continuous_psel  integral           1     'h0   
  penable          integral           1     'h0   
  pready           integral           1     'h1   
  paddr            integral           32    'h28  
  pwrite           integral           1     'h1   
  prdata           integral           32    'h0   
  pwdata           integral           32    'hbcbe
  pslverr          integral           1     'h0   
  apb_state        apb_state_e        2     IDLE  
--------------------------------------------------

UVM_INFO apb_score_board.sv(48) @ 720: uvm_test_top.env_h.sb_h [[SB]] [ACTIVE] paddr=0x28 pwrite=1 pwdata=0xbcbe prdata=0x0 pslverr=0
UVM_INFO apb_score_board.sv(58) @ 720: uvm_test_top.env_h.sb_h [[SB]] [PASSIVE] paddr=0x0 pwrite=0 pwdata=0x0 prdata=0x0 pslverr=0
UVM_WARNING apb_score_board.sv(147) @ 720: uvm_test_top.env_h.sb_h [[SB]] [720] READ from uninitialised addr 0x0 --- no ref
UVM_INFO apb_passive_monitor.sv(44) @ 720: uvm_test_top.env_h.pas_agent_h.pas_mon_h [[PASSIVE_MON]] setup detected:::::- --------------------------------------------------
Name               Type               Size  Value 
--------------------------------------------------
seq_h              apb_sequence_item  -     @2588 
  psel             integral           1     'h1   
  continuous_psel  integral           1     'h0   
  penable          integral           1     'h0   
  pready           integral           1     'h1   
  paddr            integral           32    'h28  
  pwrite           integral           1     'h1   
  prdata           integral           32    'h0   
  pwdata           integral           32    'hbcbe
  pslverr          integral           1     'h0   
  apb_state        apb_state_e        2     IDLE  
--------------------------------------------------

UVM_INFO apb_score_board.sv(58) @ 720: uvm_test_top.env_h.sb_h [[SB]] [PASSIVE] paddr=0x28 pwrite=1 pwdata=0xbcbe prdata=0x0 pslverr=0
UVM_INFO apb_score_board.sv(125) @ 720: uvm_test_top.env_h.sb_h [[SB]] [720]WRITE PASS:mem[0x28]=0xbcbe
UVM_INFO apb_driver.sv(80) @ 725: uvm_test_top.env_h.act_agent_h.drv_h [[DRV]] Entered ACCESS State
UVM_INFO apb_score_board.sv(48) @ 730: uvm_test_top.env_h.sb_h [[SB]] [ACTIVE] paddr=0x28 pwrite=1 pwdata=0xbcbe prdata=0x0 pslverr=0
UVM_INFO apb_score_board.sv(48) @ 730: uvm_test_top.env_h.sb_h [[SB]] [ACTIVE] paddr=0x28 pwrite=1 pwdata=0xbcbe prdata=0x0 pslverr=0
UVM_INFO apb_active_monitor.sv(69) @ 730: uvm_test_top.env_h.act_agent_h.act_mon_h [[ACTIVE_MON]]  Transaction sent to scoreboard
UVM_INFO apb_score_board.sv(58) @ 730: uvm_test_top.env_h.sb_h [[SB]] [PASSIVE] paddr=0x28 pwrite=1 pwdata=0xbcbe prdata=0x0 pslverr=0
UVM_INFO apb_score_board.sv(125) @ 730: uvm_test_top.env_h.sb_h [[SB]] [730]WRITE PASS:mem[0x28]=0xbcbe
UVM_INFO apb_score_board.sv(58) @ 730: uvm_test_top.env_h.sb_h [[SB]] [PASSIVE] paddr=0x28 pwrite=1 pwdata=0xbcbe prdata=0x0 pslverr=0
UVM_INFO apb_score_board.sv(125) @ 730: uvm_test_top.env_h.sb_h [[SB]] [730]WRITE PASS:mem[0x28]=0xbcbe
UVM_INFO apb_passive_monitor.sv(69) @ 730: uvm_test_top.env_h.pas_agent_h.pas_mon_h [[PASSIVE_MON]]  Transaction sent to scoreboard
inside dut 40 48318
UVM_INFO apb_driver.sv(108) @ 735: uvm_test_top.env_h.act_agent_h.drv_h [[DRV]] Pready occured at wait_count=0 40 48318
UVM_INFO apb_driver.sv(112) @ 745: uvm_test_top.env_h.act_agent_h.drv_h [[DRV]] Transaction completed
UVM_INFO apb_driver.sv(121) @ 745: uvm_test_top.env_h.act_agent_h.drv_h [[abc1]] Transaction completed
UVM_INFO apb_driver.sv(122) @ 745: uvm_test_top.env_h.act_agent_h.drv_h [[abc1]]  0
UVM_INFO apb_write_seq.sv(30) @ 755: uvm_test_top.env_h.act_agent_h.seqr_h@@write_h [w_seq] Dispalying From apb_write_seq=-----------------------------------------------------------------------------------------------------
Name                           Type               Size  Value                                        
-----------------------------------------------------------------------------------------------------
seq_h                          apb_sequence_item  -     @2676                                        
  psel                         integral           1     'h0                                          
  continuous_psel              integral           1     'h0                                          
  penable                      integral           1     'h0                                          
  pready                       integral           1     'h0                                          
  paddr                        integral           32    'hc5                                         
  pwrite                       integral           1     'h1                                          
  prdata                       integral           32    'h0                                          
  pwdata                       integral           32    'hcbe2                                       
  pslverr                      integral           1     'h0                                          
  apb_state                    apb_state_e        2     ""                                           
  begin_time                   time               64    755                                          
  depth                        int                32    'd2                                          
  parent sequence (name)       string             7     write_h                                      
  parent sequence (full name)  string             45    uvm_test_top.env_h.act_agent_h.seqr_h.write_h
  sequencer                    string             37    uvm_test_top.env_h.act_agent_h.seqr_h        
-----------------------------------------------------------------------------------------------------

UVM_INFO apb_driver.sv(48) @ 755: uvm_test_top.env_h.act_agent_h.drv_h [DRIVER] Displaying from apb_driver=-----------------------------------------------------------------------------------------------------
Name                           Type               Size  Value                                        
-----------------------------------------------------------------------------------------------------
seq_h                          apb_sequence_item  -     @2676                                        
  psel                         integral           1     'h0                                          
  continuous_psel              integral           1     'h0                                          
  penable                      integral           1     'h0                                          
  pready                       integral           1     'h0                                          
  paddr                        integral           32    'hc5                                         
  pwrite                       integral           1     'h1                                          
  prdata                       integral           32    'h0                                          
  pwdata                       integral           32    'hcbe2                                       
  pslverr                      integral           1     'h0                                          
  apb_state                    apb_state_e        2     ""                                           
  begin_time                   time               64    755                                          
  depth                        int                32    'd2                                          
  parent sequence (name)       string             7     write_h                                      
  parent sequence (full name)  string             45    uvm_test_top.env_h.act_agent_h.seqr_h.write_h
  sequencer                    string             37    uvm_test_top.env_h.act_agent_h.seqr_h        
-----------------------------------------------------------------------------------------------------

UVM_INFO apb_driver.sv(61) @ 755: uvm_test_top.env_h.act_agent_h.drv_h [[DRV]] Entered SETUP State
UVM_INFO apb_score_board.sv(48) @ 760: uvm_test_top.env_h.sb_h [[SB]] [ACTIVE] paddr=0x0 pwrite=0 pwdata=0x0 prdata=0x0 pslverr=0
UVM_INFO apb_active_monitor.sv(44) @ 760: uvm_test_top.env_h.act_agent_h.act_mon_h [[ACTIVE_MON]] setup detected:::::- --------------------------------------------------
Name               Type               Size  Value 
--------------------------------------------------
seq_h              apb_sequence_item  -     @2690 
  psel             integral           1     'h1   
  continuous_psel  integral           1     'h0   
  penable          integral           1     'h0   
  pready           integral           1     'h0   
  paddr            integral           32    'hc5  
  pwrite           integral           1     'h1   
  prdata           integral           32    'h0   
  pwdata           integral           32    'hcbe2
  pslverr          integral           1     'h0   
  apb_state        apb_state_e        2     IDLE  
--------------------------------------------------

UVM_INFO apb_score_board.sv(48) @ 760: uvm_test_top.env_h.sb_h [[SB]] [ACTIVE] paddr=0xc5 pwrite=1 pwdata=0xcbe2 prdata=0x0 pslverr=0
UVM_INFO apb_score_board.sv(58) @ 760: uvm_test_top.env_h.sb_h [[SB]] [PASSIVE] paddr=0x0 pwrite=0 pwdata=0x0 prdata=0x0 pslverr=0
UVM_WARNING apb_score_board.sv(147) @ 760: uvm_test_top.env_h.sb_h [[SB]] [760] READ from uninitialised addr 0x0 --- no ref
UVM_INFO apb_passive_monitor.sv(44) @ 760: uvm_test_top.env_h.pas_agent_h.pas_mon_h [[PASSIVE_MON]] setup detected:::::- --------------------------------------------------
Name               Type               Size  Value 
--------------------------------------------------
seq_h              apb_sequence_item  -     @2716 
  psel             integral           1     'h1   
  continuous_psel  integral           1     'h0   
  penable          integral           1     'h0   
  pready           integral           1     'h0   
  paddr            integral           32    'hc5  
  pwrite           integral           1     'h1   
  prdata           integral           32    'h0   
  pwdata           integral           32    'hcbe2
  pslverr          integral           1     'h0   
  apb_state        apb_state_e        2     IDLE  
--------------------------------------------------

UVM_INFO apb_score_board.sv(58) @ 760: uvm_test_top.env_h.sb_h [[SB]] [PASSIVE] paddr=0xc5 pwrite=1 pwdata=0xcbe2 prdata=0x0 pslverr=0
UVM_INFO apb_score_board.sv(125) @ 760: uvm_test_top.env_h.sb_h [[SB]] [760]WRITE PASS:mem[0xc5]=0xcbe2
UVM_INFO apb_driver.sv(80) @ 765: uvm_test_top.env_h.act_agent_h.drv_h [[DRV]] Entered ACCESS State
UVM_INFO apb_score_board.sv(48) @ 770: uvm_test_top.env_h.sb_h [[SB]] [ACTIVE] paddr=0xc5 pwrite=1 pwdata=0xcbe2 prdata=0x0 pslverr=0
UVM_INFO apb_score_board.sv(48) @ 770: uvm_test_top.env_h.sb_h [[SB]] [ACTIVE] paddr=0xc5 pwrite=1 pwdata=0xcbe2 prdata=0x0 pslverr=0
UVM_INFO apb_active_monitor.sv(69) @ 770: uvm_test_top.env_h.act_agent_h.act_mon_h [[ACTIVE_MON]]  Transaction sent to scoreboard
UVM_INFO apb_score_board.sv(58) @ 770: uvm_test_top.env_h.sb_h [[SB]] [PASSIVE] paddr=0xc5 pwrite=1 pwdata=0xcbe2 prdata=0x0 pslverr=0
UVM_INFO apb_score_board.sv(125) @ 770: uvm_test_top.env_h.sb_h [[SB]] [770]WRITE PASS:mem[0xc5]=0xcbe2
UVM_INFO apb_score_board.sv(58) @ 770: uvm_test_top.env_h.sb_h [[SB]] [PASSIVE] paddr=0xc5 pwrite=1 pwdata=0xcbe2 prdata=0x0 pslverr=0
UVM_INFO apb_score_board.sv(125) @ 770: uvm_test_top.env_h.sb_h [[SB]] [770]WRITE PASS:mem[0xc5]=0xcbe2
UVM_INFO apb_passive_monitor.sv(69) @ 770: uvm_test_top.env_h.pas_agent_h.pas_mon_h [[PASSIVE_MON]]  Transaction sent to scoreboard
inside dut 197 52194
UVM_INFO apb_driver.sv(108) @ 775: uvm_test_top.env_h.act_agent_h.drv_h [[DRV]] Pready occured at wait_count=0 197 52194
UVM_INFO apb_driver.sv(112) @ 785: uvm_test_top.env_h.act_agent_h.drv_h [[DRV]] Transaction completed
UVM_INFO apb_driver.sv(121) @ 785: uvm_test_top.env_h.act_agent_h.drv_h [[abc1]] Transaction completed
UVM_INFO apb_driver.sv(122) @ 785: uvm_test_top.env_h.act_agent_h.drv_h [[abc1]]  0
UVM_INFO apb_write_seq.sv(30) @ 795: uvm_test_top.env_h.act_agent_h.seqr_h@@write_h [w_seq] Dispalying From apb_write_seq=-----------------------------------------------------------------------------------------------------
Name                           Type               Size  Value                                        
-----------------------------------------------------------------------------------------------------
seq_h                          apb_sequence_item  -     @2804                                        
  psel                         integral           1     'h0                                          
  continuous_psel              integral           1     'h0                                          
  penable                      integral           1     'h0                                          
  pready                       integral           1     'h0                                          
  paddr                        integral           32    'h42                                         
  pwrite                       integral           1     'h1                                          
  prdata                       integral           32    'h0                                          
  pwdata                       integral           32    'hcd1b                                       
  pslverr                      integral           1     'h0                                          
  apb_state                    apb_state_e        2     ""                                           
  begin_time                   time               64    795                                          
  depth                        int                32    'd2                                          
  parent sequence (name)       string             7     write_h                                      
  parent sequence (full name)  string             45    uvm_test_top.env_h.act_agent_h.seqr_h.write_h
  sequencer                    string             37    uvm_test_top.env_h.act_agent_h.seqr_h        
-----------------------------------------------------------------------------------------------------

UVM_INFO apb_driver.sv(48) @ 795: uvm_test_top.env_h.act_agent_h.drv_h [DRIVER] Displaying from apb_driver=-----------------------------------------------------------------------------------------------------
Name                           Type               Size  Value                                        
-----------------------------------------------------------------------------------------------------
seq_h                          apb_sequence_item  -     @2804                                        
  psel                         integral           1     'h0                                          
  continuous_psel              integral           1     'h0                                          
  penable                      integral           1     'h0                                          
  pready                       integral           1     'h0                                          
  paddr                        integral           32    'h42                                         
  pwrite                       integral           1     'h1                                          
  prdata                       integral           32    'h0                                          
  pwdata                       integral           32    'hcd1b                                       
  pslverr                      integral           1     'h0                                          
  apb_state                    apb_state_e        2     ""                                           
  begin_time                   time               64    795                                          
  depth                        int                32    'd2                                          
  parent sequence (name)       string             7     write_h                                      
  parent sequence (full name)  string             45    uvm_test_top.env_h.act_agent_h.seqr_h.write_h
  sequencer                    string             37    uvm_test_top.env_h.act_agent_h.seqr_h        
-----------------------------------------------------------------------------------------------------

UVM_INFO apb_driver.sv(61) @ 795: uvm_test_top.env_h.act_agent_h.drv_h [[DRV]] Entered SETUP State
UVM_INFO apb_score_board.sv(48) @ 800: uvm_test_top.env_h.sb_h [[SB]] [ACTIVE] paddr=0x0 pwrite=0 pwdata=0x0 prdata=0x0 pslverr=0
UVM_INFO apb_active_monitor.sv(44) @ 800: uvm_test_top.env_h.act_agent_h.act_mon_h [[ACTIVE_MON]] setup detected:::::- --------------------------------------------------
Name               Type               Size  Value 
--------------------------------------------------
seq_h              apb_sequence_item  -     @2818 
  psel             integral           1     'h1   
  continuous_psel  integral           1     'h0   
  penable          integral           1     'h0   
  pready           integral           1     'h0   
  paddr            integral           32    'h42  
  pwrite           integral           1     'h1   
  prdata           integral           32    'h0   
  pwdata           integral           32    'hcd1b
  pslverr          integral           1     'h0   
  apb_state        apb_state_e        2     IDLE  
--------------------------------------------------

UVM_INFO apb_score_board.sv(48) @ 800: uvm_test_top.env_h.sb_h [[SB]] [ACTIVE] paddr=0x42 pwrite=1 pwdata=0xcd1b prdata=0x0 pslverr=0
UVM_INFO apb_score_board.sv(58) @ 800: uvm_test_top.env_h.sb_h [[SB]] [PASSIVE] paddr=0x0 pwrite=0 pwdata=0x0 prdata=0x0 pslverr=0
UVM_WARNING apb_score_board.sv(147) @ 800: uvm_test_top.env_h.sb_h [[SB]] [800] READ from uninitialised addr 0x0 --- no ref
UVM_INFO apb_passive_monitor.sv(44) @ 800: uvm_test_top.env_h.pas_agent_h.pas_mon_h [[PASSIVE_MON]] setup detected:::::- --------------------------------------------------
Name               Type               Size  Value 
--------------------------------------------------
seq_h              apb_sequence_item  -     @2844 
  psel             integral           1     'h1   
  continuous_psel  integral           1     'h0   
  penable          integral           1     'h0   
  pready           integral           1     'h0   
  paddr            integral           32    'h42  
  pwrite           integral           1     'h1   
  prdata           integral           32    'h0   
  pwdata           integral           32    'hcd1b
  pslverr          integral           1     'h0   
  apb_state        apb_state_e        2     IDLE  
--------------------------------------------------

UVM_INFO apb_score_board.sv(58) @ 800: uvm_test_top.env_h.sb_h [[SB]] [PASSIVE] paddr=0x42 pwrite=1 pwdata=0xcd1b prdata=0x0 pslverr=0
UVM_INFO apb_score_board.sv(125) @ 800: uvm_test_top.env_h.sb_h [[SB]] [800]WRITE PASS:mem[0x42]=0xcd1b
UVM_INFO apb_driver.sv(80) @ 805: uvm_test_top.env_h.act_agent_h.drv_h [[DRV]] Entered ACCESS State
UVM_INFO apb_score_board.sv(48) @ 810: uvm_test_top.env_h.sb_h [[SB]] [ACTIVE] paddr=0x42 pwrite=1 pwdata=0xcd1b prdata=0x0 pslverr=0
UVM_INFO apb_score_board.sv(58) @ 810: uvm_test_top.env_h.sb_h [[SB]] [PASSIVE] paddr=0x42 pwrite=1 pwdata=0xcd1b prdata=0x0 pslverr=0
UVM_INFO apb_score_board.sv(125) @ 810: uvm_test_top.env_h.sb_h [[SB]] [810]WRITE PASS:mem[0x42]=0xcd1b
inside dut 66 52507
inside dut 66 52507
"apb_interface.sv", 102: apb_top.intf_h.pready_waiting: started at 765s failed at 825s
	Offending 'pready'
UVM_INFO apb_driver.sv(108) @ 825: uvm_test_top.env_h.act_agent_h.drv_h [[DRV]] Pready occured at wait_count=1 66 52507
UVM_INFO apb_score_board.sv(48) @ 830: uvm_test_top.env_h.sb_h [[SB]] [ACTIVE] paddr=0x42 pwrite=1 pwdata=0xcd1b prdata=0x0 pslverr=0
UVM_INFO apb_active_monitor.sv(69) @ 830: uvm_test_top.env_h.act_agent_h.act_mon_h [[ACTIVE_MON]]  Transaction sent to scoreboard
UVM_INFO apb_score_board.sv(58) @ 830: uvm_test_top.env_h.sb_h [[SB]] [PASSIVE] paddr=0x42 pwrite=1 pwdata=0xcd1b prdata=0x0 pslverr=0
UVM_INFO apb_score_board.sv(125) @ 830: uvm_test_top.env_h.sb_h [[SB]] [830]WRITE PASS:mem[0x42]=0xcd1b
UVM_INFO apb_passive_monitor.sv(69) @ 830: uvm_test_top.env_h.pas_agent_h.pas_mon_h [[PASSIVE_MON]]  Transaction sent to scoreboard
UVM_INFO apb_driver.sv(112) @ 835: uvm_test_top.env_h.act_agent_h.drv_h [[DRV]] Transaction completed
UVM_INFO apb_driver.sv(121) @ 835: uvm_test_top.env_h.act_agent_h.drv_h [[abc1]] Transaction completed
UVM_INFO apb_driver.sv(122) @ 835: uvm_test_top.env_h.act_agent_h.drv_h [[abc1]]  0
UVM_INFO apb_write_seq.sv(30) @ 845: uvm_test_top.env_h.act_agent_h.seqr_h@@write_h [w_seq] Dispalying From apb_write_seq=-----------------------------------------------------------------------------------------------------
Name                           Type               Size  Value                                        
-----------------------------------------------------------------------------------------------------
seq_h                          apb_sequence_item  -     @2932                                        
  psel                         integral           1     'h0                                          
  continuous_psel              integral           1     'h0                                          
  penable                      integral           1     'h0                                          
  pready                       integral           1     'h0                                          
  paddr                        integral           32    'h4b                                         
  pwrite                       integral           1     'h1                                          
  prdata                       integral           32    'h0                                          
  pwdata                       integral           32    'h854a                                       
  pslverr                      integral           1     'h0                                          
  apb_state                    apb_state_e        2     ""                                           
  begin_time                   time               64    845                                          
  depth                        int                32    'd2                                          
  parent sequence (name)       string             7     write_h                                      
  parent sequence (full name)  string             45    uvm_test_top.env_h.act_agent_h.seqr_h.write_h
  sequencer                    string             37    uvm_test_top.env_h.act_agent_h.seqr_h        
-----------------------------------------------------------------------------------------------------

UVM_INFO apb_driver.sv(48) @ 845: uvm_test_top.env_h.act_agent_h.drv_h [DRIVER] Displaying from apb_driver=-----------------------------------------------------------------------------------------------------
Name                           Type               Size  Value                                        
-----------------------------------------------------------------------------------------------------
seq_h                          apb_sequence_item  -     @2932                                        
  psel                         integral           1     'h0                                          
  continuous_psel              integral           1     'h0                                          
  penable                      integral           1     'h0                                          
  pready                       integral           1     'h0                                          
  paddr                        integral           32    'h4b                                         
  pwrite                       integral           1     'h1                                          
  prdata                       integral           32    'h0                                          
  pwdata                       integral           32    'h854a                                       
  pslverr                      integral           1     'h0                                          
  apb_state                    apb_state_e        2     ""                                           
  begin_time                   time               64    845                                          
  depth                        int                32    'd2                                          
  parent sequence (name)       string             7     write_h                                      
  parent sequence (full name)  string             45    uvm_test_top.env_h.act_agent_h.seqr_h.write_h
  sequencer                    string             37    uvm_test_top.env_h.act_agent_h.seqr_h        
-----------------------------------------------------------------------------------------------------

UVM_INFO apb_driver.sv(61) @ 845: uvm_test_top.env_h.act_agent_h.drv_h [[DRV]] Entered SETUP State
UVM_INFO apb_score_board.sv(48) @ 850: uvm_test_top.env_h.sb_h [[SB]] [ACTIVE] paddr=0x0 pwrite=0 pwdata=0x0 prdata=0x0 pslverr=0
UVM_INFO apb_active_monitor.sv(44) @ 850: uvm_test_top.env_h.act_agent_h.act_mon_h [[ACTIVE_MON]] setup detected:::::- --------------------------------------------------
Name               Type               Size  Value 
--------------------------------------------------
seq_h              apb_sequence_item  -     @2946 
  psel             integral           1     'h1   
  continuous_psel  integral           1     'h0   
  penable          integral           1     'h0   
  pready           integral           1     'h1   
  paddr            integral           32    'h4b  
  pwrite           integral           1     'h1   
  prdata           integral           32    'h0   
  pwdata           integral           32    'h854a
  pslverr          integral           1     'h0   
  apb_state        apb_state_e        2     IDLE  
--------------------------------------------------

UVM_INFO apb_score_board.sv(48) @ 850: uvm_test_top.env_h.sb_h [[SB]] [ACTIVE] paddr=0x4b pwrite=1 pwdata=0x854a prdata=0x0 pslverr=0
UVM_INFO apb_score_board.sv(58) @ 850: uvm_test_top.env_h.sb_h [[SB]] [PASSIVE] paddr=0x0 pwrite=0 pwdata=0x0 prdata=0x0 pslverr=0
UVM_WARNING apb_score_board.sv(147) @ 850: uvm_test_top.env_h.sb_h [[SB]] [850] READ from uninitialised addr 0x0 --- no ref
UVM_INFO apb_passive_monitor.sv(44) @ 850: uvm_test_top.env_h.pas_agent_h.pas_mon_h [[PASSIVE_MON]] setup detected:::::- --------------------------------------------------
Name               Type               Size  Value 
--------------------------------------------------
seq_h              apb_sequence_item  -     @2972 
  psel             integral           1     'h1   
  continuous_psel  integral           1     'h0   
  penable          integral           1     'h0   
  pready           integral           1     'h1   
  paddr            integral           32    'h4b  
  pwrite           integral           1     'h1   
  prdata           integral           32    'h0   
  pwdata           integral           32    'h854a
  pslverr          integral           1     'h0   
  apb_state        apb_state_e        2     IDLE  
--------------------------------------------------

UVM_INFO apb_score_board.sv(58) @ 850: uvm_test_top.env_h.sb_h [[SB]] [PASSIVE] paddr=0x4b pwrite=1 pwdata=0x854a prdata=0x0 pslverr=0
UVM_INFO apb_score_board.sv(125) @ 850: uvm_test_top.env_h.sb_h [[SB]] [850]WRITE PASS:mem[0x4b]=0x854a
UVM_INFO apb_driver.sv(80) @ 855: uvm_test_top.env_h.act_agent_h.drv_h [[DRV]] Entered ACCESS State
UVM_INFO apb_score_board.sv(48) @ 860: uvm_test_top.env_h.sb_h [[SB]] [ACTIVE] paddr=0x4b pwrite=1 pwdata=0x854a prdata=0x0 pslverr=0
UVM_INFO apb_score_board.sv(58) @ 860: uvm_test_top.env_h.sb_h [[SB]] [PASSIVE] paddr=0x4b pwrite=1 pwdata=0x854a prdata=0x0 pslverr=0
UVM_INFO apb_score_board.sv(125) @ 860: uvm_test_top.env_h.sb_h [[SB]] [860]WRITE PASS:mem[0x4b]=0x854a
inside dut 75 34122
inside dut 75 34122
inside dut 75 34122
UVM_INFO apb_driver.sv(108) @ 885: uvm_test_top.env_h.act_agent_h.drv_h [[DRV]] Pready occured at wait_count=2 75 34122
UVM_INFO apb_score_board.sv(48) @ 890: uvm_test_top.env_h.sb_h [[SB]] [ACTIVE] paddr=0x4b pwrite=1 pwdata=0x854a prdata=0x0 pslverr=0
UVM_INFO apb_active_monitor.sv(69) @ 890: uvm_test_top.env_h.act_agent_h.act_mon_h [[ACTIVE_MON]]  Transaction sent to scoreboard
UVM_INFO apb_score_board.sv(58) @ 890: uvm_test_top.env_h.sb_h [[SB]] [PASSIVE] paddr=0x4b pwrite=1 pwdata=0x854a prdata=0x0 pslverr=0
UVM_INFO apb_score_board.sv(125) @ 890: uvm_test_top.env_h.sb_h [[SB]] [890]WRITE PASS:mem[0x4b]=0x854a
UVM_INFO apb_passive_monitor.sv(69) @ 890: uvm_test_top.env_h.pas_agent_h.pas_mon_h [[PASSIVE_MON]]  Transaction sent to scoreboard
UVM_INFO apb_driver.sv(112) @ 895: uvm_test_top.env_h.act_agent_h.drv_h [[DRV]] Transaction completed
UVM_INFO apb_driver.sv(121) @ 895: uvm_test_top.env_h.act_agent_h.drv_h [[abc1]] Transaction completed
UVM_INFO apb_driver.sv(122) @ 895: uvm_test_top.env_h.act_agent_h.drv_h [[abc1]]  0
UVM_INFO apb_write_seq.sv(30) @ 905: uvm_test_top.env_h.act_agent_h.seqr_h@@write_h [w_seq] Dispalying From apb_write_seq=-----------------------------------------------------------------------------------------------------
Name                           Type               Size  Value                                        
-----------------------------------------------------------------------------------------------------
seq_h                          apb_sequence_item  -     @3060                                        
  psel                         integral           1     'h0                                          
  continuous_psel              integral           1     'h0                                          
  penable                      integral           1     'h0                                          
  pready                       integral           1     'h0                                          
  paddr                        integral           32    'hd3                                         
  pwrite                       integral           1     'h1                                          
  prdata                       integral           32    'h0                                          
  pwdata                       integral           32    'h27fe                                       
  pslverr                      integral           1     'h0                                          
  apb_state                    apb_state_e        2     ""                                           
  begin_time                   time               64    905                                          
  depth                        int                32    'd2                                          
  parent sequence (name)       string             7     write_h                                      
  parent sequence (full name)  string             45    uvm_test_top.env_h.act_agent_h.seqr_h.write_h
  sequencer                    string             37    uvm_test_top.env_h.act_agent_h.seqr_h        
-----------------------------------------------------------------------------------------------------

UVM_INFO apb_driver.sv(48) @ 905: uvm_test_top.env_h.act_agent_h.drv_h [DRIVER] Displaying from apb_driver=-----------------------------------------------------------------------------------------------------
Name                           Type               Size  Value                                        
-----------------------------------------------------------------------------------------------------
seq_h                          apb_sequence_item  -     @3060                                        
  psel                         integral           1     'h0                                          
  continuous_psel              integral           1     'h0                                          
  penable                      integral           1     'h0                                          
  pready                       integral           1     'h0                                          
  paddr                        integral           32    'hd3                                         
  pwrite                       integral           1     'h1                                          
  prdata                       integral           32    'h0                                          
  pwdata                       integral           32    'h27fe                                       
  pslverr                      integral           1     'h0                                          
  apb_state                    apb_state_e        2     ""                                           
  begin_time                   time               64    905                                          
  depth                        int                32    'd2                                          
  parent sequence (name)       string             7     write_h                                      
  parent sequence (full name)  string             45    uvm_test_top.env_h.act_agent_h.seqr_h.write_h
  sequencer                    string             37    uvm_test_top.env_h.act_agent_h.seqr_h        
-----------------------------------------------------------------------------------------------------

UVM_INFO apb_driver.sv(61) @ 905: uvm_test_top.env_h.act_agent_h.drv_h [[DRV]] Entered SETUP State
UVM_INFO apb_score_board.sv(48) @ 910: uvm_test_top.env_h.sb_h [[SB]] [ACTIVE] paddr=0x0 pwrite=0 pwdata=0x0 prdata=0x0 pslverr=0
UVM_INFO apb_active_monitor.sv(44) @ 910: uvm_test_top.env_h.act_agent_h.act_mon_h [[ACTIVE_MON]] setup detected:::::- --------------------------------------------------
Name               Type               Size  Value 
--------------------------------------------------
seq_h              apb_sequence_item  -     @3074 
  psel             integral           1     'h1   
  continuous_psel  integral           1     'h0   
  penable          integral           1     'h0   
  pready           integral           1     'h1   
  paddr            integral           32    'hd3  
  pwrite           integral           1     'h1   
  prdata           integral           32    'h0   
  pwdata           integral           32    'h27fe
  pslverr          integral           1     'h0   
  apb_state        apb_state_e        2     IDLE  
--------------------------------------------------

UVM_INFO apb_score_board.sv(48) @ 910: uvm_test_top.env_h.sb_h [[SB]] [ACTIVE] paddr=0xd3 pwrite=1 pwdata=0x27fe prdata=0x0 pslverr=0
UVM_INFO apb_score_board.sv(58) @ 910: uvm_test_top.env_h.sb_h [[SB]] [PASSIVE] paddr=0x0 pwrite=0 pwdata=0x0 prdata=0x0 pslverr=0
UVM_WARNING apb_score_board.sv(147) @ 910: uvm_test_top.env_h.sb_h [[SB]] [910] READ from uninitialised addr 0x0 --- no ref
UVM_INFO apb_passive_monitor.sv(44) @ 910: uvm_test_top.env_h.pas_agent_h.pas_mon_h [[PASSIVE_MON]] setup detected:::::- --------------------------------------------------
Name               Type               Size  Value 
--------------------------------------------------
seq_h              apb_sequence_item  -     @3100 
  psel             integral           1     'h1   
  continuous_psel  integral           1     'h0   
  penable          integral           1     'h0   
  pready           integral           1     'h1   
  paddr            integral           32    'hd3  
  pwrite           integral           1     'h1   
  prdata           integral           32    'h0   
  pwdata           integral           32    'h27fe
  pslverr          integral           1     'h0   
  apb_state        apb_state_e        2     IDLE  
--------------------------------------------------

UVM_INFO apb_score_board.sv(58) @ 910: uvm_test_top.env_h.sb_h [[SB]] [PASSIVE] paddr=0xd3 pwrite=1 pwdata=0x27fe prdata=0x0 pslverr=0
UVM_INFO apb_score_board.sv(125) @ 910: uvm_test_top.env_h.sb_h [[SB]] [910]WRITE PASS:mem[0xd3]=0x27fe
UVM_INFO apb_driver.sv(80) @ 915: uvm_test_top.env_h.act_agent_h.drv_h [[DRV]] Entered ACCESS State
UVM_INFO apb_score_board.sv(48) @ 920: uvm_test_top.env_h.sb_h [[SB]] [ACTIVE] paddr=0xd3 pwrite=1 pwdata=0x27fe prdata=0x0 pslverr=0
UVM_INFO apb_score_board.sv(48) @ 920: uvm_test_top.env_h.sb_h [[SB]] [ACTIVE] paddr=0xd3 pwrite=1 pwdata=0x27fe prdata=0x0 pslverr=0
UVM_INFO apb_active_monitor.sv(69) @ 920: uvm_test_top.env_h.act_agent_h.act_mon_h [[ACTIVE_MON]]  Transaction sent to scoreboard
UVM_INFO apb_score_board.sv(58) @ 920: uvm_test_top.env_h.sb_h [[SB]] [PASSIVE] paddr=0xd3 pwrite=1 pwdata=0x27fe prdata=0x0 pslverr=0
UVM_INFO apb_score_board.sv(125) @ 920: uvm_test_top.env_h.sb_h [[SB]] [920]WRITE PASS:mem[0xd3]=0x27fe
UVM_INFO apb_score_board.sv(58) @ 920: uvm_test_top.env_h.sb_h [[SB]] [PASSIVE] paddr=0xd3 pwrite=1 pwdata=0x27fe prdata=0x0 pslverr=0
UVM_INFO apb_score_board.sv(125) @ 920: uvm_test_top.env_h.sb_h [[SB]] [920]WRITE PASS:mem[0xd3]=0x27fe
UVM_INFO apb_passive_monitor.sv(69) @ 920: uvm_test_top.env_h.pas_agent_h.pas_mon_h [[PASSIVE_MON]]  Transaction sent to scoreboard
inside dut 211 10238
inside dut 211 10238
inside dut 211 10238
inside dut 211 10238
UVM_INFO apb_driver.sv(108) @ 955: uvm_test_top.env_h.act_agent_h.drv_h [[DRV]] Pready occured at wait_count=3 211 10238
UVM_INFO apb_driver.sv(112) @ 965: uvm_test_top.env_h.act_agent_h.drv_h [[DRV]] Transaction completed
UVM_INFO apb_driver.sv(121) @ 965: uvm_test_top.env_h.act_agent_h.drv_h [[abc1]] Transaction completed
UVM_INFO apb_driver.sv(122) @ 965: uvm_test_top.env_h.act_agent_h.drv_h [[abc1]]  0
UVM_ERROR @ 965: uvm_test_top.env_h.act_agent_h.seqr_h@@write_h [uvm_test_top.env_h.act_agent_h.seqr_h.write_h] Response queue overflow, response was dropped
UVM_INFO apb_write_seq.sv(30) @ 975: uvm_test_top.env_h.act_agent_h.seqr_h@@write_h [w_seq] Dispalying From apb_write_seq=-----------------------------------------------------------------------------------------------------
Name                           Type               Size  Value                                        
-----------------------------------------------------------------------------------------------------
seq_h                          apb_sequence_item  -     @3190                                        
  psel                         integral           1     'h0                                          
  continuous_psel              integral           1     'h0                                          
  penable                      integral           1     'h0                                          
  pready                       integral           1     'h0                                          
  paddr                        integral           32    'hd5                                         
  pwrite                       integral           1     'h1                                          
  prdata                       integral           32    'h0                                          
  pwdata                       integral           32    'h59e6                                       
  pslverr                      integral           1     'h0                                          
  apb_state                    apb_state_e        2     ""                                           
  begin_time                   time               64    975                                          
  depth                        int                32    'd2                                          
  parent sequence (name)       string             7     write_h                                      
  parent sequence (full name)  string             45    uvm_test_top.env_h.act_agent_h.seqr_h.write_h
  sequencer                    string             37    uvm_test_top.env_h.act_agent_h.seqr_h        
-----------------------------------------------------------------------------------------------------

UVM_INFO apb_driver.sv(48) @ 975: uvm_test_top.env_h.act_agent_h.drv_h [DRIVER] Displaying from apb_driver=-----------------------------------------------------------------------------------------------------
Name                           Type               Size  Value                                        
-----------------------------------------------------------------------------------------------------
seq_h                          apb_sequence_item  -     @3190                                        
  psel                         integral           1     'h0                                          
  continuous_psel              integral           1     'h0                                          
  penable                      integral           1     'h0                                          
  pready                       integral           1     'h0                                          
  paddr                        integral           32    'hd5                                         
  pwrite                       integral           1     'h1                                          
  prdata                       integral           32    'h0                                          
  pwdata                       integral           32    'h59e6                                       
  pslverr                      integral           1     'h0                                          
  apb_state                    apb_state_e        2     ""                                           
  begin_time                   time               64    975                                          
  depth                        int                32    'd2                                          
  parent sequence (name)       string             7     write_h                                      
  parent sequence (full name)  string             45    uvm_test_top.env_h.act_agent_h.seqr_h.write_h
  sequencer                    string             37    uvm_test_top.env_h.act_agent_h.seqr_h        
-----------------------------------------------------------------------------------------------------

UVM_INFO apb_driver.sv(61) @ 975: uvm_test_top.env_h.act_agent_h.drv_h [[DRV]] Entered SETUP State
UVM_INFO apb_score_board.sv(48) @ 980: uvm_test_top.env_h.sb_h [[SB]] [ACTIVE] paddr=0x0 pwrite=0 pwdata=0x0 prdata=0x0 pslverr=0
UVM_INFO apb_active_monitor.sv(44) @ 980: uvm_test_top.env_h.act_agent_h.act_mon_h [[ACTIVE_MON]] setup detected:::::- --------------------------------------------------
Name               Type               Size  Value 
--------------------------------------------------
seq_h              apb_sequence_item  -     @3204 
  psel             integral           1     'h1   
  continuous_psel  integral           1     'h0   
  penable          integral           1     'h0   
  pready           integral           1     'h1   
  paddr            integral           32    'hd5  
  pwrite           integral           1     'h1   
  prdata           integral           32    'h0   
  pwdata           integral           32    'h59e6
  pslverr          integral           1     'h0   
  apb_state        apb_state_e        2     IDLE  
--------------------------------------------------

UVM_INFO apb_score_board.sv(48) @ 980: uvm_test_top.env_h.sb_h [[SB]] [ACTIVE] paddr=0xd5 pwrite=1 pwdata=0x59e6 prdata=0x0 pslverr=0
UVM_INFO apb_score_board.sv(58) @ 980: uvm_test_top.env_h.sb_h [[SB]] [PASSIVE] paddr=0x0 pwrite=0 pwdata=0x0 prdata=0x0 pslverr=0
UVM_WARNING apb_score_board.sv(147) @ 980: uvm_test_top.env_h.sb_h [[SB]] [980] READ from uninitialised addr 0x0 --- no ref
UVM_INFO apb_passive_monitor.sv(44) @ 980: uvm_test_top.env_h.pas_agent_h.pas_mon_h [[PASSIVE_MON]] setup detected:::::- --------------------------------------------------
Name               Type               Size  Value 
--------------------------------------------------
seq_h              apb_sequence_item  -     @3230 
  psel             integral           1     'h1   
  continuous_psel  integral           1     'h0   
  penable          integral           1     'h0   
  pready           integral           1     'h1   
  paddr            integral           32    'hd5  
  pwrite           integral           1     'h1   
  prdata           integral           32    'h0   
  pwdata           integral           32    'h59e6
  pslverr          integral           1     'h0   
  apb_state        apb_state_e        2     IDLE  
--------------------------------------------------

UVM_INFO apb_score_board.sv(58) @ 980: uvm_test_top.env_h.sb_h [[SB]] [PASSIVE] paddr=0xd5 pwrite=1 pwdata=0x59e6 prdata=0x0 pslverr=0
UVM_INFO apb_score_board.sv(125) @ 980: uvm_test_top.env_h.sb_h [[SB]] [980]WRITE PASS:mem[0xd5]=0x59e6
UVM_INFO apb_driver.sv(80) @ 985: uvm_test_top.env_h.act_agent_h.drv_h [[DRV]] Entered ACCESS State
UVM_INFO apb_score_board.sv(48) @ 990: uvm_test_top.env_h.sb_h [[SB]] [ACTIVE] paddr=0xd5 pwrite=1 pwdata=0x59e6 prdata=0x0 pslverr=0
UVM_INFO apb_score_board.sv(58) @ 990: uvm_test_top.env_h.sb_h [[SB]] [PASSIVE] paddr=0xd5 pwrite=1 pwdata=0x59e6 prdata=0x0 pslverr=0
UVM_INFO apb_score_board.sv(125) @ 990: uvm_test_top.env_h.sb_h [[SB]] [990]WRITE PASS:mem[0xd5]=0x59e6
inside dut 213 23014
inside dut 213 23014
inside dut 213 23014
UVM_INFO apb_driver.sv(108) @ 1015: uvm_test_top.env_h.act_agent_h.drv_h [[DRV]] Pready occured at wait_count=2 213 23014
UVM_INFO apb_score_board.sv(48) @ 1020: uvm_test_top.env_h.sb_h [[SB]] [ACTIVE] paddr=0xd5 pwrite=1 pwdata=0x59e6 prdata=0x0 pslverr=0
UVM_INFO apb_active_monitor.sv(69) @ 1020: uvm_test_top.env_h.act_agent_h.act_mon_h [[ACTIVE_MON]]  Transaction sent to scoreboard
UVM_INFO apb_score_board.sv(58) @ 1020: uvm_test_top.env_h.sb_h [[SB]] [PASSIVE] paddr=0xd5 pwrite=1 pwdata=0x59e6 prdata=0x0 pslverr=0
UVM_INFO apb_score_board.sv(125) @ 1020: uvm_test_top.env_h.sb_h [[SB]] [1020]WRITE PASS:mem[0xd5]=0x59e6
UVM_INFO apb_passive_monitor.sv(69) @ 1020: uvm_test_top.env_h.pas_agent_h.pas_mon_h [[PASSIVE_MON]]  Transaction sent to scoreboard
UVM_INFO apb_driver.sv(112) @ 1025: uvm_test_top.env_h.act_agent_h.drv_h [[DRV]] Transaction completed
UVM_INFO apb_driver.sv(121) @ 1025: uvm_test_top.env_h.act_agent_h.drv_h [[abc1]] Transaction completed
UVM_INFO apb_driver.sv(122) @ 1025: uvm_test_top.env_h.act_agent_h.drv_h [[abc1]]  0
UVM_ERROR @ 1025: uvm_test_top.env_h.act_agent_h.seqr_h@@write_h [uvm_test_top.env_h.act_agent_h.seqr_h.write_h] Response queue overflow, response was dropped
UVM_INFO apb_rw_seq.sv(39) @ 1035: uvm_test_top.env_h.act_agent_h.seqr_h@@rw_h [apb_rw_seq] Dispalying From apb_rw_seq=--------------------------------------------------------------------------------------------------
Name                           Type               Size  Value                                     
--------------------------------------------------------------------------------------------------
seq_h                          apb_sequence_item  -     @3324                                     
  psel                         integral           1     'h0                                       
  continuous_psel              integral           1     'h0                                       
  penable                      integral           1     'h0                                       
  pready                       integral           1     'h0                                       
  paddr                        integral           32    'h44                                      
  pwrite                       integral           1     'h1                                       
  prdata                       integral           32    'h0                                       
  pwdata                       integral           32    'hbfc75ffa                                
  pslverr                      integral           1     'h0                                       
  apb_state                    apb_state_e        2     ""                                        
  begin_time                   time               64    1035                                      
  depth                        int                32    'd2                                       
  parent sequence (name)       string             4     rw_h                                      
  parent sequence (full name)  string             42    uvm_test_top.env_h.act_agent_h.seqr_h.rw_h
  sequencer                    string             37    uvm_test_top.env_h.act_agent_h.seqr_h     
--------------------------------------------------------------------------------------------------

UVM_INFO apb_driver.sv(48) @ 1035: uvm_test_top.env_h.act_agent_h.drv_h [DRIVER] Displaying from apb_driver=--------------------------------------------------------------------------------------------------
Name                           Type               Size  Value                                     
--------------------------------------------------------------------------------------------------
seq_h                          apb_sequence_item  -     @3324                                     
  psel                         integral           1     'h0                                       
  continuous_psel              integral           1     'h0                                       
  penable                      integral           1     'h0                                       
  pready                       integral           1     'h0                                       
  paddr                        integral           32    'h44                                      
  pwrite                       integral           1     'h1                                       
  prdata                       integral           32    'h0                                       
  pwdata                       integral           32    'hbfc75ffa                                
  pslverr                      integral           1     'h0                                       
  apb_state                    apb_state_e        2     ""                                        
  begin_time                   time               64    1035                                      
  depth                        int                32    'd2                                       
  parent sequence (name)       string             4     rw_h                                      
  parent sequence (full name)  string             42    uvm_test_top.env_h.act_agent_h.seqr_h.rw_h
  sequencer                    string             37    uvm_test_top.env_h.act_agent_h.seqr_h     
--------------------------------------------------------------------------------------------------

UVM_INFO apb_driver.sv(61) @ 1035: uvm_test_top.env_h.act_agent_h.drv_h [[DRV]] Entered SETUP State
UVM_INFO apb_score_board.sv(48) @ 1040: uvm_test_top.env_h.sb_h [[SB]] [ACTIVE] paddr=0x0 pwrite=0 pwdata=0x0 prdata=0x0 pslverr=0
UVM_INFO apb_active_monitor.sv(44) @ 1040: uvm_test_top.env_h.act_agent_h.act_mon_h [[ACTIVE_MON]] setup detected:::::- ------------------------------------------------------
Name               Type               Size  Value     
------------------------------------------------------
seq_h              apb_sequence_item  -     @3338     
  psel             integral           1     'h1       
  continuous_psel  integral           1     'h0       
  penable          integral           1     'h0       
  pready           integral           1     'h1       
  paddr            integral           32    'h44      
  pwrite           integral           1     'h1       
  prdata           integral           32    'h0       
  pwdata           integral           32    'hbfc75ffa
  pslverr          integral           1     'h0       
  apb_state        apb_state_e        2     IDLE      
------------------------------------------------------

UVM_INFO apb_score_board.sv(48) @ 1040: uvm_test_top.env_h.sb_h [[SB]] [ACTIVE] paddr=0x44 pwrite=1 pwdata=0xbfc75ffa prdata=0x0 pslverr=0
UVM_INFO apb_score_board.sv(58) @ 1040: uvm_test_top.env_h.sb_h [[SB]] [PASSIVE] paddr=0x0 pwrite=0 pwdata=0x0 prdata=0x0 pslverr=0
UVM_WARNING apb_score_board.sv(147) @ 1040: uvm_test_top.env_h.sb_h [[SB]] [1040] READ from uninitialised addr 0x0 --- no ref
UVM_INFO apb_passive_monitor.sv(44) @ 1040: uvm_test_top.env_h.pas_agent_h.pas_mon_h [[PASSIVE_MON]] setup detected:::::- ------------------------------------------------------
Name               Type               Size  Value     
------------------------------------------------------
seq_h              apb_sequence_item  -     @3364     
  psel             integral           1     'h1       
  continuous_psel  integral           1     'h0       
  penable          integral           1     'h0       
  pready           integral           1     'h1       
  paddr            integral           32    'h44      
  pwrite           integral           1     'h1       
  prdata           integral           32    'h0       
  pwdata           integral           32    'hbfc75ffa
  pslverr          integral           1     'h0       
  apb_state        apb_state_e        2     IDLE      
------------------------------------------------------

UVM_INFO apb_score_board.sv(58) @ 1040: uvm_test_top.env_h.sb_h [[SB]] [PASSIVE] paddr=0x44 pwrite=1 pwdata=0xbfc75ffa prdata=0x0 pslverr=0
UVM_INFO apb_score_board.sv(125) @ 1040: uvm_test_top.env_h.sb_h [[SB]] [1040]WRITE PASS:mem[0x44]=0xbfc75ffa
UVM_INFO apb_driver.sv(80) @ 1045: uvm_test_top.env_h.act_agent_h.drv_h [[DRV]] Entered ACCESS State
UVM_INFO apb_score_board.sv(48) @ 1050: uvm_test_top.env_h.sb_h [[SB]] [ACTIVE] paddr=0x44 pwrite=1 pwdata=0xbfc75ffa prdata=0x0 pslverr=0
UVM_INFO apb_score_board.sv(58) @ 1050: uvm_test_top.env_h.sb_h [[SB]] [PASSIVE] paddr=0x44 pwrite=1 pwdata=0xbfc75ffa prdata=0x0 pslverr=0
UVM_INFO apb_score_board.sv(125) @ 1050: uvm_test_top.env_h.sb_h [[SB]] [1050]WRITE PASS:mem[0x44]=0xbfc75ffa
inside dut 68 3217514490
UVM_INFO apb_driver.sv(108) @ 1055: uvm_test_top.env_h.act_agent_h.drv_h [[DRV]] Pready occured at wait_count=0 68 3217514490
UVM_INFO apb_score_board.sv(48) @ 1060: uvm_test_top.env_h.sb_h [[SB]] [ACTIVE] paddr=0x44 pwrite=1 pwdata=0xbfc75ffa prdata=0x0 pslverr=0
UVM_INFO apb_active_monitor.sv(69) @ 1060: uvm_test_top.env_h.act_agent_h.act_mon_h [[ACTIVE_MON]]  Transaction sent to scoreboard
UVM_INFO apb_score_board.sv(58) @ 1060: uvm_test_top.env_h.sb_h [[SB]] [PASSIVE] paddr=0x44 pwrite=1 pwdata=0xbfc75ffa prdata=0x0 pslverr=0
UVM_INFO apb_score_board.sv(125) @ 1060: uvm_test_top.env_h.sb_h [[SB]] [1060]WRITE PASS:mem[0x44]=0xbfc75ffa
UVM_INFO apb_passive_monitor.sv(69) @ 1060: uvm_test_top.env_h.pas_agent_h.pas_mon_h [[PASSIVE_MON]]  Transaction sent to scoreboard
UVM_INFO apb_driver.sv(112) @ 1065: uvm_test_top.env_h.act_agent_h.drv_h [[DRV]] Transaction completed
UVM_INFO apb_driver.sv(121) @ 1065: uvm_test_top.env_h.act_agent_h.drv_h [[abc1]] Transaction completed
UVM_INFO apb_driver.sv(122) @ 1065: uvm_test_top.env_h.act_agent_h.drv_h [[abc1]]  0
UVM_INFO apb_rw_seq.sv(39) @ 1075: uvm_test_top.env_h.act_agent_h.seqr_h@@rw_h [apb_rw_seq] Dispalying From apb_rw_seq=--------------------------------------------------------------------------------------------------
Name                           Type               Size  Value                                     
--------------------------------------------------------------------------------------------------
seq_h                          apb_sequence_item  -     @3452                                     
  psel                         integral           1     'h0                                       
  continuous_psel              integral           1     'h0                                       
  penable                      integral           1     'h0                                       
  pready                       integral           1     'h0                                       
  paddr                        integral           32    'h44                                      
  pwrite                       integral           1     'h0                                       
  prdata                       integral           32    'h0                                       
  pwdata                       integral           32    'h3e7e30bb                                
  pslverr                      integral           1     'h0                                       
  apb_state                    apb_state_e        2     ""                                        
  begin_time                   time               64    1075                                      
  depth                        int                32    'd2                                       
  parent sequence (name)       string             4     rw_h                                      
  parent sequence (full name)  string             42    uvm_test_top.env_h.act_agent_h.seqr_h.rw_h
  sequencer                    string             37    uvm_test_top.env_h.act_agent_h.seqr_h     
--------------------------------------------------------------------------------------------------

UVM_INFO apb_driver.sv(48) @ 1075: uvm_test_top.env_h.act_agent_h.drv_h [DRIVER] Displaying from apb_driver=--------------------------------------------------------------------------------------------------
Name                           Type               Size  Value                                     
--------------------------------------------------------------------------------------------------
seq_h                          apb_sequence_item  -     @3452                                     
  psel                         integral           1     'h0                                       
  continuous_psel              integral           1     'h0                                       
  penable                      integral           1     'h0                                       
  pready                       integral           1     'h0                                       
  paddr                        integral           32    'h44                                      
  pwrite                       integral           1     'h0                                       
  prdata                       integral           32    'h0                                       
  pwdata                       integral           32    'h3e7e30bb                                
  pslverr                      integral           1     'h0                                       
  apb_state                    apb_state_e        2     ""                                        
  begin_time                   time               64    1075                                      
  depth                        int                32    'd2                                       
  parent sequence (name)       string             4     rw_h                                      
  parent sequence (full name)  string             42    uvm_test_top.env_h.act_agent_h.seqr_h.rw_h
  sequencer                    string             37    uvm_test_top.env_h.act_agent_h.seqr_h     
--------------------------------------------------------------------------------------------------

UVM_INFO apb_driver.sv(61) @ 1075: uvm_test_top.env_h.act_agent_h.drv_h [[DRV]] Entered SETUP State
UVM_INFO apb_score_board.sv(48) @ 1080: uvm_test_top.env_h.sb_h [[SB]] [ACTIVE] paddr=0x0 pwrite=0 pwdata=0x0 prdata=0x0 pslverr=0
UVM_INFO apb_active_monitor.sv(44) @ 1080: uvm_test_top.env_h.act_agent_h.act_mon_h [[ACTIVE_MON]] setup detected:::::- ------------------------------------------------------
Name               Type               Size  Value     
------------------------------------------------------
seq_h              apb_sequence_item  -     @3466     
  psel             integral           1     'h1       
  continuous_psel  integral           1     'h0       
  penable          integral           1     'h0       
  pready           integral           1     'h1       
  paddr            integral           32    'h44      
  pwrite           integral           1     'h0       
  prdata           integral           32    'h0       
  pwdata           integral           32    'h3e7e30bb
  pslverr          integral           1     'h0       
  apb_state        apb_state_e        2     IDLE      
------------------------------------------------------

UVM_INFO apb_score_board.sv(48) @ 1080: uvm_test_top.env_h.sb_h [[SB]] [ACTIVE] paddr=0x44 pwrite=0 pwdata=0x3e7e30bb prdata=0x0 pslverr=0
UVM_INFO apb_score_board.sv(58) @ 1080: uvm_test_top.env_h.sb_h [[SB]] [PASSIVE] paddr=0x0 pwrite=0 pwdata=0x0 prdata=0x0 pslverr=0
UVM_WARNING apb_score_board.sv(147) @ 1080: uvm_test_top.env_h.sb_h [[SB]] [1080] READ from uninitialised addr 0x0 --- no ref
UVM_INFO apb_passive_monitor.sv(44) @ 1080: uvm_test_top.env_h.pas_agent_h.pas_mon_h [[PASSIVE_MON]] setup detected:::::- ------------------------------------------------------
Name               Type               Size  Value     
------------------------------------------------------
seq_h              apb_sequence_item  -     @3492     
  psel             integral           1     'h1       
  continuous_psel  integral           1     'h0       
  penable          integral           1     'h0       
  pready           integral           1     'h1       
  paddr            integral           32    'h44      
  pwrite           integral           1     'h0       
  prdata           integral           32    'h0       
  pwdata           integral           32    'h3e7e30bb
  pslverr          integral           1     'h0       
  apb_state        apb_state_e        2     IDLE      
------------------------------------------------------

UVM_INFO apb_score_board.sv(58) @ 1080: uvm_test_top.env_h.sb_h [[SB]] [PASSIVE] paddr=0x44 pwrite=0 pwdata=0x3e7e30bb prdata=0x0 pslverr=0
UVM_INFO apb_driver.sv(80) @ 1085: uvm_test_top.env_h.act_agent_h.drv_h [[DRV]] Entered ACCESS State
UVM_INFO apb_score_board.sv(48) @ 1090: uvm_test_top.env_h.sb_h [[SB]] [ACTIVE] paddr=0x44 pwrite=0 pwdata=0x3e7e30bb prdata=0x0 pslverr=0
UVM_INFO apb_score_board.sv(58) @ 1090: uvm_test_top.env_h.sb_h [[SB]] [PASSIVE] paddr=0x44 pwrite=0 pwdata=0x3e7e30bb prdata=0x0 pslverr=0
UVM_INFO apb_driver.sv(108) @ 1125: uvm_test_top.env_h.act_agent_h.drv_h [[DRV]] Pready occured at wait_count=3 68 1048457403
UVM_INFO apb_score_board.sv(48) @ 1130: uvm_test_top.env_h.sb_h [[SB]] [ACTIVE] paddr=0x44 pwrite=0 pwdata=0x3e7e30bb prdata=0xbfc75ffa pslverr=0
UVM_INFO apb_active_monitor.sv(69) @ 1130: uvm_test_top.env_h.act_agent_h.act_mon_h [[ACTIVE_MON]]  Transaction sent to scoreboard
UVM_INFO apb_score_board.sv(58) @ 1130: uvm_test_top.env_h.sb_h [[SB]] [PASSIVE] paddr=0x44 pwrite=0 pwdata=0x3e7e30bb prdata=0xbfc75ffa pslverr=0
UVM_INFO apb_score_board.sv(156) @ 1130: uvm_test_top.env_h.sb_h [[SB]] [0000000000000000002152t] READ PASS :paddr=0x44 expected=0xbfc75ffa got=0xbfc75ffa
UVM_INFO apb_passive_monitor.sv(69) @ 1130: uvm_test_top.env_h.pas_agent_h.pas_mon_h [[PASSIVE_MON]]  Transaction sent to scoreboard
UVM_INFO apb_driver.sv(112) @ 1135: uvm_test_top.env_h.act_agent_h.drv_h [[DRV]] Transaction completed
UVM_INFO apb_driver.sv(121) @ 1135: uvm_test_top.env_h.act_agent_h.drv_h [[abc1]] Transaction completed
UVM_INFO apb_driver.sv(122) @ 1135: uvm_test_top.env_h.act_agent_h.drv_h [[abc1]]  0
UVM_INFO apb_rw_seq.sv(39) @ 1145: uvm_test_top.env_h.act_agent_h.seqr_h@@rw_h [apb_rw_seq] Dispalying From apb_rw_seq=--------------------------------------------------------------------------------------------------
Name                           Type               Size  Value                                     
--------------------------------------------------------------------------------------------------
seq_h                          apb_sequence_item  -     @3576                                     
  psel                         integral           1     'h0                                       
  continuous_psel              integral           1     'h0                                       
  penable                      integral           1     'h0                                       
  pready                       integral           1     'h0                                       
  paddr                        integral           32    'hce                                      
  pwrite                       integral           1     'h1                                       
  prdata                       integral           32    'h0                                       
  pwdata                       integral           32    'hdd7bd907                                
  pslverr                      integral           1     'h0                                       
  apb_state                    apb_state_e        2     ""                                        
  begin_time                   time               64    1145                                      
  depth                        int                32    'd2                                       
  parent sequence (name)       string             4     rw_h                                      
  parent sequence (full name)  string             42    uvm_test_top.env_h.act_agent_h.seqr_h.rw_h
  sequencer                    string             37    uvm_test_top.env_h.act_agent_h.seqr_h     
--------------------------------------------------------------------------------------------------

UVM_INFO apb_driver.sv(48) @ 1145: uvm_test_top.env_h.act_agent_h.drv_h [DRIVER] Displaying from apb_driver=--------------------------------------------------------------------------------------------------
Name                           Type               Size  Value                                     
--------------------------------------------------------------------------------------------------
seq_h                          apb_sequence_item  -     @3576                                     
  psel                         integral           1     'h0                                       
  continuous_psel              integral           1     'h0                                       
  penable                      integral           1     'h0                                       
  pready                       integral           1     'h0                                       
  paddr                        integral           32    'hce                                      
  pwrite                       integral           1     'h1                                       
  prdata                       integral           32    'h0                                       
  pwdata                       integral           32    'hdd7bd907                                
  pslverr                      integral           1     'h0                                       
  apb_state                    apb_state_e        2     ""                                        
  begin_time                   time               64    1145                                      
  depth                        int                32    'd2                                       
  parent sequence (name)       string             4     rw_h                                      
  parent sequence (full name)  string             42    uvm_test_top.env_h.act_agent_h.seqr_h.rw_h
  sequencer                    string             37    uvm_test_top.env_h.act_agent_h.seqr_h     
--------------------------------------------------------------------------------------------------

UVM_INFO apb_driver.sv(61) @ 1145: uvm_test_top.env_h.act_agent_h.drv_h [[DRV]] Entered SETUP State
UVM_INFO apb_score_board.sv(48) @ 1150: uvm_test_top.env_h.sb_h [[SB]] [ACTIVE] paddr=0x0 pwrite=0 pwdata=0x0 prdata=0x0 pslverr=0
UVM_INFO apb_active_monitor.sv(44) @ 1150: uvm_test_top.env_h.act_agent_h.act_mon_h [[ACTIVE_MON]] setup detected:::::- ------------------------------------------------------
Name               Type               Size  Value     
------------------------------------------------------
seq_h              apb_sequence_item  -     @3590     
  psel             integral           1     'h1       
  continuous_psel  integral           1     'h0       
  penable          integral           1     'h0       
  pready           integral           1     'h1       
  paddr            integral           32    'hce      
  pwrite           integral           1     'h1       
  prdata           integral           32    'h0       
  pwdata           integral           32    'hdd7bd907
  pslverr          integral           1     'h0       
  apb_state        apb_state_e        2     IDLE      
------------------------------------------------------

UVM_INFO apb_score_board.sv(48) @ 1150: uvm_test_top.env_h.sb_h [[SB]] [ACTIVE] paddr=0xce pwrite=1 pwdata=0xdd7bd907 prdata=0x0 pslverr=0
UVM_INFO apb_score_board.sv(58) @ 1150: uvm_test_top.env_h.sb_h [[SB]] [PASSIVE] paddr=0x0 pwrite=0 pwdata=0x0 prdata=0x0 pslverr=0
UVM_WARNING apb_score_board.sv(147) @ 1150: uvm_test_top.env_h.sb_h [[SB]] [1150] READ from uninitialised addr 0x0 --- no ref
UVM_INFO apb_passive_monitor.sv(44) @ 1150: uvm_test_top.env_h.pas_agent_h.pas_mon_h [[PASSIVE_MON]] setup detected:::::- ------------------------------------------------------
Name               Type               Size  Value     
------------------------------------------------------
seq_h              apb_sequence_item  -     @3616     
  psel             integral           1     'h1       
  continuous_psel  integral           1     'h0       
  penable          integral           1     'h0       
  pready           integral           1     'h1       
  paddr            integral           32    'hce      
  pwrite           integral           1     'h1       
  prdata           integral           32    'h0       
  pwdata           integral           32    'hdd7bd907
  pslverr          integral           1     'h0       
  apb_state        apb_state_e        2     IDLE      
------------------------------------------------------

UVM_INFO apb_score_board.sv(58) @ 1150: uvm_test_top.env_h.sb_h [[SB]] [PASSIVE] paddr=0xce pwrite=1 pwdata=0xdd7bd907 prdata=0x0 pslverr=0
UVM_INFO apb_score_board.sv(125) @ 1150: uvm_test_top.env_h.sb_h [[SB]] [1150]WRITE PASS:mem[0xce]=0xdd7bd907
UVM_INFO apb_driver.sv(80) @ 1155: uvm_test_top.env_h.act_agent_h.drv_h [[DRV]] Entered ACCESS State
UVM_INFO apb_score_board.sv(48) @ 1160: uvm_test_top.env_h.sb_h [[SB]] [ACTIVE] paddr=0xce pwrite=1 pwdata=0xdd7bd907 prdata=0x0 pslverr=0
UVM_INFO apb_score_board.sv(58) @ 1160: uvm_test_top.env_h.sb_h [[SB]] [PASSIVE] paddr=0xce pwrite=1 pwdata=0xdd7bd907 prdata=0x0 pslverr=0
UVM_INFO apb_score_board.sv(125) @ 1160: uvm_test_top.env_h.sb_h [[SB]] [1160]WRITE PASS:mem[0xce]=0xdd7bd907
inside dut 206 3715881223
inside dut 206 3715881223
inside dut 206 3715881223
inside dut 206 3715881223
UVM_INFO apb_driver.sv(108) @ 1195: uvm_test_top.env_h.act_agent_h.drv_h [[DRV]] Pready occured at wait_count=3 206 3715881223
UVM_INFO apb_score_board.sv(48) @ 1200: uvm_test_top.env_h.sb_h [[SB]] [ACTIVE] paddr=0xce pwrite=1 pwdata=0xdd7bd907 prdata=0x0 pslverr=0
UVM_INFO apb_active_monitor.sv(69) @ 1200: uvm_test_top.env_h.act_agent_h.act_mon_h [[ACTIVE_MON]]  Transaction sent to scoreboard
UVM_INFO apb_score_board.sv(58) @ 1200: uvm_test_top.env_h.sb_h [[SB]] [PASSIVE] paddr=0xce pwrite=1 pwdata=0xdd7bd907 prdata=0x0 pslverr=0
UVM_INFO apb_score_board.sv(125) @ 1200: uvm_test_top.env_h.sb_h [[SB]] [1200]WRITE PASS:mem[0xce]=0xdd7bd907
UVM_INFO apb_passive_monitor.sv(69) @ 1200: uvm_test_top.env_h.pas_agent_h.pas_mon_h [[PASSIVE_MON]]  Transaction sent to scoreboard
UVM_INFO apb_driver.sv(112) @ 1205: uvm_test_top.env_h.act_agent_h.drv_h [[DRV]] Transaction completed
UVM_INFO apb_driver.sv(121) @ 1205: uvm_test_top.env_h.act_agent_h.drv_h [[abc1]] Transaction completed
UVM_INFO apb_driver.sv(122) @ 1205: uvm_test_top.env_h.act_agent_h.drv_h [[abc1]]  0
UVM_INFO apb_rw_seq.sv(39) @ 1215: uvm_test_top.env_h.act_agent_h.seqr_h@@rw_h [apb_rw_seq] Dispalying From apb_rw_seq=--------------------------------------------------------------------------------------------------
Name                           Type               Size  Value                                     
--------------------------------------------------------------------------------------------------
seq_h                          apb_sequence_item  -     @3704                                     
  psel                         integral           1     'h0                                       
  continuous_psel              integral           1     'h0                                       
  penable                      integral           1     'h0                                       
  pready                       integral           1     'h0                                       
  paddr                        integral           32    'hce                                      
  pwrite                       integral           1     'h0                                       
  prdata                       integral           32    'h0                                       
  pwdata                       integral           32    'he0cb15e3                                
  pslverr                      integral           1     'h0                                       
  apb_state                    apb_state_e        2     ""                                        
  begin_time                   time               64    1215                                      
  depth                        int                32    'd2                                       
  parent sequence (name)       string             4     rw_h                                      
  parent sequence (full name)  string             42    uvm_test_top.env_h.act_agent_h.seqr_h.rw_h
  sequencer                    string             37    uvm_test_top.env_h.act_agent_h.seqr_h     
--------------------------------------------------------------------------------------------------

UVM_INFO apb_driver.sv(48) @ 1215: uvm_test_top.env_h.act_agent_h.drv_h [DRIVER] Displaying from apb_driver=--------------------------------------------------------------------------------------------------
Name                           Type               Size  Value                                     
--------------------------------------------------------------------------------------------------
seq_h                          apb_sequence_item  -     @3704                                     
  psel                         integral           1     'h0                                       
  continuous_psel              integral           1     'h0                                       
  penable                      integral           1     'h0                                       
  pready                       integral           1     'h0                                       
  paddr                        integral           32    'hce                                      
  pwrite                       integral           1     'h0                                       
  prdata                       integral           32    'h0                                       
  pwdata                       integral           32    'he0cb15e3                                
  pslverr                      integral           1     'h0                                       
  apb_state                    apb_state_e        2     ""                                        
  begin_time                   time               64    1215                                      
  depth                        int                32    'd2                                       
  parent sequence (name)       string             4     rw_h                                      
  parent sequence (full name)  string             42    uvm_test_top.env_h.act_agent_h.seqr_h.rw_h
  sequencer                    string             37    uvm_test_top.env_h.act_agent_h.seqr_h     
--------------------------------------------------------------------------------------------------

UVM_INFO apb_driver.sv(61) @ 1215: uvm_test_top.env_h.act_agent_h.drv_h [[DRV]] Entered SETUP State
UVM_INFO apb_score_board.sv(48) @ 1220: uvm_test_top.env_h.sb_h [[SB]] [ACTIVE] paddr=0x0 pwrite=0 pwdata=0x0 prdata=0x0 pslverr=0
UVM_INFO apb_active_monitor.sv(44) @ 1220: uvm_test_top.env_h.act_agent_h.act_mon_h [[ACTIVE_MON]] setup detected:::::- ------------------------------------------------------
Name               Type               Size  Value     
------------------------------------------------------
seq_h              apb_sequence_item  -     @3718     
  psel             integral           1     'h1       
  continuous_psel  integral           1     'h0       
  penable          integral           1     'h0       
  pready           integral           1     'h1       
  paddr            integral           32    'hce      
  pwrite           integral           1     'h0       
  prdata           integral           32    'h0       
  pwdata           integral           32    'he0cb15e3
  pslverr          integral           1     'h0       
  apb_state        apb_state_e        2     IDLE      
------------------------------------------------------

UVM_INFO apb_score_board.sv(48) @ 1220: uvm_test_top.env_h.sb_h [[SB]] [ACTIVE] paddr=0xce pwrite=0 pwdata=0xe0cb15e3 prdata=0x0 pslverr=0
UVM_INFO apb_score_board.sv(58) @ 1220: uvm_test_top.env_h.sb_h [[SB]] [PASSIVE] paddr=0x0 pwrite=0 pwdata=0x0 prdata=0x0 pslverr=0
UVM_WARNING apb_score_board.sv(147) @ 1220: uvm_test_top.env_h.sb_h [[SB]] [1220] READ from uninitialised addr 0x0 --- no ref
UVM_INFO apb_passive_monitor.sv(44) @ 1220: uvm_test_top.env_h.pas_agent_h.pas_mon_h [[PASSIVE_MON]] setup detected:::::- ------------------------------------------------------
Name               Type               Size  Value     
------------------------------------------------------
seq_h              apb_sequence_item  -     @3744     
  psel             integral           1     'h1       
  continuous_psel  integral           1     'h0       
  penable          integral           1     'h0       
  pready           integral           1     'h1       
  paddr            integral           32    'hce      
  pwrite           integral           1     'h0       
  prdata           integral           32    'h0       
  pwdata           integral           32    'he0cb15e3
  pslverr          integral           1     'h0       
  apb_state        apb_state_e        2     IDLE      
------------------------------------------------------

UVM_INFO apb_score_board.sv(58) @ 1220: uvm_test_top.env_h.sb_h [[SB]] [PASSIVE] paddr=0xce pwrite=0 pwdata=0xe0cb15e3 prdata=0x0 pslverr=0
UVM_INFO apb_driver.sv(80) @ 1225: uvm_test_top.env_h.act_agent_h.drv_h [[DRV]] Entered ACCESS State
UVM_INFO apb_score_board.sv(48) @ 1230: uvm_test_top.env_h.sb_h [[SB]] [ACTIVE] paddr=0xce pwrite=0 pwdata=0xe0cb15e3 prdata=0x0 pslverr=0
UVM_INFO apb_score_board.sv(58) @ 1230: uvm_test_top.env_h.sb_h [[SB]] [PASSIVE] paddr=0xce pwrite=0 pwdata=0xe0cb15e3 prdata=0x0 pslverr=0
UVM_INFO apb_driver.sv(108) @ 1235: uvm_test_top.env_h.act_agent_h.drv_h [[DRV]] Pready occured at wait_count=0 206 3771405795
UVM_INFO apb_score_board.sv(48) @ 1240: uvm_test_top.env_h.sb_h [[SB]] [ACTIVE] paddr=0xce pwrite=0 pwdata=0xe0cb15e3 prdata=0xdd7bd907 pslverr=0
UVM_INFO apb_active_monitor.sv(69) @ 1240: uvm_test_top.env_h.act_agent_h.act_mon_h [[ACTIVE_MON]]  Transaction sent to scoreboard
UVM_INFO apb_score_board.sv(58) @ 1240: uvm_test_top.env_h.sb_h [[SB]] [PASSIVE] paddr=0xce pwrite=0 pwdata=0xe0cb15e3 prdata=0xdd7bd907 pslverr=0
UVM_INFO apb_score_board.sv(156) @ 1240: uvm_test_top.env_h.sb_h [[SB]] [0000000000000000002330t] READ PASS :paddr=0xce expected=0xdd7bd907 got=0xdd7bd907
UVM_INFO apb_passive_monitor.sv(69) @ 1240: uvm_test_top.env_h.pas_agent_h.pas_mon_h [[PASSIVE_MON]]  Transaction sent to scoreboard
UVM_INFO apb_driver.sv(112) @ 1245: uvm_test_top.env_h.act_agent_h.drv_h [[DRV]] Transaction completed
UVM_INFO apb_driver.sv(121) @ 1245: uvm_test_top.env_h.act_agent_h.drv_h [[abc1]] Transaction completed
UVM_INFO apb_driver.sv(122) @ 1245: uvm_test_top.env_h.act_agent_h.drv_h [[abc1]]  0
UVM_INFO apb_rw_seq.sv(39) @ 1255: uvm_test_top.env_h.act_agent_h.seqr_h@@rw_h [apb_rw_seq] Dispalying From apb_rw_seq=--------------------------------------------------------------------------------------------------
Name                           Type               Size  Value                                     
--------------------------------------------------------------------------------------------------
seq_h                          apb_sequence_item  -     @3828                                     
  psel                         integral           1     'h0                                       
  continuous_psel              integral           1     'h0                                       
  penable                      integral           1     'h0                                       
  pready                       integral           1     'h0                                       
  paddr                        integral           32    'hc2                                      
  pwrite                       integral           1     'h1                                       
  prdata                       integral           32    'h0                                       
  pwdata                       integral           32    'hfec8d959                                
  pslverr                      integral           1     'h0                                       
  apb_state                    apb_state_e        2     ""                                        
  begin_time                   time               64    1255                                      
  depth                        int                32    'd2                                       
  parent sequence (name)       string             4     rw_h                                      
  parent sequence (full name)  string             42    uvm_test_top.env_h.act_agent_h.seqr_h.rw_h
  sequencer                    string             37    uvm_test_top.env_h.act_agent_h.seqr_h     
--------------------------------------------------------------------------------------------------

UVM_INFO apb_driver.sv(48) @ 1255: uvm_test_top.env_h.act_agent_h.drv_h [DRIVER] Displaying from apb_driver=--------------------------------------------------------------------------------------------------
Name                           Type               Size  Value                                     
--------------------------------------------------------------------------------------------------
seq_h                          apb_sequence_item  -     @3828                                     
  psel                         integral           1     'h0                                       
  continuous_psel              integral           1     'h0                                       
  penable                      integral           1     'h0                                       
  pready                       integral           1     'h0                                       
  paddr                        integral           32    'hc2                                      
  pwrite                       integral           1     'h1                                       
  prdata                       integral           32    'h0                                       
  pwdata                       integral           32    'hfec8d959                                
  pslverr                      integral           1     'h0                                       
  apb_state                    apb_state_e        2     ""                                        
  begin_time                   time               64    1255                                      
  depth                        int                32    'd2                                       
  parent sequence (name)       string             4     rw_h                                      
  parent sequence (full name)  string             42    uvm_test_top.env_h.act_agent_h.seqr_h.rw_h
  sequencer                    string             37    uvm_test_top.env_h.act_agent_h.seqr_h     
--------------------------------------------------------------------------------------------------

UVM_INFO apb_driver.sv(61) @ 1255: uvm_test_top.env_h.act_agent_h.drv_h [[DRV]] Entered SETUP State
UVM_INFO apb_score_board.sv(48) @ 1260: uvm_test_top.env_h.sb_h [[SB]] [ACTIVE] paddr=0x0 pwrite=0 pwdata=0x0 prdata=0x0 pslverr=0
UVM_INFO apb_active_monitor.sv(44) @ 1260: uvm_test_top.env_h.act_agent_h.act_mon_h [[ACTIVE_MON]] setup detected:::::- ------------------------------------------------------
Name               Type               Size  Value     
------------------------------------------------------
seq_h              apb_sequence_item  -     @3842     
  psel             integral           1     'h1       
  continuous_psel  integral           1     'h0       
  penable          integral           1     'h0       
  pready           integral           1     'h1       
  paddr            integral           32    'hc2      
  pwrite           integral           1     'h1       
  prdata           integral           32    'h0       
  pwdata           integral           32    'hfec8d959
  pslverr          integral           1     'h0       
  apb_state        apb_state_e        2     IDLE      
------------------------------------------------------

UVM_INFO apb_score_board.sv(48) @ 1260: uvm_test_top.env_h.sb_h [[SB]] [ACTIVE] paddr=0xc2 pwrite=1 pwdata=0xfec8d959 prdata=0x0 pslverr=0
UVM_INFO apb_score_board.sv(58) @ 1260: uvm_test_top.env_h.sb_h [[SB]] [PASSIVE] paddr=0x0 pwrite=0 pwdata=0x0 prdata=0x0 pslverr=0
UVM_WARNING apb_score_board.sv(147) @ 1260: uvm_test_top.env_h.sb_h [[SB]] [1260] READ from uninitialised addr 0x0 --- no ref
UVM_INFO apb_passive_monitor.sv(44) @ 1260: uvm_test_top.env_h.pas_agent_h.pas_mon_h [[PASSIVE_MON]] setup detected:::::- ------------------------------------------------------
Name               Type               Size  Value     
------------------------------------------------------
seq_h              apb_sequence_item  -     @3868     
  psel             integral           1     'h1       
  continuous_psel  integral           1     'h0       
  penable          integral           1     'h0       
  pready           integral           1     'h1       
  paddr            integral           32    'hc2      
  pwrite           integral           1     'h1       
  prdata           integral           32    'h0       
  pwdata           integral           32    'hfec8d959
  pslverr          integral           1     'h0       
  apb_state        apb_state_e        2     IDLE      
------------------------------------------------------

UVM_INFO apb_score_board.sv(58) @ 1260: uvm_test_top.env_h.sb_h [[SB]] [PASSIVE] paddr=0xc2 pwrite=1 pwdata=0xfec8d959 prdata=0x0 pslverr=0
UVM_INFO apb_score_board.sv(125) @ 1260: uvm_test_top.env_h.sb_h [[SB]] [1260]WRITE PASS:mem[0xc2]=0xfec8d959
UVM_INFO apb_driver.sv(80) @ 1265: uvm_test_top.env_h.act_agent_h.drv_h [[DRV]] Entered ACCESS State
UVM_INFO apb_score_board.sv(48) @ 1270: uvm_test_top.env_h.sb_h [[SB]] [ACTIVE] paddr=0xc2 pwrite=1 pwdata=0xfec8d959 prdata=0x0 pslverr=0
UVM_INFO apb_score_board.sv(48) @ 1270: uvm_test_top.env_h.sb_h [[SB]] [ACTIVE] paddr=0xc2 pwrite=1 pwdata=0xfec8d959 prdata=0x0 pslverr=0
UVM_INFO apb_active_monitor.sv(69) @ 1270: uvm_test_top.env_h.act_agent_h.act_mon_h [[ACTIVE_MON]]  Transaction sent to scoreboard
UVM_INFO apb_score_board.sv(58) @ 1270: uvm_test_top.env_h.sb_h [[SB]] [PASSIVE] paddr=0xc2 pwrite=1 pwdata=0xfec8d959 prdata=0x0 pslverr=0
UVM_INFO apb_score_board.sv(125) @ 1270: uvm_test_top.env_h.sb_h [[SB]] [1270]WRITE PASS:mem[0xc2]=0xfec8d959
UVM_INFO apb_score_board.sv(58) @ 1270: uvm_test_top.env_h.sb_h [[SB]] [PASSIVE] paddr=0xc2 pwrite=1 pwdata=0xfec8d959 prdata=0x0 pslverr=0
UVM_INFO apb_score_board.sv(125) @ 1270: uvm_test_top.env_h.sb_h [[SB]] [1270]WRITE PASS:mem[0xc2]=0xfec8d959
UVM_INFO apb_passive_monitor.sv(69) @ 1270: uvm_test_top.env_h.pas_agent_h.pas_mon_h [[PASSIVE_MON]]  Transaction sent to scoreboard
inside dut 194 4274575705
UVM_INFO apb_driver.sv(108) @ 1275: uvm_test_top.env_h.act_agent_h.drv_h [[DRV]] Pready occured at wait_count=0 194 4274575705
UVM_INFO apb_driver.sv(112) @ 1285: uvm_test_top.env_h.act_agent_h.drv_h [[DRV]] Transaction completed
UVM_INFO apb_driver.sv(121) @ 1285: uvm_test_top.env_h.act_agent_h.drv_h [[abc1]] Transaction completed
UVM_INFO apb_driver.sv(122) @ 1285: uvm_test_top.env_h.act_agent_h.drv_h [[abc1]]  0
UVM_INFO apb_rw_seq.sv(39) @ 1295: uvm_test_top.env_h.act_agent_h.seqr_h@@rw_h [apb_rw_seq] Dispalying From apb_rw_seq=--------------------------------------------------------------------------------------------------
Name                           Type               Size  Value                                     
--------------------------------------------------------------------------------------------------
seq_h                          apb_sequence_item  -     @3956                                     
  psel                         integral           1     'h0                                       
  continuous_psel              integral           1     'h0                                       
  penable                      integral           1     'h0                                       
  pready                       integral           1     'h0                                       
  paddr                        integral           32    'hc2                                      
  pwrite                       integral           1     'h0                                       
  prdata                       integral           32    'h0                                       
  pwdata                       integral           32    'haf33e683                                
  pslverr                      integral           1     'h0                                       
  apb_state                    apb_state_e        2     ""                                        
  begin_time                   time               64    1295                                      
  depth                        int                32    'd2                                       
  parent sequence (name)       string             4     rw_h                                      
  parent sequence (full name)  string             42    uvm_test_top.env_h.act_agent_h.seqr_h.rw_h
  sequencer                    string             37    uvm_test_top.env_h.act_agent_h.seqr_h     
--------------------------------------------------------------------------------------------------

UVM_INFO apb_driver.sv(48) @ 1295: uvm_test_top.env_h.act_agent_h.drv_h [DRIVER] Displaying from apb_driver=--------------------------------------------------------------------------------------------------
Name                           Type               Size  Value                                     
--------------------------------------------------------------------------------------------------
seq_h                          apb_sequence_item  -     @3956                                     
  psel                         integral           1     'h0                                       
  continuous_psel              integral           1     'h0                                       
  penable                      integral           1     'h0                                       
  pready                       integral           1     'h0                                       
  paddr                        integral           32    'hc2                                      
  pwrite                       integral           1     'h0                                       
  prdata                       integral           32    'h0                                       
  pwdata                       integral           32    'haf33e683                                
  pslverr                      integral           1     'h0                                       
  apb_state                    apb_state_e        2     ""                                        
  begin_time                   time               64    1295                                      
  depth                        int                32    'd2                                       
  parent sequence (name)       string             4     rw_h                                      
  parent sequence (full name)  string             42    uvm_test_top.env_h.act_agent_h.seqr_h.rw_h
  sequencer                    string             37    uvm_test_top.env_h.act_agent_h.seqr_h     
--------------------------------------------------------------------------------------------------

UVM_INFO apb_driver.sv(61) @ 1295: uvm_test_top.env_h.act_agent_h.drv_h [[DRV]] Entered SETUP State
UVM_INFO apb_score_board.sv(48) @ 1300: uvm_test_top.env_h.sb_h [[SB]] [ACTIVE] paddr=0x0 pwrite=0 pwdata=0x0 prdata=0x0 pslverr=0
UVM_INFO apb_active_monitor.sv(44) @ 1300: uvm_test_top.env_h.act_agent_h.act_mon_h [[ACTIVE_MON]] setup detected:::::- ------------------------------------------------------
Name               Type               Size  Value     
------------------------------------------------------
seq_h              apb_sequence_item  -     @3970     
  psel             integral           1     'h1       
  continuous_psel  integral           1     'h0       
  penable          integral           1     'h0       
  pready           integral           1     'h0       
  paddr            integral           32    'hc2      
  pwrite           integral           1     'h0       
  prdata           integral           32    'h0       
  pwdata           integral           32    'haf33e683
  pslverr          integral           1     'h0       
  apb_state        apb_state_e        2     IDLE      
------------------------------------------------------

UVM_INFO apb_score_board.sv(48) @ 1300: uvm_test_top.env_h.sb_h [[SB]] [ACTIVE] paddr=0xc2 pwrite=0 pwdata=0xaf33e683 prdata=0x0 pslverr=0
UVM_INFO apb_score_board.sv(58) @ 1300: uvm_test_top.env_h.sb_h [[SB]] [PASSIVE] paddr=0x0 pwrite=0 pwdata=0x0 prdata=0x0 pslverr=0
UVM_WARNING apb_score_board.sv(147) @ 1300: uvm_test_top.env_h.sb_h [[SB]] [1300] READ from uninitialised addr 0x0 --- no ref
UVM_INFO apb_passive_monitor.sv(44) @ 1300: uvm_test_top.env_h.pas_agent_h.pas_mon_h [[PASSIVE_MON]] setup detected:::::- ------------------------------------------------------
Name               Type               Size  Value     
------------------------------------------------------
seq_h              apb_sequence_item  -     @3996     
  psel             integral           1     'h1       
  continuous_psel  integral           1     'h0       
  penable          integral           1     'h0       
  pready           integral           1     'h0       
  paddr            integral           32    'hc2      
  pwrite           integral           1     'h0       
  prdata           integral           32    'h0       
  pwdata           integral           32    'haf33e683
  pslverr          integral           1     'h0       
  apb_state        apb_state_e        2     IDLE      
------------------------------------------------------

UVM_INFO apb_score_board.sv(58) @ 1300: uvm_test_top.env_h.sb_h [[SB]] [PASSIVE] paddr=0xc2 pwrite=0 pwdata=0xaf33e683 prdata=0x0 pslverr=0
UVM_INFO apb_driver.sv(80) @ 1305: uvm_test_top.env_h.act_agent_h.drv_h [[DRV]] Entered ACCESS State
UVM_INFO apb_score_board.sv(48) @ 1310: uvm_test_top.env_h.sb_h [[SB]] [ACTIVE] paddr=0xc2 pwrite=0 pwdata=0xaf33e683 prdata=0x0 pslverr=0
UVM_INFO apb_score_board.sv(58) @ 1310: uvm_test_top.env_h.sb_h [[SB]] [PASSIVE] paddr=0xc2 pwrite=0 pwdata=0xaf33e683 prdata=0x0 pslverr=0
UVM_INFO apb_driver.sv(108) @ 1315: uvm_test_top.env_h.act_agent_h.drv_h [[DRV]] Pready occured at wait_count=0 194 2939414147
UVM_INFO apb_score_board.sv(48) @ 1320: uvm_test_top.env_h.sb_h [[SB]] [ACTIVE] paddr=0xc2 pwrite=0 pwdata=0xaf33e683 prdata=0xfec8d959 pslverr=0
UVM_INFO apb_active_monitor.sv(69) @ 1320: uvm_test_top.env_h.act_agent_h.act_mon_h [[ACTIVE_MON]]  Transaction sent to scoreboard
UVM_INFO apb_score_board.sv(58) @ 1320: uvm_test_top.env_h.sb_h [[SB]] [PASSIVE] paddr=0xc2 pwrite=0 pwdata=0xaf33e683 prdata=0xfec8d959 pslverr=0
UVM_INFO apb_score_board.sv(156) @ 1320: uvm_test_top.env_h.sb_h [[SB]] [0000000000000000002450t] READ PASS :paddr=0xc2 expected=0xfec8d959 got=0xfec8d959
UVM_INFO apb_passive_monitor.sv(69) @ 1320: uvm_test_top.env_h.pas_agent_h.pas_mon_h [[PASSIVE_MON]]  Transaction sent to scoreboard
UVM_INFO apb_driver.sv(112) @ 1325: uvm_test_top.env_h.act_agent_h.drv_h [[DRV]] Transaction completed
UVM_INFO apb_driver.sv(121) @ 1325: uvm_test_top.env_h.act_agent_h.drv_h [[abc1]] Transaction completed
UVM_INFO apb_driver.sv(122) @ 1325: uvm_test_top.env_h.act_agent_h.drv_h [[abc1]]  0
UVM_INFO apb_rw_seq.sv(39) @ 1335: uvm_test_top.env_h.act_agent_h.seqr_h@@rw_h [apb_rw_seq] Dispalying From apb_rw_seq=--------------------------------------------------------------------------------------------------
Name                           Type               Size  Value                                     
--------------------------------------------------------------------------------------------------
seq_h                          apb_sequence_item  -     @4080                                     
  psel                         integral           1     'h0                                       
  continuous_psel              integral           1     'h0                                       
  penable                      integral           1     'h0                                       
  pready                       integral           1     'h0                                       
  paddr                        integral           32    'h6d                                      
  pwrite                       integral           1     'h1                                       
  prdata                       integral           32    'h0                                       
  pwdata                       integral           32    'h707bab2e                                
  pslverr                      integral           1     'h0                                       
  apb_state                    apb_state_e        2     ""                                        
  begin_time                   time               64    1335                                      
  depth                        int                32    'd2                                       
  parent sequence (name)       string             4     rw_h                                      
  parent sequence (full name)  string             42    uvm_test_top.env_h.act_agent_h.seqr_h.rw_h
  sequencer                    string             37    uvm_test_top.env_h.act_agent_h.seqr_h     
--------------------------------------------------------------------------------------------------

UVM_INFO apb_driver.sv(48) @ 1335: uvm_test_top.env_h.act_agent_h.drv_h [DRIVER] Displaying from apb_driver=--------------------------------------------------------------------------------------------------
Name                           Type               Size  Value                                     
--------------------------------------------------------------------------------------------------
seq_h                          apb_sequence_item  -     @4080                                     
  psel                         integral           1     'h0                                       
  continuous_psel              integral           1     'h0                                       
  penable                      integral           1     'h0                                       
  pready                       integral           1     'h0                                       
  paddr                        integral           32    'h6d                                      
  pwrite                       integral           1     'h1                                       
  prdata                       integral           32    'h0                                       
  pwdata                       integral           32    'h707bab2e                                
  pslverr                      integral           1     'h0                                       
  apb_state                    apb_state_e        2     ""                                        
  begin_time                   time               64    1335                                      
  depth                        int                32    'd2                                       
  parent sequence (name)       string             4     rw_h                                      
  parent sequence (full name)  string             42    uvm_test_top.env_h.act_agent_h.seqr_h.rw_h
  sequencer                    string             37    uvm_test_top.env_h.act_agent_h.seqr_h     
--------------------------------------------------------------------------------------------------

UVM_INFO apb_driver.sv(61) @ 1335: uvm_test_top.env_h.act_agent_h.drv_h [[DRV]] Entered SETUP State
UVM_INFO apb_score_board.sv(48) @ 1340: uvm_test_top.env_h.sb_h [[SB]] [ACTIVE] paddr=0x0 pwrite=0 pwdata=0x0 prdata=0x0 pslverr=0
UVM_INFO apb_active_monitor.sv(44) @ 1340: uvm_test_top.env_h.act_agent_h.act_mon_h [[ACTIVE_MON]] setup detected:::::- ------------------------------------------------------
Name               Type               Size  Value     
------------------------------------------------------
seq_h              apb_sequence_item  -     @4094     
  psel             integral           1     'h1       
  continuous_psel  integral           1     'h0       
  penable          integral           1     'h0       
  pready           integral           1     'h1       
  paddr            integral           32    'h6d      
  pwrite           integral           1     'h1       
  prdata           integral           32    'h0       
  pwdata           integral           32    'h707bab2e
  pslverr          integral           1     'h0       
  apb_state        apb_state_e        2     IDLE      
------------------------------------------------------

UVM_INFO apb_score_board.sv(48) @ 1340: uvm_test_top.env_h.sb_h [[SB]] [ACTIVE] paddr=0x6d pwrite=1 pwdata=0x707bab2e prdata=0x0 pslverr=0
UVM_INFO apb_score_board.sv(58) @ 1340: uvm_test_top.env_h.sb_h [[SB]] [PASSIVE] paddr=0x0 pwrite=0 pwdata=0x0 prdata=0x0 pslverr=0
UVM_WARNING apb_score_board.sv(147) @ 1340: uvm_test_top.env_h.sb_h [[SB]] [1340] READ from uninitialised addr 0x0 --- no ref
UVM_INFO apb_passive_monitor.sv(44) @ 1340: uvm_test_top.env_h.pas_agent_h.pas_mon_h [[PASSIVE_MON]] setup detected:::::- ------------------------------------------------------
Name               Type               Size  Value     
------------------------------------------------------
seq_h              apb_sequence_item  -     @4120     
  psel             integral           1     'h1       
  continuous_psel  integral           1     'h0       
  penable          integral           1     'h0       
  pready           integral           1     'h1       
  paddr            integral           32    'h6d      
  pwrite           integral           1     'h1       
  prdata           integral           32    'h0       
  pwdata           integral           32    'h707bab2e
  pslverr          integral           1     'h0       
  apb_state        apb_state_e        2     IDLE      
------------------------------------------------------

UVM_INFO apb_score_board.sv(58) @ 1340: uvm_test_top.env_h.sb_h [[SB]] [PASSIVE] paddr=0x6d pwrite=1 pwdata=0x707bab2e prdata=0x0 pslverr=0
UVM_INFO apb_score_board.sv(125) @ 1340: uvm_test_top.env_h.sb_h [[SB]] [1340]WRITE PASS:mem[0x6d]=0x707bab2e
UVM_INFO apb_driver.sv(80) @ 1345: uvm_test_top.env_h.act_agent_h.drv_h [[DRV]] Entered ACCESS State
UVM_INFO apb_score_board.sv(48) @ 1350: uvm_test_top.env_h.sb_h [[SB]] [ACTIVE] paddr=0x6d pwrite=1 pwdata=0x707bab2e prdata=0x0 pslverr=0
UVM_INFO apb_score_board.sv(48) @ 1350: uvm_test_top.env_h.sb_h [[SB]] [ACTIVE] paddr=0x6d pwrite=1 pwdata=0x707bab2e prdata=0x0 pslverr=0
UVM_INFO apb_active_monitor.sv(69) @ 1350: uvm_test_top.env_h.act_agent_h.act_mon_h [[ACTIVE_MON]]  Transaction sent to scoreboard
UVM_INFO apb_score_board.sv(58) @ 1350: uvm_test_top.env_h.sb_h [[SB]] [PASSIVE] paddr=0x6d pwrite=1 pwdata=0x707bab2e prdata=0x0 pslverr=0
UVM_INFO apb_score_board.sv(125) @ 1350: uvm_test_top.env_h.sb_h [[SB]] [1350]WRITE PASS:mem[0x6d]=0x707bab2e
UVM_INFO apb_score_board.sv(58) @ 1350: uvm_test_top.env_h.sb_h [[SB]] [PASSIVE] paddr=0x6d pwrite=1 pwdata=0x707bab2e prdata=0x0 pslverr=0
UVM_INFO apb_score_board.sv(125) @ 1350: uvm_test_top.env_h.sb_h [[SB]] [1350]WRITE PASS:mem[0x6d]=0x707bab2e
UVM_INFO apb_passive_monitor.sv(69) @ 1350: uvm_test_top.env_h.pas_agent_h.pas_mon_h [[PASSIVE_MON]]  Transaction sent to scoreboard
inside dut 109 1887152942
UVM_INFO apb_driver.sv(108) @ 1355: uvm_test_top.env_h.act_agent_h.drv_h [[DRV]] Pready occured at wait_count=0 109 1887152942
UVM_INFO apb_driver.sv(112) @ 1365: uvm_test_top.env_h.act_agent_h.drv_h [[DRV]] Transaction completed
UVM_INFO apb_driver.sv(121) @ 1365: uvm_test_top.env_h.act_agent_h.drv_h [[abc1]] Transaction completed
UVM_INFO apb_driver.sv(122) @ 1365: uvm_test_top.env_h.act_agent_h.drv_h [[abc1]]  0
UVM_INFO apb_rw_seq.sv(39) @ 1375: uvm_test_top.env_h.act_agent_h.seqr_h@@rw_h [apb_rw_seq] Dispalying From apb_rw_seq=--------------------------------------------------------------------------------------------------
Name                           Type               Size  Value                                     
--------------------------------------------------------------------------------------------------
seq_h                          apb_sequence_item  -     @4208                                     
  psel                         integral           1     'h0                                       
  continuous_psel              integral           1     'h0                                       
  penable                      integral           1     'h0                                       
  pready                       integral           1     'h0                                       
  paddr                        integral           32    'h6d                                      
  pwrite                       integral           1     'h0                                       
  prdata                       integral           32    'h0                                       
  pwdata                       integral           32    'hcd8dcc5b                                
  pslverr                      integral           1     'h0                                       
  apb_state                    apb_state_e        2     ""                                        
  begin_time                   time               64    1375                                      
  depth                        int                32    'd2                                       
  parent sequence (name)       string             4     rw_h                                      
  parent sequence (full name)  string             42    uvm_test_top.env_h.act_agent_h.seqr_h.rw_h
  sequencer                    string             37    uvm_test_top.env_h.act_agent_h.seqr_h     
--------------------------------------------------------------------------------------------------

UVM_INFO apb_driver.sv(48) @ 1375: uvm_test_top.env_h.act_agent_h.drv_h [DRIVER] Displaying from apb_driver=--------------------------------------------------------------------------------------------------
Name                           Type               Size  Value                                     
--------------------------------------------------------------------------------------------------
seq_h                          apb_sequence_item  -     @4208                                     
  psel                         integral           1     'h0                                       
  continuous_psel              integral           1     'h0                                       
  penable                      integral           1     'h0                                       
  pready                       integral           1     'h0                                       
  paddr                        integral           32    'h6d                                      
  pwrite                       integral           1     'h0                                       
  prdata                       integral           32    'h0                                       
  pwdata                       integral           32    'hcd8dcc5b                                
  pslverr                      integral           1     'h0                                       
  apb_state                    apb_state_e        2     ""                                        
  begin_time                   time               64    1375                                      
  depth                        int                32    'd2                                       
  parent sequence (name)       string             4     rw_h                                      
  parent sequence (full name)  string             42    uvm_test_top.env_h.act_agent_h.seqr_h.rw_h
  sequencer                    string             37    uvm_test_top.env_h.act_agent_h.seqr_h     
--------------------------------------------------------------------------------------------------

UVM_INFO apb_driver.sv(61) @ 1375: uvm_test_top.env_h.act_agent_h.drv_h [[DRV]] Entered SETUP State
UVM_INFO apb_score_board.sv(48) @ 1380: uvm_test_top.env_h.sb_h [[SB]] [ACTIVE] paddr=0x0 pwrite=0 pwdata=0x0 prdata=0x0 pslverr=0
UVM_INFO apb_active_monitor.sv(44) @ 1380: uvm_test_top.env_h.act_agent_h.act_mon_h [[ACTIVE_MON]] setup detected:::::- ------------------------------------------------------
Name               Type               Size  Value     
------------------------------------------------------
seq_h              apb_sequence_item  -     @4222     
  psel             integral           1     'h1       
  continuous_psel  integral           1     'h0       
  penable          integral           1     'h0       
  pready           integral           1     'h1       
  paddr            integral           32    'h6d      
  pwrite           integral           1     'h0       
  prdata           integral           32    'h0       
  pwdata           integral           32    'hcd8dcc5b
  pslverr          integral           1     'h0       
  apb_state        apb_state_e        2     IDLE      
------------------------------------------------------

UVM_INFO apb_score_board.sv(48) @ 1380: uvm_test_top.env_h.sb_h [[SB]] [ACTIVE] paddr=0x6d pwrite=0 pwdata=0xcd8dcc5b prdata=0x0 pslverr=0
UVM_INFO apb_score_board.sv(58) @ 1380: uvm_test_top.env_h.sb_h [[SB]] [PASSIVE] paddr=0x0 pwrite=0 pwdata=0x0 prdata=0x0 pslverr=0
UVM_WARNING apb_score_board.sv(147) @ 1380: uvm_test_top.env_h.sb_h [[SB]] [1380] READ from uninitialised addr 0x0 --- no ref
UVM_INFO apb_passive_monitor.sv(44) @ 1380: uvm_test_top.env_h.pas_agent_h.pas_mon_h [[PASSIVE_MON]] setup detected:::::- ------------------------------------------------------
Name               Type               Size  Value     
------------------------------------------------------
seq_h              apb_sequence_item  -     @4248     
  psel             integral           1     'h1       
  continuous_psel  integral           1     'h0       
  penable          integral           1     'h0       
  pready           integral           1     'h1       
  paddr            integral           32    'h6d      
  pwrite           integral           1     'h0       
  prdata           integral           32    'h0       
  pwdata           integral           32    'hcd8dcc5b
  pslverr          integral           1     'h0       
  apb_state        apb_state_e        2     IDLE      
------------------------------------------------------

UVM_INFO apb_score_board.sv(58) @ 1380: uvm_test_top.env_h.sb_h [[SB]] [PASSIVE] paddr=0x6d pwrite=0 pwdata=0xcd8dcc5b prdata=0x0 pslverr=0
UVM_INFO apb_driver.sv(80) @ 1385: uvm_test_top.env_h.act_agent_h.drv_h [[DRV]] Entered ACCESS State
UVM_INFO apb_score_board.sv(48) @ 1390: uvm_test_top.env_h.sb_h [[SB]] [ACTIVE] paddr=0x6d pwrite=0 pwdata=0xcd8dcc5b prdata=0x0 pslverr=0
UVM_INFO apb_score_board.sv(48) @ 1390: uvm_test_top.env_h.sb_h [[SB]] [ACTIVE] paddr=0x6d pwrite=0 pwdata=0xcd8dcc5b prdata=0x0 pslverr=0
UVM_INFO apb_active_monitor.sv(69) @ 1390: uvm_test_top.env_h.act_agent_h.act_mon_h [[ACTIVE_MON]]  Transaction sent to scoreboard
UVM_INFO apb_score_board.sv(58) @ 1390: uvm_test_top.env_h.sb_h [[SB]] [PASSIVE] paddr=0x6d pwrite=0 pwdata=0xcd8dcc5b prdata=0x0 pslverr=0
UVM_INFO apb_score_board.sv(58) @ 1390: uvm_test_top.env_h.sb_h [[SB]] [PASSIVE] paddr=0x6d pwrite=0 pwdata=0xcd8dcc5b prdata=0x0 pslverr=0
UVM_INFO apb_passive_monitor.sv(69) @ 1390: uvm_test_top.env_h.pas_agent_h.pas_mon_h [[PASSIVE_MON]]  Transaction sent to scoreboard
UVM_INFO apb_driver.sv(108) @ 1395: uvm_test_top.env_h.act_agent_h.drv_h [[DRV]] Pready occured at wait_count=0 109 3448622171
UVM_INFO apb_driver.sv(112) @ 1405: uvm_test_top.env_h.act_agent_h.drv_h [[DRV]] Transaction completed
UVM_INFO apb_driver.sv(121) @ 1405: uvm_test_top.env_h.act_agent_h.drv_h [[abc1]] Transaction completed
UVM_INFO apb_driver.sv(122) @ 1405: uvm_test_top.env_h.act_agent_h.drv_h [[abc1]]  0
UVM_INFO apb_rw_seq.sv(39) @ 1415: uvm_test_top.env_h.act_agent_h.seqr_h@@rw_h [apb_rw_seq] Dispalying From apb_rw_seq=--------------------------------------------------------------------------------------------------
Name                           Type               Size  Value                                     
--------------------------------------------------------------------------------------------------
seq_h                          apb_sequence_item  -     @4330                                     
  psel                         integral           1     'h0                                       
  continuous_psel              integral           1     'h0                                       
  penable                      integral           1     'h0                                       
  pready                       integral           1     'h0                                       
  paddr                        integral           32    'h9e                                      
  pwrite                       integral           1     'h1                                       
  prdata                       integral           32    'h0                                       
  pwdata                       integral           32    'h893fba88                                
  pslverr                      integral           1     'h0                                       
  apb_state                    apb_state_e        2     ""                                        
  begin_time                   time               64    1415                                      
  depth                        int                32    'd2                                       
  parent sequence (name)       string             4     rw_h                                      
  parent sequence (full name)  string             42    uvm_test_top.env_h.act_agent_h.seqr_h.rw_h
  sequencer                    string             37    uvm_test_top.env_h.act_agent_h.seqr_h     
--------------------------------------------------------------------------------------------------

UVM_INFO apb_driver.sv(48) @ 1415: uvm_test_top.env_h.act_agent_h.drv_h [DRIVER] Displaying from apb_driver=--------------------------------------------------------------------------------------------------
Name                           Type               Size  Value                                     
--------------------------------------------------------------------------------------------------
seq_h                          apb_sequence_item  -     @4330                                     
  psel                         integral           1     'h0                                       
  continuous_psel              integral           1     'h0                                       
  penable                      integral           1     'h0                                       
  pready                       integral           1     'h0                                       
  paddr                        integral           32    'h9e                                      
  pwrite                       integral           1     'h1                                       
  prdata                       integral           32    'h0                                       
  pwdata                       integral           32    'h893fba88                                
  pslverr                      integral           1     'h0                                       
  apb_state                    apb_state_e        2     ""                                        
  begin_time                   time               64    1415                                      
  depth                        int                32    'd2                                       
  parent sequence (name)       string             4     rw_h                                      
  parent sequence (full name)  string             42    uvm_test_top.env_h.act_agent_h.seqr_h.rw_h
  sequencer                    string             37    uvm_test_top.env_h.act_agent_h.seqr_h     
--------------------------------------------------------------------------------------------------

UVM_INFO apb_driver.sv(61) @ 1415: uvm_test_top.env_h.act_agent_h.drv_h [[DRV]] Entered SETUP State
UVM_INFO apb_score_board.sv(48) @ 1420: uvm_test_top.env_h.sb_h [[SB]] [ACTIVE] paddr=0x0 pwrite=0 pwdata=0x0 prdata=0x0 pslverr=0
UVM_INFO apb_active_monitor.sv(44) @ 1420: uvm_test_top.env_h.act_agent_h.act_mon_h [[ACTIVE_MON]] setup detected:::::- ------------------------------------------------------
Name               Type               Size  Value     
------------------------------------------------------
seq_h              apb_sequence_item  -     @4344     
  psel             integral           1     'h1       
  continuous_psel  integral           1     'h0       
  penable          integral           1     'h0       
  pready           integral           1     'h0       
  paddr            integral           32    'h9e      
  pwrite           integral           1     'h1       
  prdata           integral           32    'h0       
  pwdata           integral           32    'h893fba88
  pslverr          integral           1     'h0       
  apb_state        apb_state_e        2     IDLE      
------------------------------------------------------

UVM_INFO apb_score_board.sv(48) @ 1420: uvm_test_top.env_h.sb_h [[SB]] [ACTIVE] paddr=0x9e pwrite=1 pwdata=0x893fba88 prdata=0x0 pslverr=0
UVM_INFO apb_score_board.sv(58) @ 1420: uvm_test_top.env_h.sb_h [[SB]] [PASSIVE] paddr=0x0 pwrite=0 pwdata=0x0 prdata=0x0 pslverr=0
UVM_WARNING apb_score_board.sv(147) @ 1420: uvm_test_top.env_h.sb_h [[SB]] [1420] READ from uninitialised addr 0x0 --- no ref
UVM_INFO apb_passive_monitor.sv(44) @ 1420: uvm_test_top.env_h.pas_agent_h.pas_mon_h [[PASSIVE_MON]] setup detected:::::- ------------------------------------------------------
Name               Type               Size  Value     
------------------------------------------------------
seq_h              apb_sequence_item  -     @4370     
  psel             integral           1     'h1       
  continuous_psel  integral           1     'h0       
  penable          integral           1     'h0       
  pready           integral           1     'h0       
  paddr            integral           32    'h9e      
  pwrite           integral           1     'h1       
  prdata           integral           32    'h0       
  pwdata           integral           32    'h893fba88
  pslverr          integral           1     'h0       
  apb_state        apb_state_e        2     IDLE      
------------------------------------------------------

UVM_INFO apb_score_board.sv(58) @ 1420: uvm_test_top.env_h.sb_h [[SB]] [PASSIVE] paddr=0x9e pwrite=1 pwdata=0x893fba88 prdata=0x0 pslverr=0
UVM_INFO apb_score_board.sv(125) @ 1420: uvm_test_top.env_h.sb_h [[SB]] [1420]WRITE PASS:mem[0x9e]=0x893fba88
UVM_INFO apb_driver.sv(80) @ 1425: uvm_test_top.env_h.act_agent_h.drv_h [[DRV]] Entered ACCESS State
UVM_INFO apb_score_board.sv(48) @ 1430: uvm_test_top.env_h.sb_h [[SB]] [ACTIVE] paddr=0x9e pwrite=1 pwdata=0x893fba88 prdata=0x0 pslverr=0
UVM_INFO apb_score_board.sv(58) @ 1430: uvm_test_top.env_h.sb_h [[SB]] [PASSIVE] paddr=0x9e pwrite=1 pwdata=0x893fba88 prdata=0x0 pslverr=0
UVM_INFO apb_score_board.sv(125) @ 1430: uvm_test_top.env_h.sb_h [[SB]] [1430]WRITE PASS:mem[0x9e]=0x893fba88
inside dut 158 2302655112
UVM_INFO apb_driver.sv(108) @ 1435: uvm_test_top.env_h.act_agent_h.drv_h [[DRV]] Pready occured at wait_count=0 158 2302655112
UVM_INFO apb_score_board.sv(48) @ 1440: uvm_test_top.env_h.sb_h [[SB]] [ACTIVE] paddr=0x9e pwrite=1 pwdata=0x893fba88 prdata=0x0 pslverr=0
UVM_INFO apb_active_monitor.sv(69) @ 1440: uvm_test_top.env_h.act_agent_h.act_mon_h [[ACTIVE_MON]]  Transaction sent to scoreboard
UVM_INFO apb_score_board.sv(58) @ 1440: uvm_test_top.env_h.sb_h [[SB]] [PASSIVE] paddr=0x9e pwrite=1 pwdata=0x893fba88 prdata=0x0 pslverr=0
UVM_INFO apb_score_board.sv(125) @ 1440: uvm_test_top.env_h.sb_h [[SB]] [1440]WRITE PASS:mem[0x9e]=0x893fba88
UVM_INFO apb_passive_monitor.sv(69) @ 1440: uvm_test_top.env_h.pas_agent_h.pas_mon_h [[PASSIVE_MON]]  Transaction sent to scoreboard
UVM_INFO apb_driver.sv(112) @ 1445: uvm_test_top.env_h.act_agent_h.drv_h [[DRV]] Transaction completed
UVM_INFO apb_driver.sv(121) @ 1445: uvm_test_top.env_h.act_agent_h.drv_h [[abc1]] Transaction completed
UVM_INFO apb_driver.sv(122) @ 1445: uvm_test_top.env_h.act_agent_h.drv_h [[abc1]]  0
UVM_ERROR @ 1445: uvm_test_top.env_h.act_agent_h.seqr_h@@rw_h [uvm_test_top.env_h.act_agent_h.seqr_h.rw_h] Response queue overflow, response was dropped
UVM_INFO apb_rw_seq.sv(39) @ 1455: uvm_test_top.env_h.act_agent_h.seqr_h@@rw_h [apb_rw_seq] Dispalying From apb_rw_seq=--------------------------------------------------------------------------------------------------
Name                           Type               Size  Value                                     
--------------------------------------------------------------------------------------------------
seq_h                          apb_sequence_item  -     @4460                                     
  psel                         integral           1     'h0                                       
  continuous_psel              integral           1     'h0                                       
  penable                      integral           1     'h0                                       
  pready                       integral           1     'h0                                       
  paddr                        integral           32    'h9e                                      
  pwrite                       integral           1     'h0                                       
  prdata                       integral           32    'h0                                       
  pwdata                       integral           32    'hdec4b213                                
  pslverr                      integral           1     'h0                                       
  apb_state                    apb_state_e        2     ""                                        
  begin_time                   time               64    1455                                      
  depth                        int                32    'd2                                       
  parent sequence (name)       string             4     rw_h                                      
  parent sequence (full name)  string             42    uvm_test_top.env_h.act_agent_h.seqr_h.rw_h
  sequencer                    string             37    uvm_test_top.env_h.act_agent_h.seqr_h     
--------------------------------------------------------------------------------------------------

UVM_INFO apb_driver.sv(48) @ 1455: uvm_test_top.env_h.act_agent_h.drv_h [DRIVER] Displaying from apb_driver=--------------------------------------------------------------------------------------------------
Name                           Type               Size  Value                                     
--------------------------------------------------------------------------------------------------
seq_h                          apb_sequence_item  -     @4460                                     
  psel                         integral           1     'h0                                       
  continuous_psel              integral           1     'h0                                       
  penable                      integral           1     'h0                                       
  pready                       integral           1     'h0                                       
  paddr                        integral           32    'h9e                                      
  pwrite                       integral           1     'h0                                       
  prdata                       integral           32    'h0                                       
  pwdata                       integral           32    'hdec4b213                                
  pslverr                      integral           1     'h0                                       
  apb_state                    apb_state_e        2     ""                                        
  begin_time                   time               64    1455                                      
  depth                        int                32    'd2                                       
  parent sequence (name)       string             4     rw_h                                      
  parent sequence (full name)  string             42    uvm_test_top.env_h.act_agent_h.seqr_h.rw_h
  sequencer                    string             37    uvm_test_top.env_h.act_agent_h.seqr_h     
--------------------------------------------------------------------------------------------------

UVM_INFO apb_driver.sv(61) @ 1455: uvm_test_top.env_h.act_agent_h.drv_h [[DRV]] Entered SETUP State
UVM_INFO apb_score_board.sv(48) @ 1460: uvm_test_top.env_h.sb_h [[SB]] [ACTIVE] paddr=0x0 pwrite=0 pwdata=0x0 prdata=0x0 pslverr=0
UVM_INFO apb_active_monitor.sv(44) @ 1460: uvm_test_top.env_h.act_agent_h.act_mon_h [[ACTIVE_MON]] setup detected:::::- ------------------------------------------------------
Name               Type               Size  Value     
------------------------------------------------------
seq_h              apb_sequence_item  -     @4474     
  psel             integral           1     'h1       
  continuous_psel  integral           1     'h0       
  penable          integral           1     'h0       
  pready           integral           1     'h1       
  paddr            integral           32    'h9e      
  pwrite           integral           1     'h0       
  prdata           integral           32    'h0       
  pwdata           integral           32    'hdec4b213
  pslverr          integral           1     'h0       
  apb_state        apb_state_e        2     IDLE      
------------------------------------------------------

UVM_INFO apb_score_board.sv(48) @ 1460: uvm_test_top.env_h.sb_h [[SB]] [ACTIVE] paddr=0x9e pwrite=0 pwdata=0xdec4b213 prdata=0x0 pslverr=0
UVM_INFO apb_score_board.sv(58) @ 1460: uvm_test_top.env_h.sb_h [[SB]] [PASSIVE] paddr=0x0 pwrite=0 pwdata=0x0 prdata=0x0 pslverr=0
UVM_WARNING apb_score_board.sv(147) @ 1460: uvm_test_top.env_h.sb_h [[SB]] [1460] READ from uninitialised addr 0x0 --- no ref
UVM_INFO apb_passive_monitor.sv(44) @ 1460: uvm_test_top.env_h.pas_agent_h.pas_mon_h [[PASSIVE_MON]] setup detected:::::- ------------------------------------------------------
Name               Type               Size  Value     
------------------------------------------------------
seq_h              apb_sequence_item  -     @4500     
  psel             integral           1     'h1       
  continuous_psel  integral           1     'h0       
  penable          integral           1     'h0       
  pready           integral           1     'h1       
  paddr            integral           32    'h9e      
  pwrite           integral           1     'h0       
  prdata           integral           32    'h0       
  pwdata           integral           32    'hdec4b213
  pslverr          integral           1     'h0       
  apb_state        apb_state_e        2     IDLE      
------------------------------------------------------

UVM_INFO apb_score_board.sv(58) @ 1460: uvm_test_top.env_h.sb_h [[SB]] [PASSIVE] paddr=0x9e pwrite=0 pwdata=0xdec4b213 prdata=0x0 pslverr=0
UVM_INFO apb_driver.sv(80) @ 1465: uvm_test_top.env_h.act_agent_h.drv_h [[DRV]] Entered ACCESS State
UVM_INFO apb_score_board.sv(48) @ 1470: uvm_test_top.env_h.sb_h [[SB]] [ACTIVE] paddr=0x9e pwrite=0 pwdata=0xdec4b213 prdata=0x0 pslverr=0
UVM_INFO apb_score_board.sv(48) @ 1470: uvm_test_top.env_h.sb_h [[SB]] [ACTIVE] paddr=0x9e pwrite=0 pwdata=0xdec4b213 prdata=0x0 pslverr=0
UVM_INFO apb_active_monitor.sv(69) @ 1470: uvm_test_top.env_h.act_agent_h.act_mon_h [[ACTIVE_MON]]  Transaction sent to scoreboard
UVM_INFO apb_score_board.sv(58) @ 1470: uvm_test_top.env_h.sb_h [[SB]] [PASSIVE] paddr=0x9e pwrite=0 pwdata=0xdec4b213 prdata=0x0 pslverr=0
UVM_INFO apb_score_board.sv(58) @ 1470: uvm_test_top.env_h.sb_h [[SB]] [PASSIVE] paddr=0x9e pwrite=0 pwdata=0xdec4b213 prdata=0x0 pslverr=0
UVM_INFO apb_passive_monitor.sv(69) @ 1470: uvm_test_top.env_h.pas_agent_h.pas_mon_h [[PASSIVE_MON]]  Transaction sent to scoreboard
UVM_INFO apb_driver.sv(108) @ 1475: uvm_test_top.env_h.act_agent_h.drv_h [[DRV]] Pready occured at wait_count=0 158 3737432595
UVM_INFO apb_driver.sv(112) @ 1485: uvm_test_top.env_h.act_agent_h.drv_h [[DRV]] Transaction completed
UVM_INFO apb_driver.sv(121) @ 1485: uvm_test_top.env_h.act_agent_h.drv_h [[abc1]] Transaction completed
UVM_INFO apb_driver.sv(122) @ 1485: uvm_test_top.env_h.act_agent_h.drv_h [[abc1]]  0
UVM_ERROR @ 1485: uvm_test_top.env_h.act_agent_h.seqr_h@@rw_h [uvm_test_top.env_h.act_agent_h.seqr_h.rw_h] Response queue overflow, response was dropped
UVM_INFO apb_rw_seq.sv(39) @ 1495: uvm_test_top.env_h.act_agent_h.seqr_h@@rw_h [apb_rw_seq] Dispalying From apb_rw_seq=--------------------------------------------------------------------------------------------------
Name                           Type               Size  Value                                     
--------------------------------------------------------------------------------------------------
seq_h                          apb_sequence_item  -     @4584                                     
  psel                         integral           1     'h0                                       
  continuous_psel              integral           1     'h0                                       
  penable                      integral           1     'h0                                       
  pready                       integral           1     'h0                                       
  paddr                        integral           32    'h38                                      
  pwrite                       integral           1     'h1                                       
  prdata                       integral           32    'h0                                       
  pwdata                       integral           32    'hb2d68511                                
  pslverr                      integral           1     'h0                                       
  apb_state                    apb_state_e        2     ""                                        
  begin_time                   time               64    1495                                      
  depth                        int                32    'd2                                       
  parent sequence (name)       string             4     rw_h                                      
  parent sequence (full name)  string             42    uvm_test_top.env_h.act_agent_h.seqr_h.rw_h
  sequencer                    string             37    uvm_test_top.env_h.act_agent_h.seqr_h     
--------------------------------------------------------------------------------------------------

UVM_INFO apb_driver.sv(48) @ 1495: uvm_test_top.env_h.act_agent_h.drv_h [DRIVER] Displaying from apb_driver=--------------------------------------------------------------------------------------------------
Name                           Type               Size  Value                                     
--------------------------------------------------------------------------------------------------
seq_h                          apb_sequence_item  -     @4584                                     
  psel                         integral           1     'h0                                       
  continuous_psel              integral           1     'h0                                       
  penable                      integral           1     'h0                                       
  pready                       integral           1     'h0                                       
  paddr                        integral           32    'h38                                      
  pwrite                       integral           1     'h1                                       
  prdata                       integral           32    'h0                                       
  pwdata                       integral           32    'hb2d68511                                
  pslverr                      integral           1     'h0                                       
  apb_state                    apb_state_e        2     ""                                        
  begin_time                   time               64    1495                                      
  depth                        int                32    'd2                                       
  parent sequence (name)       string             4     rw_h                                      
  parent sequence (full name)  string             42    uvm_test_top.env_h.act_agent_h.seqr_h.rw_h
  sequencer                    string             37    uvm_test_top.env_h.act_agent_h.seqr_h     
--------------------------------------------------------------------------------------------------

UVM_INFO apb_driver.sv(61) @ 1495: uvm_test_top.env_h.act_agent_h.drv_h [[DRV]] Entered SETUP State
UVM_INFO apb_score_board.sv(48) @ 1500: uvm_test_top.env_h.sb_h [[SB]] [ACTIVE] paddr=0x0 pwrite=0 pwdata=0x0 prdata=0x0 pslverr=0
UVM_INFO apb_active_monitor.sv(44) @ 1500: uvm_test_top.env_h.act_agent_h.act_mon_h [[ACTIVE_MON]] setup detected:::::- ------------------------------------------------------
Name               Type               Size  Value     
------------------------------------------------------
seq_h              apb_sequence_item  -     @4598     
  psel             integral           1     'h1       
  continuous_psel  integral           1     'h0       
  penable          integral           1     'h0       
  pready           integral           1     'h0       
  paddr            integral           32    'h38      
  pwrite           integral           1     'h1       
  prdata           integral           32    'h0       
  pwdata           integral           32    'hb2d68511
  pslverr          integral           1     'h0       
  apb_state        apb_state_e        2     IDLE      
------------------------------------------------------

UVM_INFO apb_score_board.sv(48) @ 1500: uvm_test_top.env_h.sb_h [[SB]] [ACTIVE] paddr=0x38 pwrite=1 pwdata=0xb2d68511 prdata=0x0 pslverr=0
UVM_INFO apb_score_board.sv(58) @ 1500: uvm_test_top.env_h.sb_h [[SB]] [PASSIVE] paddr=0x0 pwrite=0 pwdata=0x0 prdata=0x0 pslverr=0
UVM_WARNING apb_score_board.sv(147) @ 1500: uvm_test_top.env_h.sb_h [[SB]] [1500] READ from uninitialised addr 0x0 --- no ref
UVM_INFO apb_passive_monitor.sv(44) @ 1500: uvm_test_top.env_h.pas_agent_h.pas_mon_h [[PASSIVE_MON]] setup detected:::::- ------------------------------------------------------
Name               Type               Size  Value     
------------------------------------------------------
seq_h              apb_sequence_item  -     @4624     
  psel             integral           1     'h1       
  continuous_psel  integral           1     'h0       
  penable          integral           1     'h0       
  pready           integral           1     'h0       
  paddr            integral           32    'h38      
  pwrite           integral           1     'h1       
  prdata           integral           32    'h0       
  pwdata           integral           32    'hb2d68511
  pslverr          integral           1     'h0       
  apb_state        apb_state_e        2     IDLE      
------------------------------------------------------

UVM_INFO apb_score_board.sv(58) @ 1500: uvm_test_top.env_h.sb_h [[SB]] [PASSIVE] paddr=0x38 pwrite=1 pwdata=0xb2d68511 prdata=0x0 pslverr=0
UVM_INFO apb_score_board.sv(125) @ 1500: uvm_test_top.env_h.sb_h [[SB]] [1500]WRITE PASS:mem[0x38]=0xb2d68511
UVM_INFO apb_driver.sv(80) @ 1505: uvm_test_top.env_h.act_agent_h.drv_h [[DRV]] Entered ACCESS State
UVM_INFO apb_score_board.sv(48) @ 1510: uvm_test_top.env_h.sb_h [[SB]] [ACTIVE] paddr=0x38 pwrite=1 pwdata=0xb2d68511 prdata=0x0 pslverr=0
UVM_INFO apb_score_board.sv(58) @ 1510: uvm_test_top.env_h.sb_h [[SB]] [PASSIVE] paddr=0x38 pwrite=1 pwdata=0xb2d68511 prdata=0x0 pslverr=0
UVM_INFO apb_score_board.sv(125) @ 1510: uvm_test_top.env_h.sb_h [[SB]] [1510]WRITE PASS:mem[0x38]=0xb2d68511
inside dut 56 3000403217
inside dut 56 3000403217
"apb_interface.sv", 102: apb_top.intf_h.pready_waiting: started at 1465s failed at 1525s
	Offending 'pready'
UVM_INFO apb_driver.sv(108) @ 1525: uvm_test_top.env_h.act_agent_h.drv_h [[DRV]] Pready occured at wait_count=1 56 3000403217
UVM_INFO apb_score_board.sv(48) @ 1530: uvm_test_top.env_h.sb_h [[SB]] [ACTIVE] paddr=0x38 pwrite=1 pwdata=0xb2d68511 prdata=0x0 pslverr=0
UVM_INFO apb_active_monitor.sv(69) @ 1530: uvm_test_top.env_h.act_agent_h.act_mon_h [[ACTIVE_MON]]  Transaction sent to scoreboard
UVM_INFO apb_score_board.sv(58) @ 1530: uvm_test_top.env_h.sb_h [[SB]] [PASSIVE] paddr=0x38 pwrite=1 pwdata=0xb2d68511 prdata=0x0 pslverr=0
UVM_INFO apb_score_board.sv(125) @ 1530: uvm_test_top.env_h.sb_h [[SB]] [1530]WRITE PASS:mem[0x38]=0xb2d68511
UVM_INFO apb_passive_monitor.sv(69) @ 1530: uvm_test_top.env_h.pas_agent_h.pas_mon_h [[PASSIVE_MON]]  Transaction sent to scoreboard
UVM_INFO apb_driver.sv(112) @ 1535: uvm_test_top.env_h.act_agent_h.drv_h [[DRV]] Transaction completed
UVM_INFO apb_driver.sv(121) @ 1535: uvm_test_top.env_h.act_agent_h.drv_h [[abc1]] Transaction completed
UVM_INFO apb_driver.sv(122) @ 1535: uvm_test_top.env_h.act_agent_h.drv_h [[abc1]]  0
UVM_ERROR @ 1535: uvm_test_top.env_h.act_agent_h.seqr_h@@rw_h [uvm_test_top.env_h.act_agent_h.seqr_h.rw_h] Response queue overflow, response was dropped
UVM_INFO apb_rw_seq.sv(39) @ 1545: uvm_test_top.env_h.act_agent_h.seqr_h@@rw_h [apb_rw_seq] Dispalying From apb_rw_seq=--------------------------------------------------------------------------------------------------
Name                           Type               Size  Value                                     
--------------------------------------------------------------------------------------------------
seq_h                          apb_sequence_item  -     @4714                                     
  psel                         integral           1     'h0                                       
  continuous_psel              integral           1     'h0                                       
  penable                      integral           1     'h0                                       
  pready                       integral           1     'h0                                       
  paddr                        integral           32    'h38                                      
  pwrite                       integral           1     'h0                                       
  prdata                       integral           32    'h0                                       
  pwdata                       integral           32    'hf26f731b                                
  pslverr                      integral           1     'h0                                       
  apb_state                    apb_state_e        2     ""                                        
  begin_time                   time               64    1545                                      
  depth                        int                32    'd2                                       
  parent sequence (name)       string             4     rw_h                                      
  parent sequence (full name)  string             42    uvm_test_top.env_h.act_agent_h.seqr_h.rw_h
  sequencer                    string             37    uvm_test_top.env_h.act_agent_h.seqr_h     
--------------------------------------------------------------------------------------------------

UVM_INFO apb_driver.sv(48) @ 1545: uvm_test_top.env_h.act_agent_h.drv_h [DRIVER] Displaying from apb_driver=--------------------------------------------------------------------------------------------------
Name                           Type               Size  Value                                     
--------------------------------------------------------------------------------------------------
seq_h                          apb_sequence_item  -     @4714                                     
  psel                         integral           1     'h0                                       
  continuous_psel              integral           1     'h0                                       
  penable                      integral           1     'h0                                       
  pready                       integral           1     'h0                                       
  paddr                        integral           32    'h38                                      
  pwrite                       integral           1     'h0                                       
  prdata                       integral           32    'h0                                       
  pwdata                       integral           32    'hf26f731b                                
  pslverr                      integral           1     'h0                                       
  apb_state                    apb_state_e        2     ""                                        
  begin_time                   time               64    1545                                      
  depth                        int                32    'd2                                       
  parent sequence (name)       string             4     rw_h                                      
  parent sequence (full name)  string             42    uvm_test_top.env_h.act_agent_h.seqr_h.rw_h
  sequencer                    string             37    uvm_test_top.env_h.act_agent_h.seqr_h     
--------------------------------------------------------------------------------------------------

UVM_INFO apb_driver.sv(61) @ 1545: uvm_test_top.env_h.act_agent_h.drv_h [[DRV]] Entered SETUP State
UVM_INFO apb_score_board.sv(48) @ 1550: uvm_test_top.env_h.sb_h [[SB]] [ACTIVE] paddr=0x0 pwrite=0 pwdata=0x0 prdata=0x0 pslverr=0
UVM_INFO apb_active_monitor.sv(44) @ 1550: uvm_test_top.env_h.act_agent_h.act_mon_h [[ACTIVE_MON]] setup detected:::::- ------------------------------------------------------
Name               Type               Size  Value     
------------------------------------------------------
seq_h              apb_sequence_item  -     @4728     
  psel             integral           1     'h1       
  continuous_psel  integral           1     'h0       
  penable          integral           1     'h0       
  pready           integral           1     'h1       
  paddr            integral           32    'h38      
  pwrite           integral           1     'h0       
  prdata           integral           32    'h0       
  pwdata           integral           32    'hf26f731b
  pslverr          integral           1     'h0       
  apb_state        apb_state_e        2     IDLE      
------------------------------------------------------

UVM_INFO apb_score_board.sv(48) @ 1550: uvm_test_top.env_h.sb_h [[SB]] [ACTIVE] paddr=0x38 pwrite=0 pwdata=0xf26f731b prdata=0x0 pslverr=0
UVM_INFO apb_score_board.sv(58) @ 1550: uvm_test_top.env_h.sb_h [[SB]] [PASSIVE] paddr=0x0 pwrite=0 pwdata=0x0 prdata=0x0 pslverr=0
UVM_WARNING apb_score_board.sv(147) @ 1550: uvm_test_top.env_h.sb_h [[SB]] [1550] READ from uninitialised addr 0x0 --- no ref
UVM_INFO apb_passive_monitor.sv(44) @ 1550: uvm_test_top.env_h.pas_agent_h.pas_mon_h [[PASSIVE_MON]] setup detected:::::- ------------------------------------------------------
Name               Type               Size  Value     
------------------------------------------------------
seq_h              apb_sequence_item  -     @4754     
  psel             integral           1     'h1       
  continuous_psel  integral           1     'h0       
  penable          integral           1     'h0       
  pready           integral           1     'h1       
  paddr            integral           32    'h38      
  pwrite           integral           1     'h0       
  prdata           integral           32    'h0       
  pwdata           integral           32    'hf26f731b
  pslverr          integral           1     'h0       
  apb_state        apb_state_e        2     IDLE      
------------------------------------------------------

UVM_INFO apb_score_board.sv(58) @ 1550: uvm_test_top.env_h.sb_h [[SB]] [PASSIVE] paddr=0x38 pwrite=0 pwdata=0xf26f731b prdata=0x0 pslverr=0
UVM_INFO apb_driver.sv(80) @ 1555: uvm_test_top.env_h.act_agent_h.drv_h [[DRV]] Entered ACCESS State
UVM_INFO apb_score_board.sv(48) @ 1560: uvm_test_top.env_h.sb_h [[SB]] [ACTIVE] paddr=0x38 pwrite=0 pwdata=0xf26f731b prdata=0x0 pslverr=0
UVM_INFO apb_score_board.sv(48) @ 1560: uvm_test_top.env_h.sb_h [[SB]] [ACTIVE] paddr=0x38 pwrite=0 pwdata=0xf26f731b prdata=0x0 pslverr=0
UVM_INFO apb_active_monitor.sv(69) @ 1560: uvm_test_top.env_h.act_agent_h.act_mon_h [[ACTIVE_MON]]  Transaction sent to scoreboard
UVM_INFO apb_score_board.sv(58) @ 1560: uvm_test_top.env_h.sb_h [[SB]] [PASSIVE] paddr=0x38 pwrite=0 pwdata=0xf26f731b prdata=0x0 pslverr=0
UVM_INFO apb_score_board.sv(58) @ 1560: uvm_test_top.env_h.sb_h [[SB]] [PASSIVE] paddr=0x38 pwrite=0 pwdata=0xf26f731b prdata=0x0 pslverr=0
UVM_INFO apb_passive_monitor.sv(69) @ 1560: uvm_test_top.env_h.pas_agent_h.pas_mon_h [[PASSIVE_MON]]  Transaction sent to scoreboard
UVM_INFO apb_driver.sv(108) @ 1565: uvm_test_top.env_h.act_agent_h.drv_h [[DRV]] Pready occured at wait_count=0 56 4067390235
UVM_INFO apb_driver.sv(112) @ 1575: uvm_test_top.env_h.act_agent_h.drv_h [[DRV]] Transaction completed
UVM_INFO apb_driver.sv(121) @ 1575: uvm_test_top.env_h.act_agent_h.drv_h [[abc1]] Transaction completed
UVM_INFO apb_driver.sv(122) @ 1575: uvm_test_top.env_h.act_agent_h.drv_h [[abc1]]  0
UVM_ERROR @ 1575: uvm_test_top.env_h.act_agent_h.seqr_h@@rw_h [uvm_test_top.env_h.act_agent_h.seqr_h.rw_h] Response queue overflow, response was dropped
UVM_INFO apb_rw_seq.sv(39) @ 1585: uvm_test_top.env_h.act_agent_h.seqr_h@@rw_h [apb_rw_seq] Dispalying From apb_rw_seq=--------------------------------------------------------------------------------------------------
Name                           Type               Size  Value                                     
--------------------------------------------------------------------------------------------------
seq_h                          apb_sequence_item  -     @4838                                     
  psel                         integral           1     'h0                                       
  continuous_psel              integral           1     'h0                                       
  penable                      integral           1     'h0                                       
  pready                       integral           1     'h0                                       
  paddr                        integral           32    'h68                                      
  pwrite                       integral           1     'h1                                       
  prdata                       integral           32    'h0                                       
  pwdata                       integral           32    'h2db97327                                
  pslverr                      integral           1     'h0                                       
  apb_state                    apb_state_e        2     ""                                        
  begin_time                   time               64    1585                                      
  depth                        int                32    'd2                                       
  parent sequence (name)       string             4     rw_h                                      
  parent sequence (full name)  string             42    uvm_test_top.env_h.act_agent_h.seqr_h.rw_h
  sequencer                    string             37    uvm_test_top.env_h.act_agent_h.seqr_h     
--------------------------------------------------------------------------------------------------

UVM_INFO apb_driver.sv(48) @ 1585: uvm_test_top.env_h.act_agent_h.drv_h [DRIVER] Displaying from apb_driver=--------------------------------------------------------------------------------------------------
Name                           Type               Size  Value                                     
--------------------------------------------------------------------------------------------------
seq_h                          apb_sequence_item  -     @4838                                     
  psel                         integral           1     'h0                                       
  continuous_psel              integral           1     'h0                                       
  penable                      integral           1     'h0                                       
  pready                       integral           1     'h0                                       
  paddr                        integral           32    'h68                                      
  pwrite                       integral           1     'h1                                       
  prdata                       integral           32    'h0                                       
  pwdata                       integral           32    'h2db97327                                
  pslverr                      integral           1     'h0                                       
  apb_state                    apb_state_e        2     ""                                        
  begin_time                   time               64    1585                                      
  depth                        int                32    'd2                                       
  parent sequence (name)       string             4     rw_h                                      
  parent sequence (full name)  string             42    uvm_test_top.env_h.act_agent_h.seqr_h.rw_h
  sequencer                    string             37    uvm_test_top.env_h.act_agent_h.seqr_h     
--------------------------------------------------------------------------------------------------

UVM_INFO apb_driver.sv(61) @ 1585: uvm_test_top.env_h.act_agent_h.drv_h [[DRV]] Entered SETUP State
UVM_INFO apb_score_board.sv(48) @ 1590: uvm_test_top.env_h.sb_h [[SB]] [ACTIVE] paddr=0x0 pwrite=0 pwdata=0x0 prdata=0x0 pslverr=0
UVM_INFO apb_active_monitor.sv(44) @ 1590: uvm_test_top.env_h.act_agent_h.act_mon_h [[ACTIVE_MON]] setup detected:::::- ------------------------------------------------------
Name               Type               Size  Value     
------------------------------------------------------
seq_h              apb_sequence_item  -     @4852     
  psel             integral           1     'h1       
  continuous_psel  integral           1     'h0       
  penable          integral           1     'h0       
  pready           integral           1     'h0       
  paddr            integral           32    'h68      
  pwrite           integral           1     'h1       
  prdata           integral           32    'h0       
  pwdata           integral           32    'h2db97327
  pslverr          integral           1     'h0       
  apb_state        apb_state_e        2     IDLE      
------------------------------------------------------

UVM_INFO apb_score_board.sv(48) @ 1590: uvm_test_top.env_h.sb_h [[SB]] [ACTIVE] paddr=0x68 pwrite=1 pwdata=0x2db97327 prdata=0x0 pslverr=0
UVM_INFO apb_score_board.sv(58) @ 1590: uvm_test_top.env_h.sb_h [[SB]] [PASSIVE] paddr=0x0 pwrite=0 pwdata=0x0 prdata=0x0 pslverr=0
UVM_WARNING apb_score_board.sv(147) @ 1590: uvm_test_top.env_h.sb_h [[SB]] [1590] READ from uninitialised addr 0x0 --- no ref
UVM_INFO apb_passive_monitor.sv(44) @ 1590: uvm_test_top.env_h.pas_agent_h.pas_mon_h [[PASSIVE_MON]] setup detected:::::- ------------------------------------------------------
Name               Type               Size  Value     
------------------------------------------------------
seq_h              apb_sequence_item  -     @4878     
  psel             integral           1     'h1       
  continuous_psel  integral           1     'h0       
  penable          integral           1     'h0       
  pready           integral           1     'h0       
  paddr            integral           32    'h68      
  pwrite           integral           1     'h1       
  prdata           integral           32    'h0       
  pwdata           integral           32    'h2db97327
  pslverr          integral           1     'h0       
  apb_state        apb_state_e        2     IDLE      
------------------------------------------------------

UVM_INFO apb_score_board.sv(58) @ 1590: uvm_test_top.env_h.sb_h [[SB]] [PASSIVE] paddr=0x68 pwrite=1 pwdata=0x2db97327 prdata=0x0 pslverr=0
UVM_INFO apb_score_board.sv(125) @ 1590: uvm_test_top.env_h.sb_h [[SB]] [1590]WRITE PASS:mem[0x68]=0x2db97327
UVM_INFO apb_driver.sv(80) @ 1595: uvm_test_top.env_h.act_agent_h.drv_h [[DRV]] Entered ACCESS State
UVM_INFO apb_score_board.sv(48) @ 1600: uvm_test_top.env_h.sb_h [[SB]] [ACTIVE] paddr=0x68 pwrite=1 pwdata=0x2db97327 prdata=0x0 pslverr=0
UVM_INFO apb_score_board.sv(58) @ 1600: uvm_test_top.env_h.sb_h [[SB]] [PASSIVE] paddr=0x68 pwrite=1 pwdata=0x2db97327 prdata=0x0 pslverr=0
UVM_INFO apb_score_board.sv(125) @ 1600: uvm_test_top.env_h.sb_h [[SB]] [1600]WRITE PASS:mem[0x68]=0x2db97327
inside dut 104 767128359
UVM_INFO apb_driver.sv(108) @ 1605: uvm_test_top.env_h.act_agent_h.drv_h [[DRV]] Pready occured at wait_count=0 104 767128359
UVM_INFO apb_score_board.sv(48) @ 1610: uvm_test_top.env_h.sb_h [[SB]] [ACTIVE] paddr=0x68 pwrite=1 pwdata=0x2db97327 prdata=0x0 pslverr=0
UVM_INFO apb_active_monitor.sv(69) @ 1610: uvm_test_top.env_h.act_agent_h.act_mon_h [[ACTIVE_MON]]  Transaction sent to scoreboard
UVM_INFO apb_score_board.sv(58) @ 1610: uvm_test_top.env_h.sb_h [[SB]] [PASSIVE] paddr=0x68 pwrite=1 pwdata=0x2db97327 prdata=0x0 pslverr=0
UVM_INFO apb_score_board.sv(125) @ 1610: uvm_test_top.env_h.sb_h [[SB]] [1610]WRITE PASS:mem[0x68]=0x2db97327
UVM_INFO apb_passive_monitor.sv(69) @ 1610: uvm_test_top.env_h.pas_agent_h.pas_mon_h [[PASSIVE_MON]]  Transaction sent to scoreboard
UVM_INFO apb_driver.sv(112) @ 1615: uvm_test_top.env_h.act_agent_h.drv_h [[DRV]] Transaction completed
UVM_INFO apb_driver.sv(121) @ 1615: uvm_test_top.env_h.act_agent_h.drv_h [[abc1]] Transaction completed
UVM_INFO apb_driver.sv(122) @ 1615: uvm_test_top.env_h.act_agent_h.drv_h [[abc1]]  0
UVM_ERROR @ 1615: uvm_test_top.env_h.act_agent_h.seqr_h@@rw_h [uvm_test_top.env_h.act_agent_h.seqr_h.rw_h] Response queue overflow, response was dropped
UVM_INFO apb_rw_seq.sv(39) @ 1625: uvm_test_top.env_h.act_agent_h.seqr_h@@rw_h [apb_rw_seq] Dispalying From apb_rw_seq=--------------------------------------------------------------------------------------------------
Name                           Type               Size  Value                                     
--------------------------------------------------------------------------------------------------
seq_h                          apb_sequence_item  -     @4968                                     
  psel                         integral           1     'h0                                       
  continuous_psel              integral           1     'h0                                       
  penable                      integral           1     'h0                                       
  pready                       integral           1     'h0                                       
  paddr                        integral           32    'h68                                      
  pwrite                       integral           1     'h0                                       
  prdata                       integral           32    'h0                                       
  pwdata                       integral           32    'hb19f07aa                                
  pslverr                      integral           1     'h0                                       
  apb_state                    apb_state_e        2     ""                                        
  begin_time                   time               64    1625                                      
  depth                        int                32    'd2                                       
  parent sequence (name)       string             4     rw_h                                      
  parent sequence (full name)  string             42    uvm_test_top.env_h.act_agent_h.seqr_h.rw_h
  sequencer                    string             37    uvm_test_top.env_h.act_agent_h.seqr_h     
--------------------------------------------------------------------------------------------------

UVM_INFO apb_driver.sv(48) @ 1625: uvm_test_top.env_h.act_agent_h.drv_h [DRIVER] Displaying from apb_driver=--------------------------------------------------------------------------------------------------
Name                           Type               Size  Value                                     
--------------------------------------------------------------------------------------------------
seq_h                          apb_sequence_item  -     @4968                                     
  psel                         integral           1     'h0                                       
  continuous_psel              integral           1     'h0                                       
  penable                      integral           1     'h0                                       
  pready                       integral           1     'h0                                       
  paddr                        integral           32    'h68                                      
  pwrite                       integral           1     'h0                                       
  prdata                       integral           32    'h0                                       
  pwdata                       integral           32    'hb19f07aa                                
  pslverr                      integral           1     'h0                                       
  apb_state                    apb_state_e        2     ""                                        
  begin_time                   time               64    1625                                      
  depth                        int                32    'd2                                       
  parent sequence (name)       string             4     rw_h                                      
  parent sequence (full name)  string             42    uvm_test_top.env_h.act_agent_h.seqr_h.rw_h
  sequencer                    string             37    uvm_test_top.env_h.act_agent_h.seqr_h     
--------------------------------------------------------------------------------------------------

UVM_INFO apb_driver.sv(61) @ 1625: uvm_test_top.env_h.act_agent_h.drv_h [[DRV]] Entered SETUP State
UVM_INFO apb_score_board.sv(48) @ 1630: uvm_test_top.env_h.sb_h [[SB]] [ACTIVE] paddr=0x0 pwrite=0 pwdata=0x0 prdata=0x0 pslverr=0
UVM_INFO apb_active_monitor.sv(44) @ 1630: uvm_test_top.env_h.act_agent_h.act_mon_h [[ACTIVE_MON]] setup detected:::::- ------------------------------------------------------
Name               Type               Size  Value     
------------------------------------------------------
seq_h              apb_sequence_item  -     @4982     
  psel             integral           1     'h1       
  continuous_psel  integral           1     'h0       
  penable          integral           1     'h0       
  pready           integral           1     'h1       
  paddr            integral           32    'h68      
  pwrite           integral           1     'h0       
  prdata           integral           32    'h0       
  pwdata           integral           32    'hb19f07aa
  pslverr          integral           1     'h0       
  apb_state        apb_state_e        2     IDLE      
------------------------------------------------------

UVM_INFO apb_score_board.sv(48) @ 1630: uvm_test_top.env_h.sb_h [[SB]] [ACTIVE] paddr=0x68 pwrite=0 pwdata=0xb19f07aa prdata=0x0 pslverr=0
UVM_INFO apb_score_board.sv(58) @ 1630: uvm_test_top.env_h.sb_h [[SB]] [PASSIVE] paddr=0x0 pwrite=0 pwdata=0x0 prdata=0x0 pslverr=0
UVM_WARNING apb_score_board.sv(147) @ 1630: uvm_test_top.env_h.sb_h [[SB]] [1630] READ from uninitialised addr 0x0 --- no ref
UVM_INFO apb_passive_monitor.sv(44) @ 1630: uvm_test_top.env_h.pas_agent_h.pas_mon_h [[PASSIVE_MON]] setup detected:::::- ------------------------------------------------------
Name               Type               Size  Value     
------------------------------------------------------
seq_h              apb_sequence_item  -     @5008     
  psel             integral           1     'h1       
  continuous_psel  integral           1     'h0       
  penable          integral           1     'h0       
  pready           integral           1     'h1       
  paddr            integral           32    'h68      
  pwrite           integral           1     'h0       
  prdata           integral           32    'h0       
  pwdata           integral           32    'hb19f07aa
  pslverr          integral           1     'h0       
  apb_state        apb_state_e        2     IDLE      
------------------------------------------------------

UVM_INFO apb_score_board.sv(58) @ 1630: uvm_test_top.env_h.sb_h [[SB]] [PASSIVE] paddr=0x68 pwrite=0 pwdata=0xb19f07aa prdata=0x0 pslverr=0
UVM_INFO apb_driver.sv(80) @ 1635: uvm_test_top.env_h.act_agent_h.drv_h [[DRV]] Entered ACCESS State
UVM_INFO apb_score_board.sv(48) @ 1640: uvm_test_top.env_h.sb_h [[SB]] [ACTIVE] paddr=0x68 pwrite=0 pwdata=0xb19f07aa prdata=0x0 pslverr=0
UVM_INFO apb_score_board.sv(48) @ 1640: uvm_test_top.env_h.sb_h [[SB]] [ACTIVE] paddr=0x68 pwrite=0 pwdata=0xb19f07aa prdata=0x0 pslverr=0
UVM_INFO apb_active_monitor.sv(69) @ 1640: uvm_test_top.env_h.act_agent_h.act_mon_h [[ACTIVE_MON]]  Transaction sent to scoreboard
UVM_INFO apb_score_board.sv(58) @ 1640: uvm_test_top.env_h.sb_h [[SB]] [PASSIVE] paddr=0x68 pwrite=0 pwdata=0xb19f07aa prdata=0x0 pslverr=0
UVM_INFO apb_score_board.sv(58) @ 1640: uvm_test_top.env_h.sb_h [[SB]] [PASSIVE] paddr=0x68 pwrite=0 pwdata=0xb19f07aa prdata=0x0 pslverr=0
UVM_INFO apb_passive_monitor.sv(69) @ 1640: uvm_test_top.env_h.pas_agent_h.pas_mon_h [[PASSIVE_MON]]  Transaction sent to scoreboard
UVM_INFO apb_driver.sv(108) @ 1655: uvm_test_top.env_h.act_agent_h.drv_h [[DRV]] Pready occured at wait_count=1 104 2979989418
UVM_INFO apb_driver.sv(112) @ 1665: uvm_test_top.env_h.act_agent_h.drv_h [[DRV]] Transaction completed
UVM_INFO apb_driver.sv(121) @ 1665: uvm_test_top.env_h.act_agent_h.drv_h [[abc1]] Transaction completed
UVM_INFO apb_driver.sv(122) @ 1665: uvm_test_top.env_h.act_agent_h.drv_h [[abc1]]  0
UVM_ERROR @ 1665: uvm_test_top.env_h.act_agent_h.seqr_h@@rw_h [uvm_test_top.env_h.act_agent_h.seqr_h.rw_h] Response queue overflow, response was dropped
UVM_INFO apb_rw_seq.sv(39) @ 1675: uvm_test_top.env_h.act_agent_h.seqr_h@@rw_h [apb_rw_seq] Dispalying From apb_rw_seq=--------------------------------------------------------------------------------------------------
Name                           Type               Size  Value                                     
--------------------------------------------------------------------------------------------------
seq_h                          apb_sequence_item  -     @5092                                     
  psel                         integral           1     'h0                                       
  continuous_psel              integral           1     'h0                                       
  penable                      integral           1     'h0                                       
  pready                       integral           1     'h0                                       
  paddr                        integral           32    'h60                                      
  pwrite                       integral           1     'h1                                       
  prdata                       integral           32    'h0                                       
  pwdata                       integral           32    'h3a50312a                                
  pslverr                      integral           1     'h0                                       
  apb_state                    apb_state_e        2     ""                                        
  begin_time                   time               64    1675                                      
  depth                        int                32    'd2                                       
  parent sequence (name)       string             4     rw_h                                      
  parent sequence (full name)  string             42    uvm_test_top.env_h.act_agent_h.seqr_h.rw_h
  sequencer                    string             37    uvm_test_top.env_h.act_agent_h.seqr_h     
--------------------------------------------------------------------------------------------------

UVM_INFO apb_driver.sv(48) @ 1675: uvm_test_top.env_h.act_agent_h.drv_h [DRIVER] Displaying from apb_driver=--------------------------------------------------------------------------------------------------
Name                           Type               Size  Value                                     
--------------------------------------------------------------------------------------------------
seq_h                          apb_sequence_item  -     @5092                                     
  psel                         integral           1     'h0                                       
  continuous_psel              integral           1     'h0                                       
  penable                      integral           1     'h0                                       
  pready                       integral           1     'h0                                       
  paddr                        integral           32    'h60                                      
  pwrite                       integral           1     'h1                                       
  prdata                       integral           32    'h0                                       
  pwdata                       integral           32    'h3a50312a                                
  pslverr                      integral           1     'h0                                       
  apb_state                    apb_state_e        2     ""                                        
  begin_time                   time               64    1675                                      
  depth                        int                32    'd2                                       
  parent sequence (name)       string             4     rw_h                                      
  parent sequence (full name)  string             42    uvm_test_top.env_h.act_agent_h.seqr_h.rw_h
  sequencer                    string             37    uvm_test_top.env_h.act_agent_h.seqr_h     
--------------------------------------------------------------------------------------------------

UVM_INFO apb_driver.sv(61) @ 1675: uvm_test_top.env_h.act_agent_h.drv_h [[DRV]] Entered SETUP State
UVM_INFO apb_score_board.sv(48) @ 1680: uvm_test_top.env_h.sb_h [[SB]] [ACTIVE] paddr=0x0 pwrite=0 pwdata=0x0 prdata=0x0 pslverr=0
UVM_INFO apb_active_monitor.sv(44) @ 1680: uvm_test_top.env_h.act_agent_h.act_mon_h [[ACTIVE_MON]] setup detected:::::- ------------------------------------------------------
Name               Type               Size  Value     
------------------------------------------------------
seq_h              apb_sequence_item  -     @5106     
  psel             integral           1     'h1       
  continuous_psel  integral           1     'h0       
  penable          integral           1     'h0       
  pready           integral           1     'h1       
  paddr            integral           32    'h60      
  pwrite           integral           1     'h1       
  prdata           integral           32    'h0       
  pwdata           integral           32    'h3a50312a
  pslverr          integral           1     'h0       
  apb_state        apb_state_e        2     IDLE      
------------------------------------------------------

UVM_INFO apb_score_board.sv(48) @ 1680: uvm_test_top.env_h.sb_h [[SB]] [ACTIVE] paddr=0x60 pwrite=1 pwdata=0x3a50312a prdata=0x0 pslverr=0
UVM_INFO apb_score_board.sv(58) @ 1680: uvm_test_top.env_h.sb_h [[SB]] [PASSIVE] paddr=0x0 pwrite=0 pwdata=0x0 prdata=0x0 pslverr=0
UVM_WARNING apb_score_board.sv(147) @ 1680: uvm_test_top.env_h.sb_h [[SB]] [1680] READ from uninitialised addr 0x0 --- no ref
UVM_INFO apb_passive_monitor.sv(44) @ 1680: uvm_test_top.env_h.pas_agent_h.pas_mon_h [[PASSIVE_MON]] setup detected:::::- ------------------------------------------------------
Name               Type               Size  Value     
------------------------------------------------------
seq_h              apb_sequence_item  -     @5132     
  psel             integral           1     'h1       
  continuous_psel  integral           1     'h0       
  penable          integral           1     'h0       
  pready           integral           1     'h1       
  paddr            integral           32    'h60      
  pwrite           integral           1     'h1       
  prdata           integral           32    'h0       
  pwdata           integral           32    'h3a50312a
  pslverr          integral           1     'h0       
  apb_state        apb_state_e        2     IDLE      
------------------------------------------------------

UVM_INFO apb_score_board.sv(58) @ 1680: uvm_test_top.env_h.sb_h [[SB]] [PASSIVE] paddr=0x60 pwrite=1 pwdata=0x3a50312a prdata=0x0 pslverr=0
UVM_INFO apb_score_board.sv(125) @ 1680: uvm_test_top.env_h.sb_h [[SB]] [1680]WRITE PASS:mem[0x60]=0x3a50312a
UVM_INFO apb_driver.sv(80) @ 1685: uvm_test_top.env_h.act_agent_h.drv_h [[DRV]] Entered ACCESS State
UVM_INFO apb_score_board.sv(48) @ 1690: uvm_test_top.env_h.sb_h [[SB]] [ACTIVE] paddr=0x60 pwrite=1 pwdata=0x3a50312a prdata=0x0 pslverr=0
UVM_INFO apb_score_board.sv(58) @ 1690: uvm_test_top.env_h.sb_h [[SB]] [PASSIVE] paddr=0x60 pwrite=1 pwdata=0x3a50312a prdata=0x0 pslverr=0
UVM_INFO apb_score_board.sv(125) @ 1690: uvm_test_top.env_h.sb_h [[SB]] [1690]WRITE PASS:mem[0x60]=0x3a50312a
inside dut 96 978333994
inside dut 96 978333994
inside dut 96 978333994
UVM_INFO apb_driver.sv(108) @ 1715: uvm_test_top.env_h.act_agent_h.drv_h [[DRV]] Pready occured at wait_count=2 96 978333994
UVM_INFO apb_score_board.sv(48) @ 1720: uvm_test_top.env_h.sb_h [[SB]] [ACTIVE] paddr=0x60 pwrite=1 pwdata=0x3a50312a prdata=0x0 pslverr=0
UVM_INFO apb_active_monitor.sv(69) @ 1720: uvm_test_top.env_h.act_agent_h.act_mon_h [[ACTIVE_MON]]  Transaction sent to scoreboard
UVM_INFO apb_score_board.sv(58) @ 1720: uvm_test_top.env_h.sb_h [[SB]] [PASSIVE] paddr=0x60 pwrite=1 pwdata=0x3a50312a prdata=0x0 pslverr=0
UVM_INFO apb_score_board.sv(125) @ 1720: uvm_test_top.env_h.sb_h [[SB]] [1720]WRITE PASS:mem[0x60]=0x3a50312a
UVM_INFO apb_passive_monitor.sv(69) @ 1720: uvm_test_top.env_h.pas_agent_h.pas_mon_h [[PASSIVE_MON]]  Transaction sent to scoreboard
UVM_INFO apb_driver.sv(112) @ 1725: uvm_test_top.env_h.act_agent_h.drv_h [[DRV]] Transaction completed
UVM_INFO apb_driver.sv(121) @ 1725: uvm_test_top.env_h.act_agent_h.drv_h [[abc1]] Transaction completed
UVM_INFO apb_driver.sv(122) @ 1725: uvm_test_top.env_h.act_agent_h.drv_h [[abc1]]  0
UVM_ERROR @ 1725: uvm_test_top.env_h.act_agent_h.seqr_h@@rw_h [uvm_test_top.env_h.act_agent_h.seqr_h.rw_h] Response queue overflow, response was dropped
UVM_INFO apb_rw_seq.sv(39) @ 1735: uvm_test_top.env_h.act_agent_h.seqr_h@@rw_h [apb_rw_seq] Dispalying From apb_rw_seq=--------------------------------------------------------------------------------------------------
Name                           Type               Size  Value                                     
--------------------------------------------------------------------------------------------------
seq_h                          apb_sequence_item  -     @5222                                     
  psel                         integral           1     'h0                                       
  continuous_psel              integral           1     'h0                                       
  penable                      integral           1     'h0                                       
  pready                       integral           1     'h0                                       
  paddr                        integral           32    'h60                                      
  pwrite                       integral           1     'h0                                       
  prdata                       integral           32    'h0                                       
  pwdata                       integral           32    'hbf3d361e                                
  pslverr                      integral           1     'h0                                       
  apb_state                    apb_state_e        2     ""                                        
  begin_time                   time               64    1735                                      
  depth                        int                32    'd2                                       
  parent sequence (name)       string             4     rw_h                                      
  parent sequence (full name)  string             42    uvm_test_top.env_h.act_agent_h.seqr_h.rw_h
  sequencer                    string             37    uvm_test_top.env_h.act_agent_h.seqr_h     
--------------------------------------------------------------------------------------------------

UVM_INFO apb_driver.sv(48) @ 1735: uvm_test_top.env_h.act_agent_h.drv_h [DRIVER] Displaying from apb_driver=--------------------------------------------------------------------------------------------------
Name                           Type               Size  Value                                     
--------------------------------------------------------------------------------------------------
seq_h                          apb_sequence_item  -     @5222                                     
  psel                         integral           1     'h0                                       
  continuous_psel              integral           1     'h0                                       
  penable                      integral           1     'h0                                       
  pready                       integral           1     'h0                                       
  paddr                        integral           32    'h60                                      
  pwrite                       integral           1     'h0                                       
  prdata                       integral           32    'h0                                       
  pwdata                       integral           32    'hbf3d361e                                
  pslverr                      integral           1     'h0                                       
  apb_state                    apb_state_e        2     ""                                        
  begin_time                   time               64    1735                                      
  depth                        int                32    'd2                                       
  parent sequence (name)       string             4     rw_h                                      
  parent sequence (full name)  string             42    uvm_test_top.env_h.act_agent_h.seqr_h.rw_h
  sequencer                    string             37    uvm_test_top.env_h.act_agent_h.seqr_h     
--------------------------------------------------------------------------------------------------

UVM_INFO apb_driver.sv(61) @ 1735: uvm_test_top.env_h.act_agent_h.drv_h [[DRV]] Entered SETUP State
UVM_INFO apb_score_board.sv(48) @ 1740: uvm_test_top.env_h.sb_h [[SB]] [ACTIVE] paddr=0x0 pwrite=0 pwdata=0x0 prdata=0x0 pslverr=0
UVM_INFO apb_active_monitor.sv(44) @ 1740: uvm_test_top.env_h.act_agent_h.act_mon_h [[ACTIVE_MON]] setup detected:::::- ------------------------------------------------------
Name               Type               Size  Value     
------------------------------------------------------
seq_h              apb_sequence_item  -     @5236     
  psel             integral           1     'h1       
  continuous_psel  integral           1     'h0       
  penable          integral           1     'h0       
  pready           integral           1     'h1       
  paddr            integral           32    'h60      
  pwrite           integral           1     'h0       
  prdata           integral           32    'h0       
  pwdata           integral           32    'hbf3d361e
  pslverr          integral           1     'h0       
  apb_state        apb_state_e        2     IDLE      
------------------------------------------------------

UVM_INFO apb_score_board.sv(48) @ 1740: uvm_test_top.env_h.sb_h [[SB]] [ACTIVE] paddr=0x60 pwrite=0 pwdata=0xbf3d361e prdata=0x0 pslverr=0
UVM_INFO apb_score_board.sv(58) @ 1740: uvm_test_top.env_h.sb_h [[SB]] [PASSIVE] paddr=0x0 pwrite=0 pwdata=0x0 prdata=0x0 pslverr=0
UVM_WARNING apb_score_board.sv(147) @ 1740: uvm_test_top.env_h.sb_h [[SB]] [1740] READ from uninitialised addr 0x0 --- no ref
UVM_INFO apb_passive_monitor.sv(44) @ 1740: uvm_test_top.env_h.pas_agent_h.pas_mon_h [[PASSIVE_MON]] setup detected:::::- ------------------------------------------------------
Name               Type               Size  Value     
------------------------------------------------------
seq_h              apb_sequence_item  -     @5262     
  psel             integral           1     'h1       
  continuous_psel  integral           1     'h0       
  penable          integral           1     'h0       
  pready           integral           1     'h1       
  paddr            integral           32    'h60      
  pwrite           integral           1     'h0       
  prdata           integral           32    'h0       
  pwdata           integral           32    'hbf3d361e
  pslverr          integral           1     'h0       
  apb_state        apb_state_e        2     IDLE      
------------------------------------------------------

UVM_INFO apb_score_board.sv(58) @ 1740: uvm_test_top.env_h.sb_h [[SB]] [PASSIVE] paddr=0x60 pwrite=0 pwdata=0xbf3d361e prdata=0x0 pslverr=0
UVM_INFO apb_driver.sv(80) @ 1745: uvm_test_top.env_h.act_agent_h.drv_h [[DRV]] Entered ACCESS State
UVM_INFO apb_score_board.sv(48) @ 1750: uvm_test_top.env_h.sb_h [[SB]] [ACTIVE] paddr=0x60 pwrite=0 pwdata=0xbf3d361e prdata=0x0 pslverr=0
UVM_INFO apb_score_board.sv(48) @ 1750: uvm_test_top.env_h.sb_h [[SB]] [ACTIVE] paddr=0x60 pwrite=0 pwdata=0xbf3d361e prdata=0x0 pslverr=0
UVM_INFO apb_active_monitor.sv(69) @ 1750: uvm_test_top.env_h.act_agent_h.act_mon_h [[ACTIVE_MON]]  Transaction sent to scoreboard
UVM_INFO apb_score_board.sv(58) @ 1750: uvm_test_top.env_h.sb_h [[SB]] [PASSIVE] paddr=0x60 pwrite=0 pwdata=0xbf3d361e prdata=0x0 pslverr=0
UVM_INFO apb_score_board.sv(58) @ 1750: uvm_test_top.env_h.sb_h [[SB]] [PASSIVE] paddr=0x60 pwrite=0 pwdata=0xbf3d361e prdata=0x0 pslverr=0
UVM_INFO apb_passive_monitor.sv(69) @ 1750: uvm_test_top.env_h.pas_agent_h.pas_mon_h [[PASSIVE_MON]]  Transaction sent to scoreboard
UVM_INFO apb_driver.sv(108) @ 1755: uvm_test_top.env_h.act_agent_h.drv_h [[DRV]] Pready occured at wait_count=0 96 3208459806
UVM_INFO apb_driver.sv(112) @ 1765: uvm_test_top.env_h.act_agent_h.drv_h [[DRV]] Transaction completed
UVM_INFO apb_driver.sv(121) @ 1765: uvm_test_top.env_h.act_agent_h.drv_h [[abc1]] Transaction completed
UVM_INFO apb_driver.sv(122) @ 1765: uvm_test_top.env_h.act_agent_h.drv_h [[abc1]]  0
UVM_ERROR @ 1765: uvm_test_top.env_h.act_agent_h.seqr_h@@rw_h [uvm_test_top.env_h.act_agent_h.seqr_h.rw_h] Response queue overflow, response was dropped
UVM_INFO apb_rw_seq.sv(39) @ 1775: uvm_test_top.env_h.act_agent_h.seqr_h@@rw_h [apb_rw_seq] Dispalying From apb_rw_seq=--------------------------------------------------------------------------------------------------
Name                           Type               Size  Value                                     
--------------------------------------------------------------------------------------------------
seq_h                          apb_sequence_item  -     @5346                                     
  psel                         integral           1     'h0                                       
  continuous_psel              integral           1     'h0                                       
  penable                      integral           1     'h0                                       
  pready                       integral           1     'h0                                       
  paddr                        integral           32    'h3b                                      
  pwrite                       integral           1     'h1                                       
  prdata                       integral           32    'h0                                       
  pwdata                       integral           32    'hb6df299e                                
  pslverr                      integral           1     'h0                                       
  apb_state                    apb_state_e        2     ""                                        
  begin_time                   time               64    1775                                      
  depth                        int                32    'd2                                       
  parent sequence (name)       string             4     rw_h                                      
  parent sequence (full name)  string             42    uvm_test_top.env_h.act_agent_h.seqr_h.rw_h
  sequencer                    string             37    uvm_test_top.env_h.act_agent_h.seqr_h     
--------------------------------------------------------------------------------------------------

UVM_INFO apb_driver.sv(48) @ 1775: uvm_test_top.env_h.act_agent_h.drv_h [DRIVER] Displaying from apb_driver=--------------------------------------------------------------------------------------------------
Name                           Type               Size  Value                                     
--------------------------------------------------------------------------------------------------
seq_h                          apb_sequence_item  -     @5346                                     
  psel                         integral           1     'h0                                       
  continuous_psel              integral           1     'h0                                       
  penable                      integral           1     'h0                                       
  pready                       integral           1     'h0                                       
  paddr                        integral           32    'h3b                                      
  pwrite                       integral           1     'h1                                       
  prdata                       integral           32    'h0                                       
  pwdata                       integral           32    'hb6df299e                                
  pslverr                      integral           1     'h0                                       
  apb_state                    apb_state_e        2     ""                                        
  begin_time                   time               64    1775                                      
  depth                        int                32    'd2                                       
  parent sequence (name)       string             4     rw_h                                      
  parent sequence (full name)  string             42    uvm_test_top.env_h.act_agent_h.seqr_h.rw_h
  sequencer                    string             37    uvm_test_top.env_h.act_agent_h.seqr_h     
--------------------------------------------------------------------------------------------------

UVM_INFO apb_driver.sv(61) @ 1775: uvm_test_top.env_h.act_agent_h.drv_h [[DRV]] Entered SETUP State
UVM_INFO apb_score_board.sv(48) @ 1780: uvm_test_top.env_h.sb_h [[SB]] [ACTIVE] paddr=0x0 pwrite=0 pwdata=0x0 prdata=0x0 pslverr=0
UVM_INFO apb_active_monitor.sv(44) @ 1780: uvm_test_top.env_h.act_agent_h.act_mon_h [[ACTIVE_MON]] setup detected:::::- ------------------------------------------------------
Name               Type               Size  Value     
------------------------------------------------------
seq_h              apb_sequence_item  -     @5360     
  psel             integral           1     'h1       
  continuous_psel  integral           1     'h0       
  penable          integral           1     'h0       
  pready           integral           1     'h0       
  paddr            integral           32    'h3b      
  pwrite           integral           1     'h1       
  prdata           integral           32    'h0       
  pwdata           integral           32    'hb6df299e
  pslverr          integral           1     'h0       
  apb_state        apb_state_e        2     IDLE      
------------------------------------------------------

UVM_INFO apb_score_board.sv(48) @ 1780: uvm_test_top.env_h.sb_h [[SB]] [ACTIVE] paddr=0x3b pwrite=1 pwdata=0xb6df299e prdata=0x0 pslverr=0
UVM_INFO apb_score_board.sv(58) @ 1780: uvm_test_top.env_h.sb_h [[SB]] [PASSIVE] paddr=0x0 pwrite=0 pwdata=0x0 prdata=0x0 pslverr=0
UVM_WARNING apb_score_board.sv(147) @ 1780: uvm_test_top.env_h.sb_h [[SB]] [1780] READ from uninitialised addr 0x0 --- no ref
UVM_INFO apb_passive_monitor.sv(44) @ 1780: uvm_test_top.env_h.pas_agent_h.pas_mon_h [[PASSIVE_MON]] setup detected:::::- ------------------------------------------------------
Name               Type               Size  Value     
------------------------------------------------------
seq_h              apb_sequence_item  -     @5386     
  psel             integral           1     'h1       
  continuous_psel  integral           1     'h0       
  penable          integral           1     'h0       
  pready           integral           1     'h0       
  paddr            integral           32    'h3b      
  pwrite           integral           1     'h1       
  prdata           integral           32    'h0       
  pwdata           integral           32    'hb6df299e
  pslverr          integral           1     'h0       
  apb_state        apb_state_e        2     IDLE      
------------------------------------------------------

UVM_INFO apb_score_board.sv(58) @ 1780: uvm_test_top.env_h.sb_h [[SB]] [PASSIVE] paddr=0x3b pwrite=1 pwdata=0xb6df299e prdata=0x0 pslverr=0
UVM_INFO apb_score_board.sv(125) @ 1780: uvm_test_top.env_h.sb_h [[SB]] [1780]WRITE PASS:mem[0x3b]=0xb6df299e
UVM_INFO apb_driver.sv(80) @ 1785: uvm_test_top.env_h.act_agent_h.drv_h [[DRV]] Entered ACCESS State
UVM_INFO apb_score_board.sv(48) @ 1790: uvm_test_top.env_h.sb_h [[SB]] [ACTIVE] paddr=0x3b pwrite=1 pwdata=0xb6df299e prdata=0x0 pslverr=0
UVM_INFO apb_score_board.sv(58) @ 1790: uvm_test_top.env_h.sb_h [[SB]] [PASSIVE] paddr=0x3b pwrite=1 pwdata=0xb6df299e prdata=0x0 pslverr=0
UVM_INFO apb_score_board.sv(125) @ 1790: uvm_test_top.env_h.sb_h [[SB]] [1790]WRITE PASS:mem[0x3b]=0xb6df299e
inside dut 59 3068078494
UVM_INFO apb_driver.sv(108) @ 1795: uvm_test_top.env_h.act_agent_h.drv_h [[DRV]] Pready occured at wait_count=0 59 3068078494
UVM_INFO apb_score_board.sv(48) @ 1800: uvm_test_top.env_h.sb_h [[SB]] [ACTIVE] paddr=0x3b pwrite=1 pwdata=0xb6df299e prdata=0x0 pslverr=0
UVM_INFO apb_active_monitor.sv(69) @ 1800: uvm_test_top.env_h.act_agent_h.act_mon_h [[ACTIVE_MON]]  Transaction sent to scoreboard
UVM_INFO apb_score_board.sv(58) @ 1800: uvm_test_top.env_h.sb_h [[SB]] [PASSIVE] paddr=0x3b pwrite=1 pwdata=0xb6df299e prdata=0x0 pslverr=0
UVM_INFO apb_score_board.sv(125) @ 1800: uvm_test_top.env_h.sb_h [[SB]] [1800]WRITE PASS:mem[0x3b]=0xb6df299e
UVM_INFO apb_passive_monitor.sv(69) @ 1800: uvm_test_top.env_h.pas_agent_h.pas_mon_h [[PASSIVE_MON]]  Transaction sent to scoreboard
UVM_INFO apb_driver.sv(112) @ 1805: uvm_test_top.env_h.act_agent_h.drv_h [[DRV]] Transaction completed
UVM_INFO apb_driver.sv(121) @ 1805: uvm_test_top.env_h.act_agent_h.drv_h [[abc1]] Transaction completed
UVM_INFO apb_driver.sv(122) @ 1805: uvm_test_top.env_h.act_agent_h.drv_h [[abc1]]  0
UVM_ERROR @ 1805: uvm_test_top.env_h.act_agent_h.seqr_h@@rw_h [uvm_test_top.env_h.act_agent_h.seqr_h.rw_h] Response queue overflow, response was dropped
UVM_INFO apb_rw_seq.sv(39) @ 1815: uvm_test_top.env_h.act_agent_h.seqr_h@@rw_h [apb_rw_seq] Dispalying From apb_rw_seq=--------------------------------------------------------------------------------------------------
Name                           Type               Size  Value                                     
--------------------------------------------------------------------------------------------------
seq_h                          apb_sequence_item  -     @5476                                     
  psel                         integral           1     'h0                                       
  continuous_psel              integral           1     'h0                                       
  penable                      integral           1     'h0                                       
  pready                       integral           1     'h0                                       
  paddr                        integral           32    'h3b                                      
  pwrite                       integral           1     'h0                                       
  prdata                       integral           32    'h0                                       
  pwdata                       integral           32    'h7d5af425                                
  pslverr                      integral           1     'h0                                       
  apb_state                    apb_state_e        2     ""                                        
  begin_time                   time               64    1815                                      
  depth                        int                32    'd2                                       
  parent sequence (name)       string             4     rw_h                                      
  parent sequence (full name)  string             42    uvm_test_top.env_h.act_agent_h.seqr_h.rw_h
  sequencer                    string             37    uvm_test_top.env_h.act_agent_h.seqr_h     
--------------------------------------------------------------------------------------------------

UVM_INFO apb_driver.sv(48) @ 1815: uvm_test_top.env_h.act_agent_h.drv_h [DRIVER] Displaying from apb_driver=--------------------------------------------------------------------------------------------------
Name                           Type               Size  Value                                     
--------------------------------------------------------------------------------------------------
seq_h                          apb_sequence_item  -     @5476                                     
  psel                         integral           1     'h0                                       
  continuous_psel              integral           1     'h0                                       
  penable                      integral           1     'h0                                       
  pready                       integral           1     'h0                                       
  paddr                        integral           32    'h3b                                      
  pwrite                       integral           1     'h0                                       
  prdata                       integral           32    'h0                                       
  pwdata                       integral           32    'h7d5af425                                
  pslverr                      integral           1     'h0                                       
  apb_state                    apb_state_e        2     ""                                        
  begin_time                   time               64    1815                                      
  depth                        int                32    'd2                                       
  parent sequence (name)       string             4     rw_h                                      
  parent sequence (full name)  string             42    uvm_test_top.env_h.act_agent_h.seqr_h.rw_h
  sequencer                    string             37    uvm_test_top.env_h.act_agent_h.seqr_h     
--------------------------------------------------------------------------------------------------

UVM_INFO apb_driver.sv(61) @ 1815: uvm_test_top.env_h.act_agent_h.drv_h [[DRV]] Entered SETUP State
UVM_INFO apb_score_board.sv(48) @ 1820: uvm_test_top.env_h.sb_h [[SB]] [ACTIVE] paddr=0x0 pwrite=0 pwdata=0x0 prdata=0x0 pslverr=0
UVM_INFO apb_active_monitor.sv(44) @ 1820: uvm_test_top.env_h.act_agent_h.act_mon_h [[ACTIVE_MON]] setup detected:::::- ------------------------------------------------------
Name               Type               Size  Value     
------------------------------------------------------
seq_h              apb_sequence_item  -     @5490     
  psel             integral           1     'h1       
  continuous_psel  integral           1     'h0       
  penable          integral           1     'h0       
  pready           integral           1     'h1       
  paddr            integral           32    'h3b      
  pwrite           integral           1     'h0       
  prdata           integral           32    'h0       
  pwdata           integral           32    'h7d5af425
  pslverr          integral           1     'h0       
  apb_state        apb_state_e        2     IDLE      
------------------------------------------------------

UVM_INFO apb_score_board.sv(48) @ 1820: uvm_test_top.env_h.sb_h [[SB]] [ACTIVE] paddr=0x3b pwrite=0 pwdata=0x7d5af425 prdata=0x0 pslverr=0
UVM_INFO apb_score_board.sv(58) @ 1820: uvm_test_top.env_h.sb_h [[SB]] [PASSIVE] paddr=0x0 pwrite=0 pwdata=0x0 prdata=0x0 pslverr=0
UVM_WARNING apb_score_board.sv(147) @ 1820: uvm_test_top.env_h.sb_h [[SB]] [1820] READ from uninitialised addr 0x0 --- no ref
UVM_INFO apb_passive_monitor.sv(44) @ 1820: uvm_test_top.env_h.pas_agent_h.pas_mon_h [[PASSIVE_MON]] setup detected:::::- ------------------------------------------------------
Name               Type               Size  Value     
------------------------------------------------------
seq_h              apb_sequence_item  -     @5516     
  psel             integral           1     'h1       
  continuous_psel  integral           1     'h0       
  penable          integral           1     'h0       
  pready           integral           1     'h1       
  paddr            integral           32    'h3b      
  pwrite           integral           1     'h0       
  prdata           integral           32    'h0       
  pwdata           integral           32    'h7d5af425
  pslverr          integral           1     'h0       
  apb_state        apb_state_e        2     IDLE      
------------------------------------------------------

UVM_INFO apb_score_board.sv(58) @ 1820: uvm_test_top.env_h.sb_h [[SB]] [PASSIVE] paddr=0x3b pwrite=0 pwdata=0x7d5af425 prdata=0x0 pslverr=0
UVM_INFO apb_driver.sv(80) @ 1825: uvm_test_top.env_h.act_agent_h.drv_h [[DRV]] Entered ACCESS State
UVM_INFO apb_score_board.sv(48) @ 1830: uvm_test_top.env_h.sb_h [[SB]] [ACTIVE] paddr=0x3b pwrite=0 pwdata=0x7d5af425 prdata=0x0 pslverr=0
UVM_INFO apb_score_board.sv(58) @ 1830: uvm_test_top.env_h.sb_h [[SB]] [PASSIVE] paddr=0x3b pwrite=0 pwdata=0x7d5af425 prdata=0x0 pslverr=0
UVM_INFO apb_driver.sv(108) @ 1865: uvm_test_top.env_h.act_agent_h.drv_h [[DRV]] Pready occured at wait_count=3 59 2103112741
UVM_INFO apb_score_board.sv(48) @ 1870: uvm_test_top.env_h.sb_h [[SB]] [ACTIVE] paddr=0x3b pwrite=0 pwdata=0x7d5af425 prdata=0xb6df299e pslverr=0
UVM_INFO apb_active_monitor.sv(69) @ 1870: uvm_test_top.env_h.act_agent_h.act_mon_h [[ACTIVE_MON]]  Transaction sent to scoreboard
UVM_INFO apb_score_board.sv(58) @ 1870: uvm_test_top.env_h.sb_h [[SB]] [PASSIVE] paddr=0x3b pwrite=0 pwdata=0x7d5af425 prdata=0xb6df299e pslverr=0
UVM_INFO apb_score_board.sv(156) @ 1870: uvm_test_top.env_h.sb_h [[SB]] [0000000000000000003516t] READ PASS :paddr=0x3b expected=0xb6df299e got=0xb6df299e
UVM_INFO apb_passive_monitor.sv(69) @ 1870: uvm_test_top.env_h.pas_agent_h.pas_mon_h [[PASSIVE_MON]]  Transaction sent to scoreboard
UVM_INFO apb_driver.sv(112) @ 1875: uvm_test_top.env_h.act_agent_h.drv_h [[DRV]] Transaction completed
UVM_INFO apb_driver.sv(121) @ 1875: uvm_test_top.env_h.act_agent_h.drv_h [[abc1]] Transaction completed
UVM_INFO apb_driver.sv(122) @ 1875: uvm_test_top.env_h.act_agent_h.drv_h [[abc1]]  0
UVM_ERROR @ 1875: uvm_test_top.env_h.act_agent_h.seqr_h@@rw_h [uvm_test_top.env_h.act_agent_h.seqr_h.rw_h] Response queue overflow, response was dropped
UVM_INFO apb_rw_seq.sv(39) @ 1885: uvm_test_top.env_h.act_agent_h.seqr_h@@rw_h [apb_rw_seq] Dispalying From apb_rw_seq=--------------------------------------------------------------------------------------------------
Name                           Type               Size  Value                                     
--------------------------------------------------------------------------------------------------
seq_h                          apb_sequence_item  -     @5602                                     
  psel                         integral           1     'h0                                       
  continuous_psel              integral           1     'h0                                       
  penable                      integral           1     'h0                                       
  pready                       integral           1     'h0                                       
  paddr                        integral           32    'ha8                                      
  pwrite                       integral           1     'h1                                       
  prdata                       integral           32    'h0                                       
  pwdata                       integral           32    'h7529de29                                
  pslverr                      integral           1     'h0                                       
  apb_state                    apb_state_e        2     ""                                        
  begin_time                   time               64    1885                                      
  depth                        int                32    'd2                                       
  parent sequence (name)       string             4     rw_h                                      
  parent sequence (full name)  string             42    uvm_test_top.env_h.act_agent_h.seqr_h.rw_h
  sequencer                    string             37    uvm_test_top.env_h.act_agent_h.seqr_h     
--------------------------------------------------------------------------------------------------

UVM_INFO apb_driver.sv(48) @ 1885: uvm_test_top.env_h.act_agent_h.drv_h [DRIVER] Displaying from apb_driver=--------------------------------------------------------------------------------------------------
Name                           Type               Size  Value                                     
--------------------------------------------------------------------------------------------------
seq_h                          apb_sequence_item  -     @5602                                     
  psel                         integral           1     'h0                                       
  continuous_psel              integral           1     'h0                                       
  penable                      integral           1     'h0                                       
  pready                       integral           1     'h0                                       
  paddr                        integral           32    'ha8                                      
  pwrite                       integral           1     'h1                                       
  prdata                       integral           32    'h0                                       
  pwdata                       integral           32    'h7529de29                                
  pslverr                      integral           1     'h0                                       
  apb_state                    apb_state_e        2     ""                                        
  begin_time                   time               64    1885                                      
  depth                        int                32    'd2                                       
  parent sequence (name)       string             4     rw_h                                      
  parent sequence (full name)  string             42    uvm_test_top.env_h.act_agent_h.seqr_h.rw_h
  sequencer                    string             37    uvm_test_top.env_h.act_agent_h.seqr_h     
--------------------------------------------------------------------------------------------------

UVM_INFO apb_driver.sv(61) @ 1885: uvm_test_top.env_h.act_agent_h.drv_h [[DRV]] Entered SETUP State
UVM_INFO apb_score_board.sv(48) @ 1890: uvm_test_top.env_h.sb_h [[SB]] [ACTIVE] paddr=0x0 pwrite=0 pwdata=0x0 prdata=0x0 pslverr=0
UVM_INFO apb_active_monitor.sv(44) @ 1890: uvm_test_top.env_h.act_agent_h.act_mon_h [[ACTIVE_MON]] setup detected:::::- ------------------------------------------------------
Name               Type               Size  Value     
------------------------------------------------------
seq_h              apb_sequence_item  -     @5616     
  psel             integral           1     'h1       
  continuous_psel  integral           1     'h0       
  penable          integral           1     'h0       
  pready           integral           1     'h1       
  paddr            integral           32    'ha8      
  pwrite           integral           1     'h1       
  prdata           integral           32    'h0       
  pwdata           integral           32    'h7529de29
  pslverr          integral           1     'h0       
  apb_state        apb_state_e        2     IDLE      
------------------------------------------------------

UVM_INFO apb_score_board.sv(48) @ 1890: uvm_test_top.env_h.sb_h [[SB]] [ACTIVE] paddr=0xa8 pwrite=1 pwdata=0x7529de29 prdata=0x0 pslverr=0
UVM_INFO apb_score_board.sv(58) @ 1890: uvm_test_top.env_h.sb_h [[SB]] [PASSIVE] paddr=0x0 pwrite=0 pwdata=0x0 prdata=0x0 pslverr=0
UVM_WARNING apb_score_board.sv(147) @ 1890: uvm_test_top.env_h.sb_h [[SB]] [1890] READ from uninitialised addr 0x0 --- no ref
UVM_INFO apb_passive_monitor.sv(44) @ 1890: uvm_test_top.env_h.pas_agent_h.pas_mon_h [[PASSIVE_MON]] setup detected:::::- ------------------------------------------------------
Name               Type               Size  Value     
------------------------------------------------------
seq_h              apb_sequence_item  -     @5642     
  psel             integral           1     'h1       
  continuous_psel  integral           1     'h0       
  penable          integral           1     'h0       
  pready           integral           1     'h1       
  paddr            integral           32    'ha8      
  pwrite           integral           1     'h1       
  prdata           integral           32    'h0       
  pwdata           integral           32    'h7529de29
  pslverr          integral           1     'h0       
  apb_state        apb_state_e        2     IDLE      
------------------------------------------------------

UVM_INFO apb_score_board.sv(58) @ 1890: uvm_test_top.env_h.sb_h [[SB]] [PASSIVE] paddr=0xa8 pwrite=1 pwdata=0x7529de29 prdata=0x0 pslverr=0
UVM_INFO apb_score_board.sv(125) @ 1890: uvm_test_top.env_h.sb_h [[SB]] [1890]WRITE PASS:mem[0xa8]=0x7529de29
UVM_INFO apb_driver.sv(80) @ 1895: uvm_test_top.env_h.act_agent_h.drv_h [[DRV]] Entered ACCESS State
UVM_INFO apb_score_board.sv(48) @ 1900: uvm_test_top.env_h.sb_h [[SB]] [ACTIVE] paddr=0xa8 pwrite=1 pwdata=0x7529de29 prdata=0x0 pslverr=0
UVM_INFO apb_score_board.sv(58) @ 1900: uvm_test_top.env_h.sb_h [[SB]] [PASSIVE] paddr=0xa8 pwrite=1 pwdata=0x7529de29 prdata=0x0 pslverr=0
UVM_INFO apb_score_board.sv(125) @ 1900: uvm_test_top.env_h.sb_h [[SB]] [1900]WRITE PASS:mem[0xa8]=0x7529de29
inside dut 168 1965678121
inside dut 168 1965678121
inside dut 168 1965678121
UVM_INFO apb_driver.sv(108) @ 1925: uvm_test_top.env_h.act_agent_h.drv_h [[DRV]] Pready occured at wait_count=2 168 1965678121
UVM_INFO apb_score_board.sv(48) @ 1930: uvm_test_top.env_h.sb_h [[SB]] [ACTIVE] paddr=0xa8 pwrite=1 pwdata=0x7529de29 prdata=0x0 pslverr=0
UVM_INFO apb_active_monitor.sv(69) @ 1930: uvm_test_top.env_h.act_agent_h.act_mon_h [[ACTIVE_MON]]  Transaction sent to scoreboard
UVM_INFO apb_score_board.sv(58) @ 1930: uvm_test_top.env_h.sb_h [[SB]] [PASSIVE] paddr=0xa8 pwrite=1 pwdata=0x7529de29 prdata=0x0 pslverr=0
UVM_INFO apb_score_board.sv(125) @ 1930: uvm_test_top.env_h.sb_h [[SB]] [1930]WRITE PASS:mem[0xa8]=0x7529de29
UVM_INFO apb_passive_monitor.sv(69) @ 1930: uvm_test_top.env_h.pas_agent_h.pas_mon_h [[PASSIVE_MON]]  Transaction sent to scoreboard
UVM_INFO apb_driver.sv(112) @ 1935: uvm_test_top.env_h.act_agent_h.drv_h [[DRV]] Transaction completed
UVM_INFO apb_driver.sv(121) @ 1935: uvm_test_top.env_h.act_agent_h.drv_h [[abc1]] Transaction completed
UVM_INFO apb_driver.sv(122) @ 1935: uvm_test_top.env_h.act_agent_h.drv_h [[abc1]]  0
UVM_ERROR @ 1935: uvm_test_top.env_h.act_agent_h.seqr_h@@rw_h [uvm_test_top.env_h.act_agent_h.seqr_h.rw_h] Response queue overflow, response was dropped
UVM_INFO apb_rw_seq.sv(39) @ 1945: uvm_test_top.env_h.act_agent_h.seqr_h@@rw_h [apb_rw_seq] Dispalying From apb_rw_seq=--------------------------------------------------------------------------------------------------
Name                           Type               Size  Value                                     
--------------------------------------------------------------------------------------------------
seq_h                          apb_sequence_item  -     @5732                                     
  psel                         integral           1     'h0                                       
  continuous_psel              integral           1     'h0                                       
  penable                      integral           1     'h0                                       
  pready                       integral           1     'h0                                       
  paddr                        integral           32    'ha8                                      
  pwrite                       integral           1     'h0                                       
  prdata                       integral           32    'h0                                       
  pwdata                       integral           32    'h5b9cdb7                                 
  pslverr                      integral           1     'h0                                       
  apb_state                    apb_state_e        2     ""                                        
  begin_time                   time               64    1945                                      
  depth                        int                32    'd2                                       
  parent sequence (name)       string             4     rw_h                                      
  parent sequence (full name)  string             42    uvm_test_top.env_h.act_agent_h.seqr_h.rw_h
  sequencer                    string             37    uvm_test_top.env_h.act_agent_h.seqr_h     
--------------------------------------------------------------------------------------------------

UVM_INFO apb_driver.sv(48) @ 1945: uvm_test_top.env_h.act_agent_h.drv_h [DRIVER] Displaying from apb_driver=--------------------------------------------------------------------------------------------------
Name                           Type               Size  Value                                     
--------------------------------------------------------------------------------------------------
seq_h                          apb_sequence_item  -     @5732                                     
  psel                         integral           1     'h0                                       
  continuous_psel              integral           1     'h0                                       
  penable                      integral           1     'h0                                       
  pready                       integral           1     'h0                                       
  paddr                        integral           32    'ha8                                      
  pwrite                       integral           1     'h0                                       
  prdata                       integral           32    'h0                                       
  pwdata                       integral           32    'h5b9cdb7                                 
  pslverr                      integral           1     'h0                                       
  apb_state                    apb_state_e        2     ""                                        
  begin_time                   time               64    1945                                      
  depth                        int                32    'd2                                       
  parent sequence (name)       string             4     rw_h                                      
  parent sequence (full name)  string             42    uvm_test_top.env_h.act_agent_h.seqr_h.rw_h
  sequencer                    string             37    uvm_test_top.env_h.act_agent_h.seqr_h     
--------------------------------------------------------------------------------------------------

UVM_INFO apb_driver.sv(61) @ 1945: uvm_test_top.env_h.act_agent_h.drv_h [[DRV]] Entered SETUP State
UVM_INFO apb_score_board.sv(48) @ 1950: uvm_test_top.env_h.sb_h [[SB]] [ACTIVE] paddr=0x0 pwrite=0 pwdata=0x0 prdata=0x0 pslverr=0
UVM_INFO apb_active_monitor.sv(44) @ 1950: uvm_test_top.env_h.act_agent_h.act_mon_h [[ACTIVE_MON]] setup detected:::::- -----------------------------------------------------
Name               Type               Size  Value    
-----------------------------------------------------
seq_h              apb_sequence_item  -     @5746    
  psel             integral           1     'h1      
  continuous_psel  integral           1     'h0      
  penable          integral           1     'h0      
  pready           integral           1     'h1      
  paddr            integral           32    'ha8     
  pwrite           integral           1     'h0      
  prdata           integral           32    'h0      
  pwdata           integral           32    'h5b9cdb7
  pslverr          integral           1     'h0      
  apb_state        apb_state_e        2     IDLE     
-----------------------------------------------------

UVM_INFO apb_score_board.sv(48) @ 1950: uvm_test_top.env_h.sb_h [[SB]] [ACTIVE] paddr=0xa8 pwrite=0 pwdata=0x5b9cdb7 prdata=0x0 pslverr=0
UVM_INFO apb_score_board.sv(58) @ 1950: uvm_test_top.env_h.sb_h [[SB]] [PASSIVE] paddr=0x0 pwrite=0 pwdata=0x0 prdata=0x0 pslverr=0
UVM_WARNING apb_score_board.sv(147) @ 1950: uvm_test_top.env_h.sb_h [[SB]] [1950] READ from uninitialised addr 0x0 --- no ref
UVM_INFO apb_passive_monitor.sv(44) @ 1950: uvm_test_top.env_h.pas_agent_h.pas_mon_h [[PASSIVE_MON]] setup detected:::::- -----------------------------------------------------
Name               Type               Size  Value    
-----------------------------------------------------
seq_h              apb_sequence_item  -     @5772    
  psel             integral           1     'h1      
  continuous_psel  integral           1     'h0      
  penable          integral           1     'h0      
  pready           integral           1     'h1      
  paddr            integral           32    'ha8     
  pwrite           integral           1     'h0      
  prdata           integral           32    'h0      
  pwdata           integral           32    'h5b9cdb7
  pslverr          integral           1     'h0      
  apb_state        apb_state_e        2     IDLE     
-----------------------------------------------------

UVM_INFO apb_score_board.sv(58) @ 1950: uvm_test_top.env_h.sb_h [[SB]] [PASSIVE] paddr=0xa8 pwrite=0 pwdata=0x5b9cdb7 prdata=0x0 pslverr=0
UVM_INFO apb_driver.sv(80) @ 1955: uvm_test_top.env_h.act_agent_h.drv_h [[DRV]] Entered ACCESS State
UVM_INFO apb_score_board.sv(48) @ 1960: uvm_test_top.env_h.sb_h [[SB]] [ACTIVE] paddr=0xa8 pwrite=0 pwdata=0x5b9cdb7 prdata=0x0 pslverr=0
UVM_INFO apb_score_board.sv(48) @ 1960: uvm_test_top.env_h.sb_h [[SB]] [ACTIVE] paddr=0xa8 pwrite=0 pwdata=0x5b9cdb7 prdata=0x0 pslverr=0
UVM_INFO apb_active_monitor.sv(69) @ 1960: uvm_test_top.env_h.act_agent_h.act_mon_h [[ACTIVE_MON]]  Transaction sent to scoreboard
UVM_INFO apb_score_board.sv(58) @ 1960: uvm_test_top.env_h.sb_h [[SB]] [PASSIVE] paddr=0xa8 pwrite=0 pwdata=0x5b9cdb7 prdata=0x0 pslverr=0
UVM_INFO apb_score_board.sv(58) @ 1960: uvm_test_top.env_h.sb_h [[SB]] [PASSIVE] paddr=0xa8 pwrite=0 pwdata=0x5b9cdb7 prdata=0x0 pslverr=0
UVM_INFO apb_passive_monitor.sv(69) @ 1960: uvm_test_top.env_h.pas_agent_h.pas_mon_h [[PASSIVE_MON]]  Transaction sent to scoreboard
UVM_INFO apb_driver.sv(108) @ 1995: uvm_test_top.env_h.act_agent_h.drv_h [[DRV]] Pready occured at wait_count=3 168 96062903
UVM_INFO apb_driver.sv(112) @ 2005: uvm_test_top.env_h.act_agent_h.drv_h [[DRV]] Transaction completed
UVM_INFO apb_driver.sv(121) @ 2005: uvm_test_top.env_h.act_agent_h.drv_h [[abc1]] Transaction completed
UVM_INFO apb_driver.sv(122) @ 2005: uvm_test_top.env_h.act_agent_h.drv_h [[abc1]]  0
UVM_ERROR @ 2005: uvm_test_top.env_h.act_agent_h.seqr_h@@rw_h [uvm_test_top.env_h.act_agent_h.seqr_h.rw_h] Response queue overflow, response was dropped
UVM_INFO apb_con_psel_seq.sv(37) @ 2015: uvm_test_top.env_h.act_agent_h.seqr_h@@con_psel_h [w_seq] Before Start item
UVM_INFO apb_con_psel_seq.sv(42) @ 2015: uvm_test_top.env_h.act_agent_h.seqr_h@@con_psel_h [con_psel_seq] Dispalying From apb_con_psel_seq=--------------------------------------------------------------------------------------------------------
Name                           Type               Size  Value                                           
--------------------------------------------------------------------------------------------------------
seq_h                          apb_sequence_item  -     @5860                                           
  psel                         integral           1     'h0                                             
  continuous_psel              integral           1     'h0                                             
  penable                      integral           1     'h0                                             
  pready                       integral           1     'h0                                             
  paddr                        integral           32    'hfa                                            
  pwrite                       integral           1     'h0                                             
  prdata                       integral           32    'h0                                             
  pwdata                       integral           32    'he8ad7321                                      
  pslverr                      integral           1     'h0                                             
  apb_state                    apb_state_e        2     ""                                              
  begin_time                   time               64    2015                                            
  depth                        int                32    'd2                                             
  parent sequence (name)       string             10    con_psel_h                                      
  parent sequence (full name)  string             48    uvm_test_top.env_h.act_agent_h.seqr_h.con_psel_h
  sequencer                    string             37    uvm_test_top.env_h.act_agent_h.seqr_h           
--------------------------------------------------------------------------------------------------------

UVM_INFO apb_driver.sv(48) @ 2015: uvm_test_top.env_h.act_agent_h.drv_h [DRIVER] Displaying from apb_driver=--------------------------------------------------------------------------------------------------------
Name                           Type               Size  Value                                           
--------------------------------------------------------------------------------------------------------
seq_h                          apb_sequence_item  -     @5860                                           
  psel                         integral           1     'h0                                             
  continuous_psel              integral           1     'h0                                             
  penable                      integral           1     'h0                                             
  pready                       integral           1     'h0                                             
  paddr                        integral           32    'hfa                                            
  pwrite                       integral           1     'h0                                             
  prdata                       integral           32    'h0                                             
  pwdata                       integral           32    'he8ad7321                                      
  pslverr                      integral           1     'h0                                             
  apb_state                    apb_state_e        2     ""                                              
  begin_time                   time               64    2015                                            
  depth                        int                32    'd2                                             
  parent sequence (name)       string             10    con_psel_h                                      
  parent sequence (full name)  string             48    uvm_test_top.env_h.act_agent_h.seqr_h.con_psel_h
  sequencer                    string             37    uvm_test_top.env_h.act_agent_h.seqr_h           
--------------------------------------------------------------------------------------------------------

UVM_INFO apb_driver.sv(61) @ 2015: uvm_test_top.env_h.act_agent_h.drv_h [[DRV]] Entered SETUP State
UVM_INFO apb_score_board.sv(48) @ 2020: uvm_test_top.env_h.sb_h [[SB]] [ACTIVE] paddr=0x0 pwrite=0 pwdata=0x0 prdata=0x0 pslverr=0
UVM_INFO apb_active_monitor.sv(44) @ 2020: uvm_test_top.env_h.act_agent_h.act_mon_h [[ACTIVE_MON]] setup detected:::::- ------------------------------------------------------
Name               Type               Size  Value     
------------------------------------------------------
seq_h              apb_sequence_item  -     @5876     
  psel             integral           1     'h1       
  continuous_psel  integral           1     'h0       
  penable          integral           1     'h0       
  pready           integral           1     'h1       
  paddr            integral           32    'hfa      
  pwrite           integral           1     'h0       
  prdata           integral           32    'h0       
  pwdata           integral           32    'he8ad7321
  pslverr          integral           1     'h0       
  apb_state        apb_state_e        2     IDLE      
------------------------------------------------------

UVM_INFO apb_score_board.sv(48) @ 2020: uvm_test_top.env_h.sb_h [[SB]] [ACTIVE] paddr=0xfa pwrite=0 pwdata=0xe8ad7321 prdata=0x0 pslverr=0
UVM_INFO apb_score_board.sv(58) @ 2020: uvm_test_top.env_h.sb_h [[SB]] [PASSIVE] paddr=0x0 pwrite=0 pwdata=0x0 prdata=0x0 pslverr=0
UVM_WARNING apb_score_board.sv(147) @ 2020: uvm_test_top.env_h.sb_h [[SB]] [2020] READ from uninitialised addr 0x0 --- no ref
UVM_INFO apb_passive_monitor.sv(44) @ 2020: uvm_test_top.env_h.pas_agent_h.pas_mon_h [[PASSIVE_MON]] setup detected:::::- ------------------------------------------------------
Name               Type               Size  Value     
------------------------------------------------------
seq_h              apb_sequence_item  -     @5902     
  psel             integral           1     'h1       
  continuous_psel  integral           1     'h0       
  penable          integral           1     'h0       
  pready           integral           1     'h1       
  paddr            integral           32    'hfa      
  pwrite           integral           1     'h0       
  prdata           integral           32    'h0       
  pwdata           integral           32    'he8ad7321
  pslverr          integral           1     'h0       
  apb_state        apb_state_e        2     IDLE      
------------------------------------------------------

UVM_INFO apb_score_board.sv(58) @ 2020: uvm_test_top.env_h.sb_h [[SB]] [PASSIVE] paddr=0xfa pwrite=0 pwdata=0xe8ad7321 prdata=0x0 pslverr=0
UVM_WARNING apb_score_board.sv(147) @ 2020: uvm_test_top.env_h.sb_h [[SB]] [2020] READ from uninitialised addr 0xfa --- no ref
UVM_INFO apb_driver.sv(80) @ 2025: uvm_test_top.env_h.act_agent_h.drv_h [[DRV]] Entered ACCESS State
UVM_INFO apb_score_board.sv(48) @ 2030: uvm_test_top.env_h.sb_h [[SB]] [ACTIVE] paddr=0xfa pwrite=0 pwdata=0xe8ad7321 prdata=0x0 pslverr=0
UVM_INFO apb_score_board.sv(58) @ 2030: uvm_test_top.env_h.sb_h [[SB]] [PASSIVE] paddr=0xfa pwrite=0 pwdata=0xe8ad7321 prdata=0x0 pslverr=0
UVM_WARNING apb_score_board.sv(147) @ 2030: uvm_test_top.env_h.sb_h [[SB]] [2030] READ from uninitialised addr 0xfa --- no ref
UVM_INFO apb_driver.sv(108) @ 2035: uvm_test_top.env_h.act_agent_h.drv_h [[DRV]] Pready occured at wait_count=0 250 3903681313
UVM_INFO apb_score_board.sv(48) @ 2040: uvm_test_top.env_h.sb_h [[SB]] [ACTIVE] paddr=0xfa pwrite=0 pwdata=0xe8ad7321 prdata=0xfa pslverr=0
UVM_INFO apb_active_monitor.sv(69) @ 2040: uvm_test_top.env_h.act_agent_h.act_mon_h [[ACTIVE_MON]]  Transaction sent to scoreboard
UVM_INFO apb_score_board.sv(58) @ 2040: uvm_test_top.env_h.sb_h [[SB]] [PASSIVE] paddr=0xfa pwrite=0 pwdata=0xe8ad7321 prdata=0xfa pslverr=0
UVM_WARNING apb_score_board.sv(147) @ 2040: uvm_test_top.env_h.sb_h [[SB]] [2040] READ from uninitialised addr 0xfa --- no ref
UVM_INFO apb_passive_monitor.sv(69) @ 2040: uvm_test_top.env_h.pas_agent_h.pas_mon_h [[PASSIVE_MON]]  Transaction sent to scoreboard
UVM_INFO apb_driver.sv(112) @ 2045: uvm_test_top.env_h.act_agent_h.drv_h [[DRV]] Transaction completed
UVM_INFO apb_driver.sv(121) @ 2045: uvm_test_top.env_h.act_agent_h.drv_h [[abc1]] Transaction completed
UVM_INFO apb_driver.sv(122) @ 2045: uvm_test_top.env_h.act_agent_h.drv_h [[abc1]]  0
UVM_INFO apb_con_psel_seq.sv(37) @ 2045: uvm_test_top.env_h.act_agent_h.seqr_h@@con_psel_h [w_seq] Before Start item
UVM_INFO apb_con_psel_seq.sv(42) @ 2055: uvm_test_top.env_h.act_agent_h.seqr_h@@con_psel_h [con_psel_seq] Dispalying From apb_con_psel_seq=--------------------------------------------------------------------------------------------------------
Name                           Type               Size  Value                                           
--------------------------------------------------------------------------------------------------------
seq_h                          apb_sequence_item  -     @5990                                           
  psel                         integral           1     'h0                                             
  continuous_psel              integral           1     'h0                                             
  penable                      integral           1     'h0                                             
  pready                       integral           1     'h0                                             
  paddr                        integral           32    'h9b                                            
  pwrite                       integral           1     'h1                                             
  prdata                       integral           32    'h0                                             
  pwdata                       integral           32    'ha9f4a221                                      
  pslverr                      integral           1     'h0                                             
  apb_state                    apb_state_e        2     ""                                              
  begin_time                   time               64    2055                                            
  depth                        int                32    'd2                                             
  parent sequence (name)       string             10    con_psel_h                                      
  parent sequence (full name)  string             48    uvm_test_top.env_h.act_agent_h.seqr_h.con_psel_h
  sequencer                    string             37    uvm_test_top.env_h.act_agent_h.seqr_h           
--------------------------------------------------------------------------------------------------------

UVM_INFO apb_driver.sv(48) @ 2055: uvm_test_top.env_h.act_agent_h.drv_h [DRIVER] Displaying from apb_driver=--------------------------------------------------------------------------------------------------------
Name                           Type               Size  Value                                           
--------------------------------------------------------------------------------------------------------
seq_h                          apb_sequence_item  -     @5990                                           
  psel                         integral           1     'h0                                             
  continuous_psel              integral           1     'h0                                             
  penable                      integral           1     'h0                                             
  pready                       integral           1     'h0                                             
  paddr                        integral           32    'h9b                                            
  pwrite                       integral           1     'h1                                             
  prdata                       integral           32    'h0                                             
  pwdata                       integral           32    'ha9f4a221                                      
  pslverr                      integral           1     'h0                                             
  apb_state                    apb_state_e        2     ""                                              
  begin_time                   time               64    2055                                            
  depth                        int                32    'd2                                             
  parent sequence (name)       string             10    con_psel_h                                      
  parent sequence (full name)  string             48    uvm_test_top.env_h.act_agent_h.seqr_h.con_psel_h
  sequencer                    string             37    uvm_test_top.env_h.act_agent_h.seqr_h           
--------------------------------------------------------------------------------------------------------

UVM_INFO apb_driver.sv(61) @ 2055: uvm_test_top.env_h.act_agent_h.drv_h [[DRV]] Entered SETUP State
UVM_INFO apb_score_board.sv(48) @ 2060: uvm_test_top.env_h.sb_h [[SB]] [ACTIVE] paddr=0x0 pwrite=0 pwdata=0x0 prdata=0x0 pslverr=0
UVM_INFO apb_active_monitor.sv(44) @ 2060: uvm_test_top.env_h.act_agent_h.act_mon_h [[ACTIVE_MON]] setup detected:::::- ------------------------------------------------------
Name               Type               Size  Value     
------------------------------------------------------
seq_h              apb_sequence_item  -     @6006     
  psel             integral           1     'h1       
  continuous_psel  integral           1     'h0       
  penable          integral           1     'h0       
  pready           integral           1     'h1       
  paddr            integral           32    'h9b      
  pwrite           integral           1     'h1       
  prdata           integral           32    'h0       
  pwdata           integral           32    'ha9f4a221
  pslverr          integral           1     'h0       
  apb_state        apb_state_e        2     IDLE      
------------------------------------------------------

UVM_INFO apb_score_board.sv(48) @ 2060: uvm_test_top.env_h.sb_h [[SB]] [ACTIVE] paddr=0x9b pwrite=1 pwdata=0xa9f4a221 prdata=0x0 pslverr=0
UVM_INFO apb_score_board.sv(58) @ 2060: uvm_test_top.env_h.sb_h [[SB]] [PASSIVE] paddr=0x0 pwrite=0 pwdata=0x0 prdata=0x0 pslverr=0
UVM_WARNING apb_score_board.sv(147) @ 2060: uvm_test_top.env_h.sb_h [[SB]] [2060] READ from uninitialised addr 0x0 --- no ref
UVM_INFO apb_passive_monitor.sv(44) @ 2060: uvm_test_top.env_h.pas_agent_h.pas_mon_h [[PASSIVE_MON]] setup detected:::::- ------------------------------------------------------
Name               Type               Size  Value     
------------------------------------------------------
seq_h              apb_sequence_item  -     @6032     
  psel             integral           1     'h1       
  continuous_psel  integral           1     'h0       
  penable          integral           1     'h0       
  pready           integral           1     'h1       
  paddr            integral           32    'h9b      
  pwrite           integral           1     'h1       
  prdata           integral           32    'h0       
  pwdata           integral           32    'ha9f4a221
  pslverr          integral           1     'h0       
  apb_state        apb_state_e        2     IDLE      
------------------------------------------------------

UVM_INFO apb_score_board.sv(58) @ 2060: uvm_test_top.env_h.sb_h [[SB]] [PASSIVE] paddr=0x9b pwrite=1 pwdata=0xa9f4a221 prdata=0x0 pslverr=0
UVM_INFO apb_score_board.sv(125) @ 2060: uvm_test_top.env_h.sb_h [[SB]] [2060]WRITE PASS:mem[0x9b]=0xa9f4a221
UVM_INFO apb_driver.sv(80) @ 2065: uvm_test_top.env_h.act_agent_h.drv_h [[DRV]] Entered ACCESS State
UVM_INFO apb_score_board.sv(48) @ 2070: uvm_test_top.env_h.sb_h [[SB]] [ACTIVE] paddr=0x9b pwrite=1 pwdata=0xa9f4a221 prdata=0x0 pslverr=0
UVM_INFO apb_score_board.sv(58) @ 2070: uvm_test_top.env_h.sb_h [[SB]] [PASSIVE] paddr=0x9b pwrite=1 pwdata=0xa9f4a221 prdata=0x0 pslverr=0
UVM_INFO apb_score_board.sv(125) @ 2070: uvm_test_top.env_h.sb_h [[SB]] [2070]WRITE PASS:mem[0x9b]=0xa9f4a221
inside dut 155 2851381793
inside dut 155 2851381793
UVM_INFO apb_driver.sv(108) @ 2085: uvm_test_top.env_h.act_agent_h.drv_h [[DRV]] Pready occured at wait_count=1 155 2851381793
UVM_INFO apb_score_board.sv(48) @ 2090: uvm_test_top.env_h.sb_h [[SB]] [ACTIVE] paddr=0x9b pwrite=1 pwdata=0xa9f4a221 prdata=0x0 pslverr=0
UVM_INFO apb_active_monitor.sv(69) @ 2090: uvm_test_top.env_h.act_agent_h.act_mon_h [[ACTIVE_MON]]  Transaction sent to scoreboard
UVM_INFO apb_score_board.sv(58) @ 2090: uvm_test_top.env_h.sb_h [[SB]] [PASSIVE] paddr=0x9b pwrite=1 pwdata=0xa9f4a221 prdata=0x0 pslverr=0
UVM_INFO apb_score_board.sv(125) @ 2090: uvm_test_top.env_h.sb_h [[SB]] [2090]WRITE PASS:mem[0x9b]=0xa9f4a221
UVM_INFO apb_passive_monitor.sv(69) @ 2090: uvm_test_top.env_h.pas_agent_h.pas_mon_h [[PASSIVE_MON]]  Transaction sent to scoreboard
UVM_INFO apb_driver.sv(112) @ 2095: uvm_test_top.env_h.act_agent_h.drv_h [[DRV]] Transaction completed
UVM_INFO apb_driver.sv(121) @ 2095: uvm_test_top.env_h.act_agent_h.drv_h [[abc1]] Transaction completed
UVM_INFO apb_driver.sv(122) @ 2095: uvm_test_top.env_h.act_agent_h.drv_h [[abc1]]  0
UVM_INFO apb_con_psel_seq.sv(37) @ 2095: uvm_test_top.env_h.act_agent_h.seqr_h@@con_psel_h [w_seq] Before Start item
UVM_INFO apb_con_psel_seq.sv(42) @ 2105: uvm_test_top.env_h.act_agent_h.seqr_h@@con_psel_h [con_psel_seq] Dispalying From apb_con_psel_seq=--------------------------------------------------------------------------------------------------------
Name                           Type               Size  Value                                           
--------------------------------------------------------------------------------------------------------
seq_h                          apb_sequence_item  -     @6120                                           
  psel                         integral           1     'h0                                             
  continuous_psel              integral           1     'h0                                             
  penable                      integral           1     'h0                                             
  pready                       integral           1     'h0                                             
  paddr                        integral           32    'h91                                            
  pwrite                       integral           1     'h1                                             
  prdata                       integral           32    'h0                                             
  pwdata                       integral           32    'hf830e3cd                                      
  pslverr                      integral           1     'h0                                             
  apb_state                    apb_state_e        2     ""                                              
  begin_time                   time               64    2105                                            
  depth                        int                32    'd2                                             
  parent sequence (name)       string             10    con_psel_h                                      
  parent sequence (full name)  string             48    uvm_test_top.env_h.act_agent_h.seqr_h.con_psel_h
  sequencer                    string             37    uvm_test_top.env_h.act_agent_h.seqr_h           
--------------------------------------------------------------------------------------------------------

UVM_INFO apb_driver.sv(48) @ 2105: uvm_test_top.env_h.act_agent_h.drv_h [DRIVER] Displaying from apb_driver=--------------------------------------------------------------------------------------------------------
Name                           Type               Size  Value                                           
--------------------------------------------------------------------------------------------------------
seq_h                          apb_sequence_item  -     @6120                                           
  psel                         integral           1     'h0                                             
  continuous_psel              integral           1     'h0                                             
  penable                      integral           1     'h0                                             
  pready                       integral           1     'h0                                             
  paddr                        integral           32    'h91                                            
  pwrite                       integral           1     'h1                                             
  prdata                       integral           32    'h0                                             
  pwdata                       integral           32    'hf830e3cd                                      
  pslverr                      integral           1     'h0                                             
  apb_state                    apb_state_e        2     ""                                              
  begin_time                   time               64    2105                                            
  depth                        int                32    'd2                                             
  parent sequence (name)       string             10    con_psel_h                                      
  parent sequence (full name)  string             48    uvm_test_top.env_h.act_agent_h.seqr_h.con_psel_h
  sequencer                    string             37    uvm_test_top.env_h.act_agent_h.seqr_h           
--------------------------------------------------------------------------------------------------------

UVM_INFO apb_driver.sv(61) @ 2105: uvm_test_top.env_h.act_agent_h.drv_h [[DRV]] Entered SETUP State
UVM_INFO apb_score_board.sv(48) @ 2110: uvm_test_top.env_h.sb_h [[SB]] [ACTIVE] paddr=0x0 pwrite=0 pwdata=0x0 prdata=0x0 pslverr=0
UVM_INFO apb_active_monitor.sv(44) @ 2110: uvm_test_top.env_h.act_agent_h.act_mon_h [[ACTIVE_MON]] setup detected:::::- ------------------------------------------------------
Name               Type               Size  Value     
------------------------------------------------------
seq_h              apb_sequence_item  -     @6136     
  psel             integral           1     'h1       
  continuous_psel  integral           1     'h0       
  penable          integral           1     'h0       
  pready           integral           1     'h1       
  paddr            integral           32    'h91      
  pwrite           integral           1     'h1       
  prdata           integral           32    'h0       
  pwdata           integral           32    'hf830e3cd
  pslverr          integral           1     'h0       
  apb_state        apb_state_e        2     IDLE      
------------------------------------------------------

UVM_INFO apb_score_board.sv(48) @ 2110: uvm_test_top.env_h.sb_h [[SB]] [ACTIVE] paddr=0x91 pwrite=1 pwdata=0xf830e3cd prdata=0x0 pslverr=0
UVM_INFO apb_score_board.sv(58) @ 2110: uvm_test_top.env_h.sb_h [[SB]] [PASSIVE] paddr=0x0 pwrite=0 pwdata=0x0 prdata=0x0 pslverr=0
UVM_WARNING apb_score_board.sv(147) @ 2110: uvm_test_top.env_h.sb_h [[SB]] [2110] READ from uninitialised addr 0x0 --- no ref
UVM_INFO apb_passive_monitor.sv(44) @ 2110: uvm_test_top.env_h.pas_agent_h.pas_mon_h [[PASSIVE_MON]] setup detected:::::- ------------------------------------------------------
Name               Type               Size  Value     
------------------------------------------------------
seq_h              apb_sequence_item  -     @6162     
  psel             integral           1     'h1       
  continuous_psel  integral           1     'h0       
  penable          integral           1     'h0       
  pready           integral           1     'h1       
  paddr            integral           32    'h91      
  pwrite           integral           1     'h1       
  prdata           integral           32    'h0       
  pwdata           integral           32    'hf830e3cd
  pslverr          integral           1     'h0       
  apb_state        apb_state_e        2     IDLE      
------------------------------------------------------

UVM_INFO apb_score_board.sv(58) @ 2110: uvm_test_top.env_h.sb_h [[SB]] [PASSIVE] paddr=0x91 pwrite=1 pwdata=0xf830e3cd prdata=0x0 pslverr=0
UVM_INFO apb_score_board.sv(125) @ 2110: uvm_test_top.env_h.sb_h [[SB]] [2110]WRITE PASS:mem[0x91]=0xf830e3cd
UVM_INFO apb_driver.sv(80) @ 2115: uvm_test_top.env_h.act_agent_h.drv_h [[DRV]] Entered ACCESS State
UVM_INFO apb_score_board.sv(48) @ 2120: uvm_test_top.env_h.sb_h [[SB]] [ACTIVE] paddr=0x91 pwrite=1 pwdata=0xf830e3cd prdata=0x0 pslverr=0
UVM_INFO apb_score_board.sv(58) @ 2120: uvm_test_top.env_h.sb_h [[SB]] [PASSIVE] paddr=0x91 pwrite=1 pwdata=0xf830e3cd prdata=0x0 pslverr=0
UVM_INFO apb_score_board.sv(125) @ 2120: uvm_test_top.env_h.sb_h [[SB]] [2120]WRITE PASS:mem[0x91]=0xf830e3cd
inside dut 145 4163953613
UVM_INFO apb_driver.sv(108) @ 2125: uvm_test_top.env_h.act_agent_h.drv_h [[DRV]] Pready occured at wait_count=0 145 4163953613
UVM_INFO apb_score_board.sv(48) @ 2130: uvm_test_top.env_h.sb_h [[SB]] [ACTIVE] paddr=0x91 pwrite=1 pwdata=0xf830e3cd prdata=0x0 pslverr=0
UVM_INFO apb_active_monitor.sv(69) @ 2130: uvm_test_top.env_h.act_agent_h.act_mon_h [[ACTIVE_MON]]  Transaction sent to scoreboard
UVM_INFO apb_score_board.sv(58) @ 2130: uvm_test_top.env_h.sb_h [[SB]] [PASSIVE] paddr=0x91 pwrite=1 pwdata=0xf830e3cd prdata=0x0 pslverr=0
UVM_INFO apb_score_board.sv(125) @ 2130: uvm_test_top.env_h.sb_h [[SB]] [2130]WRITE PASS:mem[0x91]=0xf830e3cd
UVM_INFO apb_passive_monitor.sv(69) @ 2130: uvm_test_top.env_h.pas_agent_h.pas_mon_h [[PASSIVE_MON]]  Transaction sent to scoreboard
UVM_INFO apb_driver.sv(112) @ 2135: uvm_test_top.env_h.act_agent_h.drv_h [[DRV]] Transaction completed
UVM_INFO apb_driver.sv(121) @ 2135: uvm_test_top.env_h.act_agent_h.drv_h [[abc1]] Transaction completed
UVM_INFO apb_driver.sv(122) @ 2135: uvm_test_top.env_h.act_agent_h.drv_h [[abc1]]  0
UVM_INFO apb_con_psel_seq.sv(37) @ 2135: uvm_test_top.env_h.act_agent_h.seqr_h@@con_psel_h [w_seq] Before Start item
UVM_INFO apb_con_psel_seq.sv(42) @ 2145: uvm_test_top.env_h.act_agent_h.seqr_h@@con_psel_h [con_psel_seq] Dispalying From apb_con_psel_seq=--------------------------------------------------------------------------------------------------------
Name                           Type               Size  Value                                           
--------------------------------------------------------------------------------------------------------
seq_h                          apb_sequence_item  -     @6250                                           
  psel                         integral           1     'h0                                             
  continuous_psel              integral           1     'h0                                             
  penable                      integral           1     'h0                                             
  pready                       integral           1     'h0                                             
  paddr                        integral           32    'he1                                            
  pwrite                       integral           1     'h1                                             
  prdata                       integral           32    'h0                                             
  pwdata                       integral           32    'h77910f16                                      
  pslverr                      integral           1     'h0                                             
  apb_state                    apb_state_e        2     ""                                              
  begin_time                   time               64    2145                                            
  depth                        int                32    'd2                                             
  parent sequence (name)       string             10    con_psel_h                                      
  parent sequence (full name)  string             48    uvm_test_top.env_h.act_agent_h.seqr_h.con_psel_h
  sequencer                    string             37    uvm_test_top.env_h.act_agent_h.seqr_h           
--------------------------------------------------------------------------------------------------------

UVM_INFO apb_driver.sv(48) @ 2145: uvm_test_top.env_h.act_agent_h.drv_h [DRIVER] Displaying from apb_driver=--------------------------------------------------------------------------------------------------------
Name                           Type               Size  Value                                           
--------------------------------------------------------------------------------------------------------
seq_h                          apb_sequence_item  -     @6250                                           
  psel                         integral           1     'h0                                             
  continuous_psel              integral           1     'h0                                             
  penable                      integral           1     'h0                                             
  pready                       integral           1     'h0                                             
  paddr                        integral           32    'he1                                            
  pwrite                       integral           1     'h1                                             
  prdata                       integral           32    'h0                                             
  pwdata                       integral           32    'h77910f16                                      
  pslverr                      integral           1     'h0                                             
  apb_state                    apb_state_e        2     ""                                              
  begin_time                   time               64    2145                                            
  depth                        int                32    'd2                                             
  parent sequence (name)       string             10    con_psel_h                                      
  parent sequence (full name)  string             48    uvm_test_top.env_h.act_agent_h.seqr_h.con_psel_h
  sequencer                    string             37    uvm_test_top.env_h.act_agent_h.seqr_h           
--------------------------------------------------------------------------------------------------------

UVM_INFO apb_driver.sv(61) @ 2145: uvm_test_top.env_h.act_agent_h.drv_h [[DRV]] Entered SETUP State
UVM_INFO apb_score_board.sv(48) @ 2150: uvm_test_top.env_h.sb_h [[SB]] [ACTIVE] paddr=0x0 pwrite=0 pwdata=0x0 prdata=0x0 pslverr=0
UVM_INFO apb_active_monitor.sv(44) @ 2150: uvm_test_top.env_h.act_agent_h.act_mon_h [[ACTIVE_MON]] setup detected:::::- ------------------------------------------------------
Name               Type               Size  Value     
------------------------------------------------------
seq_h              apb_sequence_item  -     @6266     
  psel             integral           1     'h1       
  continuous_psel  integral           1     'h0       
  penable          integral           1     'h0       
  pready           integral           1     'h1       
  paddr            integral           32    'he1      
  pwrite           integral           1     'h1       
  prdata           integral           32    'h0       
  pwdata           integral           32    'h77910f16
  pslverr          integral           1     'h0       
  apb_state        apb_state_e        2     IDLE      
------------------------------------------------------

UVM_INFO apb_score_board.sv(48) @ 2150: uvm_test_top.env_h.sb_h [[SB]] [ACTIVE] paddr=0xe1 pwrite=1 pwdata=0x77910f16 prdata=0x0 pslverr=0
UVM_INFO apb_score_board.sv(58) @ 2150: uvm_test_top.env_h.sb_h [[SB]] [PASSIVE] paddr=0x0 pwrite=0 pwdata=0x0 prdata=0x0 pslverr=0
UVM_WARNING apb_score_board.sv(147) @ 2150: uvm_test_top.env_h.sb_h [[SB]] [2150] READ from uninitialised addr 0x0 --- no ref
UVM_INFO apb_passive_monitor.sv(44) @ 2150: uvm_test_top.env_h.pas_agent_h.pas_mon_h [[PASSIVE_MON]] setup detected:::::- ------------------------------------------------------
Name               Type               Size  Value     
------------------------------------------------------
seq_h              apb_sequence_item  -     @6292     
  psel             integral           1     'h1       
  continuous_psel  integral           1     'h0       
  penable          integral           1     'h0       
  pready           integral           1     'h1       
  paddr            integral           32    'he1      
  pwrite           integral           1     'h1       
  prdata           integral           32    'h0       
  pwdata           integral           32    'h77910f16
  pslverr          integral           1     'h0       
  apb_state        apb_state_e        2     IDLE      
------------------------------------------------------

UVM_INFO apb_score_board.sv(58) @ 2150: uvm_test_top.env_h.sb_h [[SB]] [PASSIVE] paddr=0xe1 pwrite=1 pwdata=0x77910f16 prdata=0x0 pslverr=0
UVM_INFO apb_score_board.sv(125) @ 2150: uvm_test_top.env_h.sb_h [[SB]] [2150]WRITE PASS:mem[0xe1]=0x77910f16
UVM_INFO apb_driver.sv(80) @ 2155: uvm_test_top.env_h.act_agent_h.drv_h [[DRV]] Entered ACCESS State
UVM_INFO apb_score_board.sv(48) @ 2160: uvm_test_top.env_h.sb_h [[SB]] [ACTIVE] paddr=0xe1 pwrite=1 pwdata=0x77910f16 prdata=0x0 pslverr=0
UVM_INFO apb_score_board.sv(58) @ 2160: uvm_test_top.env_h.sb_h [[SB]] [PASSIVE] paddr=0xe1 pwrite=1 pwdata=0x77910f16 prdata=0x0 pslverr=0
UVM_INFO apb_score_board.sv(125) @ 2160: uvm_test_top.env_h.sb_h [[SB]] [2160]WRITE PASS:mem[0xe1]=0x77910f16
inside dut 225 2005995286
inside dut 225 2005995286
UVM_INFO apb_driver.sv(108) @ 2175: uvm_test_top.env_h.act_agent_h.drv_h [[DRV]] Pready occured at wait_count=1 225 2005995286
UVM_INFO apb_score_board.sv(48) @ 2180: uvm_test_top.env_h.sb_h [[SB]] [ACTIVE] paddr=0xe1 pwrite=1 pwdata=0x77910f16 prdata=0x0 pslverr=0
UVM_INFO apb_active_monitor.sv(69) @ 2180: uvm_test_top.env_h.act_agent_h.act_mon_h [[ACTIVE_MON]]  Transaction sent to scoreboard
UVM_INFO apb_score_board.sv(58) @ 2180: uvm_test_top.env_h.sb_h [[SB]] [PASSIVE] paddr=0xe1 pwrite=1 pwdata=0x77910f16 prdata=0x0 pslverr=0
UVM_INFO apb_score_board.sv(125) @ 2180: uvm_test_top.env_h.sb_h [[SB]] [2180]WRITE PASS:mem[0xe1]=0x77910f16
UVM_INFO apb_passive_monitor.sv(69) @ 2180: uvm_test_top.env_h.pas_agent_h.pas_mon_h [[PASSIVE_MON]]  Transaction sent to scoreboard
UVM_INFO apb_driver.sv(112) @ 2185: uvm_test_top.env_h.act_agent_h.drv_h [[DRV]] Transaction completed
UVM_INFO apb_driver.sv(121) @ 2185: uvm_test_top.env_h.act_agent_h.drv_h [[abc1]] Transaction completed
UVM_INFO apb_driver.sv(122) @ 2185: uvm_test_top.env_h.act_agent_h.drv_h [[abc1]]  0
UVM_INFO apb_con_psel_seq.sv(37) @ 2185: uvm_test_top.env_h.act_agent_h.seqr_h@@con_psel_h [w_seq] Before Start item
UVM_INFO apb_con_psel_seq.sv(42) @ 2195: uvm_test_top.env_h.act_agent_h.seqr_h@@con_psel_h [con_psel_seq] Dispalying From apb_con_psel_seq=--------------------------------------------------------------------------------------------------------
Name                           Type               Size  Value                                           
--------------------------------------------------------------------------------------------------------
seq_h                          apb_sequence_item  -     @6380                                           
  psel                         integral           1     'h0                                             
  continuous_psel              integral           1     'h0                                             
  penable                      integral           1     'h0                                             
  pready                       integral           1     'h0                                             
  paddr                        integral           32    'h51                                            
  pwrite                       integral           1     'h0                                             
  prdata                       integral           32    'h0                                             
  pwdata                       integral           32    'h93154cf6                                      
  pslverr                      integral           1     'h0                                             
  apb_state                    apb_state_e        2     ""                                              
  begin_time                   time               64    2195                                            
  depth                        int                32    'd2                                             
  parent sequence (name)       string             10    con_psel_h                                      
  parent sequence (full name)  string             48    uvm_test_top.env_h.act_agent_h.seqr_h.con_psel_h
  sequencer                    string             37    uvm_test_top.env_h.act_agent_h.seqr_h           
--------------------------------------------------------------------------------------------------------

UVM_INFO apb_driver.sv(48) @ 2195: uvm_test_top.env_h.act_agent_h.drv_h [DRIVER] Displaying from apb_driver=--------------------------------------------------------------------------------------------------------
Name                           Type               Size  Value                                           
--------------------------------------------------------------------------------------------------------
seq_h                          apb_sequence_item  -     @6380                                           
  psel                         integral           1     'h0                                             
  continuous_psel              integral           1     'h0                                             
  penable                      integral           1     'h0                                             
  pready                       integral           1     'h0                                             
  paddr                        integral           32    'h51                                            
  pwrite                       integral           1     'h0                                             
  prdata                       integral           32    'h0                                             
  pwdata                       integral           32    'h93154cf6                                      
  pslverr                      integral           1     'h0                                             
  apb_state                    apb_state_e        2     ""                                              
  begin_time                   time               64    2195                                            
  depth                        int                32    'd2                                             
  parent sequence (name)       string             10    con_psel_h                                      
  parent sequence (full name)  string             48    uvm_test_top.env_h.act_agent_h.seqr_h.con_psel_h
  sequencer                    string             37    uvm_test_top.env_h.act_agent_h.seqr_h           
--------------------------------------------------------------------------------------------------------

UVM_INFO apb_driver.sv(61) @ 2195: uvm_test_top.env_h.act_agent_h.drv_h [[DRV]] Entered SETUP State
UVM_INFO apb_score_board.sv(48) @ 2200: uvm_test_top.env_h.sb_h [[SB]] [ACTIVE] paddr=0x0 pwrite=0 pwdata=0x0 prdata=0x0 pslverr=0
UVM_INFO apb_active_monitor.sv(44) @ 2200: uvm_test_top.env_h.act_agent_h.act_mon_h [[ACTIVE_MON]] setup detected:::::- ------------------------------------------------------
Name               Type               Size  Value     
------------------------------------------------------
seq_h              apb_sequence_item  -     @6396     
  psel             integral           1     'h1       
  continuous_psel  integral           1     'h0       
  penable          integral           1     'h0       
  pready           integral           1     'h1       
  paddr            integral           32    'h51      
  pwrite           integral           1     'h0       
  prdata           integral           32    'h0       
  pwdata           integral           32    'h93154cf6
  pslverr          integral           1     'h0       
  apb_state        apb_state_e        2     IDLE      
------------------------------------------------------

UVM_INFO apb_score_board.sv(48) @ 2200: uvm_test_top.env_h.sb_h [[SB]] [ACTIVE] paddr=0x51 pwrite=0 pwdata=0x93154cf6 prdata=0x0 pslverr=0
UVM_INFO apb_score_board.sv(58) @ 2200: uvm_test_top.env_h.sb_h [[SB]] [PASSIVE] paddr=0x0 pwrite=0 pwdata=0x0 prdata=0x0 pslverr=0
UVM_WARNING apb_score_board.sv(147) @ 2200: uvm_test_top.env_h.sb_h [[SB]] [2200] READ from uninitialised addr 0x0 --- no ref
UVM_INFO apb_passive_monitor.sv(44) @ 2200: uvm_test_top.env_h.pas_agent_h.pas_mon_h [[PASSIVE_MON]] setup detected:::::- ------------------------------------------------------
Name               Type               Size  Value     
------------------------------------------------------
seq_h              apb_sequence_item  -     @6422     
  psel             integral           1     'h1       
  continuous_psel  integral           1     'h0       
  penable          integral           1     'h0       
  pready           integral           1     'h1       
  paddr            integral           32    'h51      
  pwrite           integral           1     'h0       
  prdata           integral           32    'h0       
  pwdata           integral           32    'h93154cf6
  pslverr          integral           1     'h0       
  apb_state        apb_state_e        2     IDLE      
------------------------------------------------------

UVM_INFO apb_score_board.sv(58) @ 2200: uvm_test_top.env_h.sb_h [[SB]] [PASSIVE] paddr=0x51 pwrite=0 pwdata=0x93154cf6 prdata=0x0 pslverr=0
UVM_WARNING apb_score_board.sv(147) @ 2200: uvm_test_top.env_h.sb_h [[SB]] [2200] READ from uninitialised addr 0x51 --- no ref
UVM_INFO apb_driver.sv(80) @ 2205: uvm_test_top.env_h.act_agent_h.drv_h [[DRV]] Entered ACCESS State
UVM_INFO apb_score_board.sv(48) @ 2210: uvm_test_top.env_h.sb_h [[SB]] [ACTIVE] paddr=0x51 pwrite=0 pwdata=0x93154cf6 prdata=0x0 pslverr=0
UVM_INFO apb_score_board.sv(48) @ 2210: uvm_test_top.env_h.sb_h [[SB]] [ACTIVE] paddr=0x51 pwrite=0 pwdata=0x93154cf6 prdata=0x0 pslverr=0
UVM_INFO apb_active_monitor.sv(69) @ 2210: uvm_test_top.env_h.act_agent_h.act_mon_h [[ACTIVE_MON]]  Transaction sent to scoreboard
UVM_INFO apb_score_board.sv(58) @ 2210: uvm_test_top.env_h.sb_h [[SB]] [PASSIVE] paddr=0x51 pwrite=0 pwdata=0x93154cf6 prdata=0x0 pslverr=0
UVM_WARNING apb_score_board.sv(147) @ 2210: uvm_test_top.env_h.sb_h [[SB]] [2210] READ from uninitialised addr 0x51 --- no ref
UVM_INFO apb_score_board.sv(58) @ 2210: uvm_test_top.env_h.sb_h [[SB]] [PASSIVE] paddr=0x51 pwrite=0 pwdata=0x93154cf6 prdata=0x0 pslverr=0
UVM_WARNING apb_score_board.sv(147) @ 2210: uvm_test_top.env_h.sb_h [[SB]] [2210] READ from uninitialised addr 0x51 --- no ref
UVM_INFO apb_passive_monitor.sv(69) @ 2210: uvm_test_top.env_h.pas_agent_h.pas_mon_h [[PASSIVE_MON]]  Transaction sent to scoreboard
UVM_INFO apb_driver.sv(108) @ 2215: uvm_test_top.env_h.act_agent_h.drv_h [[DRV]] Pready occured at wait_count=0 81 2467646710
UVM_INFO apb_driver.sv(112) @ 2225: uvm_test_top.env_h.act_agent_h.drv_h [[DRV]] Transaction completed
UVM_INFO apb_driver.sv(121) @ 2225: uvm_test_top.env_h.act_agent_h.drv_h [[abc1]] Transaction completed
UVM_INFO apb_driver.sv(122) @ 2225: uvm_test_top.env_h.act_agent_h.drv_h [[abc1]]  0
UVM_INFO apb_con_psel_seq.sv(37) @ 2225: uvm_test_top.env_h.act_agent_h.seqr_h@@con_psel_h [w_seq] Before Start item
UVM_INFO apb_con_psel_seq.sv(42) @ 2235: uvm_test_top.env_h.act_agent_h.seqr_h@@con_psel_h [con_psel_seq] Dispalying From apb_con_psel_seq=--------------------------------------------------------------------------------------------------------
Name                           Type               Size  Value                                           
--------------------------------------------------------------------------------------------------------
seq_h                          apb_sequence_item  -     @6510                                           
  psel                         integral           1     'h0                                             
  continuous_psel              integral           1     'h1                                             
  penable                      integral           1     'h0                                             
  pready                       integral           1     'h0                                             
  paddr                        integral           32    'h80                                            
  pwrite                       integral           1     'h1                                             
  prdata                       integral           32    'h0                                             
  pwdata                       integral           32    'hec0feeab                                      
  pslverr                      integral           1     'h0                                             
  apb_state                    apb_state_e        2     ""                                              
  begin_time                   time               64    2235                                            
  depth                        int                32    'd2                                             
  parent sequence (name)       string             10    con_psel_h                                      
  parent sequence (full name)  string             48    uvm_test_top.env_h.act_agent_h.seqr_h.con_psel_h
  sequencer                    string             37    uvm_test_top.env_h.act_agent_h.seqr_h           
--------------------------------------------------------------------------------------------------------

UVM_INFO apb_driver.sv(48) @ 2235: uvm_test_top.env_h.act_agent_h.drv_h [DRIVER] Displaying from apb_driver=--------------------------------------------------------------------------------------------------------
Name                           Type               Size  Value                                           
--------------------------------------------------------------------------------------------------------
seq_h                          apb_sequence_item  -     @6510                                           
  psel                         integral           1     'h0                                             
  continuous_psel              integral           1     'h1                                             
  penable                      integral           1     'h0                                             
  pready                       integral           1     'h0                                             
  paddr                        integral           32    'h80                                            
  pwrite                       integral           1     'h1                                             
  prdata                       integral           32    'h0                                             
  pwdata                       integral           32    'hec0feeab                                      
  pslverr                      integral           1     'h0                                             
  apb_state                    apb_state_e        2     ""                                              
  begin_time                   time               64    2235                                            
  depth                        int                32    'd2                                             
  parent sequence (name)       string             10    con_psel_h                                      
  parent sequence (full name)  string             48    uvm_test_top.env_h.act_agent_h.seqr_h.con_psel_h
  sequencer                    string             37    uvm_test_top.env_h.act_agent_h.seqr_h           
--------------------------------------------------------------------------------------------------------

UVM_INFO apb_driver.sv(61) @ 2235: uvm_test_top.env_h.act_agent_h.drv_h [[DRV]] Entered SETUP State
UVM_INFO apb_score_board.sv(48) @ 2240: uvm_test_top.env_h.sb_h [[SB]] [ACTIVE] paddr=0x0 pwrite=0 pwdata=0x0 prdata=0x0 pslverr=0
UVM_INFO apb_active_monitor.sv(44) @ 2240: uvm_test_top.env_h.act_agent_h.act_mon_h [[ACTIVE_MON]] setup detected:::::- ------------------------------------------------------
Name               Type               Size  Value     
------------------------------------------------------
seq_h              apb_sequence_item  -     @6526     
  psel             integral           1     'h1       
  continuous_psel  integral           1     'h0       
  penable          integral           1     'h0       
  pready           integral           1     'h1       
  paddr            integral           32    'h80      
  pwrite           integral           1     'h1       
  prdata           integral           32    'h0       
  pwdata           integral           32    'hec0feeab
  pslverr          integral           1     'h0       
  apb_state        apb_state_e        2     IDLE      
------------------------------------------------------

UVM_INFO apb_score_board.sv(48) @ 2240: uvm_test_top.env_h.sb_h [[SB]] [ACTIVE] paddr=0x80 pwrite=1 pwdata=0xec0feeab prdata=0x0 pslverr=0
UVM_INFO apb_score_board.sv(58) @ 2240: uvm_test_top.env_h.sb_h [[SB]] [PASSIVE] paddr=0x0 pwrite=0 pwdata=0x0 prdata=0x0 pslverr=0
UVM_WARNING apb_score_board.sv(147) @ 2240: uvm_test_top.env_h.sb_h [[SB]] [2240] READ from uninitialised addr 0x0 --- no ref
UVM_INFO apb_passive_monitor.sv(44) @ 2240: uvm_test_top.env_h.pas_agent_h.pas_mon_h [[PASSIVE_MON]] setup detected:::::- ------------------------------------------------------
Name               Type               Size  Value     
------------------------------------------------------
seq_h              apb_sequence_item  -     @6552     
  psel             integral           1     'h1       
  continuous_psel  integral           1     'h0       
  penable          integral           1     'h0       
  pready           integral           1     'h1       
  paddr            integral           32    'h80      
  pwrite           integral           1     'h1       
  prdata           integral           32    'h0       
  pwdata           integral           32    'hec0feeab
  pslverr          integral           1     'h0       
  apb_state        apb_state_e        2     IDLE      
------------------------------------------------------

UVM_INFO apb_score_board.sv(58) @ 2240: uvm_test_top.env_h.sb_h [[SB]] [PASSIVE] paddr=0x80 pwrite=1 pwdata=0xec0feeab prdata=0x0 pslverr=0
UVM_INFO apb_score_board.sv(125) @ 2240: uvm_test_top.env_h.sb_h [[SB]] [2240]WRITE PASS:mem[0x80]=0xec0feeab
UVM_INFO apb_driver.sv(80) @ 2245: uvm_test_top.env_h.act_agent_h.drv_h [[DRV]] Entered ACCESS State
UVM_INFO apb_score_board.sv(48) @ 2250: uvm_test_top.env_h.sb_h [[SB]] [ACTIVE] paddr=0x80 pwrite=1 pwdata=0xec0feeab prdata=0x0 pslverr=0
UVM_INFO apb_score_board.sv(58) @ 2250: uvm_test_top.env_h.sb_h [[SB]] [PASSIVE] paddr=0x80 pwrite=1 pwdata=0xec0feeab prdata=0x0 pslverr=0
UVM_INFO apb_score_board.sv(125) @ 2250: uvm_test_top.env_h.sb_h [[SB]] [2250]WRITE PASS:mem[0x80]=0xec0feeab
inside dut 128 3960467115
inside dut 128 3960467115
UVM_INFO apb_driver.sv(108) @ 2265: uvm_test_top.env_h.act_agent_h.drv_h [[DRV]] Pready occured at wait_count=1 128 3960467115
UVM_INFO apb_score_board.sv(48) @ 2270: uvm_test_top.env_h.sb_h [[SB]] [ACTIVE] paddr=0x80 pwrite=1 pwdata=0xec0feeab prdata=0x0 pslverr=0
UVM_INFO apb_active_monitor.sv(69) @ 2270: uvm_test_top.env_h.act_agent_h.act_mon_h [[ACTIVE_MON]]  Transaction sent to scoreboard
UVM_INFO apb_score_board.sv(58) @ 2270: uvm_test_top.env_h.sb_h [[SB]] [PASSIVE] paddr=0x80 pwrite=1 pwdata=0xec0feeab prdata=0x0 pslverr=0
UVM_INFO apb_score_board.sv(125) @ 2270: uvm_test_top.env_h.sb_h [[SB]] [2270]WRITE PASS:mem[0x80]=0xec0feeab
UVM_INFO apb_passive_monitor.sv(69) @ 2270: uvm_test_top.env_h.pas_agent_h.pas_mon_h [[PASSIVE_MON]]  Transaction sent to scoreboard
UVM_INFO apb_driver.sv(112) @ 2275: uvm_test_top.env_h.act_agent_h.drv_h [[DRV]] Transaction completed
UVM_INFO apb_driver.sv(115) @ 2275: uvm_test_top.env_h.act_agent_h.drv_h [[abc]] Transaction completed
UVM_INFO apb_con_psel_seq.sv(37) @ 2275: uvm_test_top.env_h.act_agent_h.seqr_h@@con_psel_h [w_seq] Before Start item
UVM_INFO apb_score_board.sv(48) @ 2280: uvm_test_top.env_h.sb_h [[SB]] [ACTIVE] paddr=0x0 pwrite=0 pwdata=0x0 prdata=0x0 pslverr=0
UVM_INFO apb_active_monitor.sv(44) @ 2280: uvm_test_top.env_h.act_agent_h.act_mon_h [[ACTIVE_MON]] setup detected:::::- ------------------------------------------------------
Name               Type               Size  Value     
------------------------------------------------------
seq_h              apb_sequence_item  -     @6648     
  psel             integral           1     'h1       
  continuous_psel  integral           1     'h0       
  penable          integral           1     'h0       
  pready           integral           1     'h1       
  paddr            integral           32    'h80      
  pwrite           integral           1     'h1       
  prdata           integral           32    'h0       
  pwdata           integral           32    'hec0feeab
  pslverr          integral           1     'h0       
  apb_state        apb_state_e        2     IDLE      
------------------------------------------------------

UVM_INFO apb_score_board.sv(48) @ 2280: uvm_test_top.env_h.sb_h [[SB]] [ACTIVE] paddr=0x80 pwrite=1 pwdata=0xec0feeab prdata=0x0 pslverr=0
UVM_INFO apb_score_board.sv(58) @ 2280: uvm_test_top.env_h.sb_h [[SB]] [PASSIVE] paddr=0x0 pwrite=0 pwdata=0x0 prdata=0x0 pslverr=0
UVM_WARNING apb_score_board.sv(147) @ 2280: uvm_test_top.env_h.sb_h [[SB]] [2280] READ from uninitialised addr 0x0 --- no ref
UVM_INFO apb_passive_monitor.sv(44) @ 2280: uvm_test_top.env_h.pas_agent_h.pas_mon_h [[PASSIVE_MON]] setup detected:::::- ------------------------------------------------------
Name               Type               Size  Value     
------------------------------------------------------
seq_h              apb_sequence_item  -     @6674     
  psel             integral           1     'h1       
  continuous_psel  integral           1     'h0       
  penable          integral           1     'h0       
  pready           integral           1     'h1       
  paddr            integral           32    'h80      
  pwrite           integral           1     'h1       
  prdata           integral           32    'h0       
  pwdata           integral           32    'hec0feeab
  pslverr          integral           1     'h0       
  apb_state        apb_state_e        2     IDLE      
------------------------------------------------------

UVM_INFO apb_score_board.sv(58) @ 2280: uvm_test_top.env_h.sb_h [[SB]] [PASSIVE] paddr=0x80 pwrite=1 pwdata=0xec0feeab prdata=0x0 pslverr=0
UVM_INFO apb_score_board.sv(125) @ 2280: uvm_test_top.env_h.sb_h [[SB]] [2280]WRITE PASS:mem[0x80]=0xec0feeab
UVM_INFO apb_con_psel_seq.sv(42) @ 2285: uvm_test_top.env_h.act_agent_h.seqr_h@@con_psel_h [con_psel_seq] Dispalying From apb_con_psel_seq=--------------------------------------------------------------------------------------------------------
Name                           Type               Size  Value                                           
--------------------------------------------------------------------------------------------------------
seq_h                          apb_sequence_item  -     @6638                                           
  psel                         integral           1     'h0                                             
  continuous_psel              integral           1     'h1                                             
  penable                      integral           1     'h0                                             
  pready                       integral           1     'h0                                             
  paddr                        integral           32    'h71                                            
  pwrite                       integral           1     'h1                                             
  prdata                       integral           32    'h0                                             
  pwdata                       integral           32    'hf2cbaf8d                                      
  pslverr                      integral           1     'h0                                             
  apb_state                    apb_state_e        2     ""                                              
  begin_time                   time               64    2285                                            
  depth                        int                32    'd2                                             
  parent sequence (name)       string             10    con_psel_h                                      
  parent sequence (full name)  string             48    uvm_test_top.env_h.act_agent_h.seqr_h.con_psel_h
  sequencer                    string             37    uvm_test_top.env_h.act_agent_h.seqr_h           
--------------------------------------------------------------------------------------------------------

UVM_INFO apb_driver.sv(48) @ 2285: uvm_test_top.env_h.act_agent_h.drv_h [DRIVER] Displaying from apb_driver=--------------------------------------------------------------------------------------------------------
Name                           Type               Size  Value                                           
--------------------------------------------------------------------------------------------------------
seq_h                          apb_sequence_item  -     @6638                                           
  psel                         integral           1     'h0                                             
  continuous_psel              integral           1     'h1                                             
  penable                      integral           1     'h0                                             
  pready                       integral           1     'h0                                             
  paddr                        integral           32    'h71                                            
  pwrite                       integral           1     'h1                                             
  prdata                       integral           32    'h0                                             
  pwdata                       integral           32    'hf2cbaf8d                                      
  pslverr                      integral           1     'h0                                             
  apb_state                    apb_state_e        2     ""                                              
  begin_time                   time               64    2285                                            
  depth                        int                32    'd2                                             
  parent sequence (name)       string             10    con_psel_h                                      
  parent sequence (full name)  string             48    uvm_test_top.env_h.act_agent_h.seqr_h.con_psel_h
  sequencer                    string             37    uvm_test_top.env_h.act_agent_h.seqr_h           
--------------------------------------------------------------------------------------------------------

UVM_INFO apb_driver.sv(61) @ 2285: uvm_test_top.env_h.act_agent_h.drv_h [[DRV]] Entered SETUP State
UVM_ERROR apb_active_monitor.sv(53) @ 2290: uvm_test_top.env_h.act_agent_h.act_mon_h [[ACTIVE_MON]] 2290 :penable is not asserted after SETUP
UVM_ERROR apb_passive_monitor.sv(53) @ 2290: uvm_test_top.env_h.pas_agent_h.pas_mon_h [[PASSIVE_MON]] 2290 :penable is not asserted after SETUP
inside dut 113 4073435021
UVM_INFO apb_driver.sv(80) @ 2295: uvm_test_top.env_h.act_agent_h.drv_h [[DRV]] Entered ACCESS State
inside dut 113 4073435021
UVM_INFO apb_driver.sv(108) @ 2305: uvm_test_top.env_h.act_agent_h.drv_h [[DRV]] Pready occured at wait_count=0 113 4073435021
UVM_INFO apb_driver.sv(112) @ 2315: uvm_test_top.env_h.act_agent_h.drv_h [[DRV]] Transaction completed
UVM_INFO apb_driver.sv(115) @ 2315: uvm_test_top.env_h.act_agent_h.drv_h [[abc]] Transaction completed
UVM_INFO apb_con_psel_seq.sv(37) @ 2315: uvm_test_top.env_h.act_agent_h.seqr_h@@con_psel_h [w_seq] Before Start item
UVM_INFO apb_score_board.sv(48) @ 2320: uvm_test_top.env_h.sb_h [[SB]] [ACTIVE] paddr=0x0 pwrite=0 pwdata=0x0 prdata=0x0 pslverr=0
UVM_INFO apb_active_monitor.sv(44) @ 2320: uvm_test_top.env_h.act_agent_h.act_mon_h [[ACTIVE_MON]] setup detected:::::- ------------------------------------------------------
Name               Type               Size  Value     
------------------------------------------------------
seq_h              apb_sequence_item  -     @6732     
  psel             integral           1     'h1       
  continuous_psel  integral           1     'h0       
  penable          integral           1     'h0       
  pready           integral           1     'h1       
  paddr            integral           32    'h71      
  pwrite           integral           1     'h1       
  prdata           integral           32    'h0       
  pwdata           integral           32    'hf2cbaf8d
  pslverr          integral           1     'h0       
  apb_state        apb_state_e        2     IDLE      
------------------------------------------------------

UVM_INFO apb_score_board.sv(48) @ 2320: uvm_test_top.env_h.sb_h [[SB]] [ACTIVE] paddr=0x71 pwrite=1 pwdata=0xf2cbaf8d prdata=0x0 pslverr=0
UVM_INFO apb_score_board.sv(58) @ 2320: uvm_test_top.env_h.sb_h [[SB]] [PASSIVE] paddr=0x0 pwrite=0 pwdata=0x0 prdata=0x0 pslverr=0
UVM_WARNING apb_score_board.sv(147) @ 2320: uvm_test_top.env_h.sb_h [[SB]] [2320] READ from uninitialised addr 0x0 --- no ref
UVM_INFO apb_passive_monitor.sv(44) @ 2320: uvm_test_top.env_h.pas_agent_h.pas_mon_h [[PASSIVE_MON]] setup detected:::::- ------------------------------------------------------
Name               Type               Size  Value     
------------------------------------------------------
seq_h              apb_sequence_item  -     @6758     
  psel             integral           1     'h1       
  continuous_psel  integral           1     'h0       
  penable          integral           1     'h0       
  pready           integral           1     'h1       
  paddr            integral           32    'h71      
  pwrite           integral           1     'h1       
  prdata           integral           32    'h0       
  pwdata           integral           32    'hf2cbaf8d
  pslverr          integral           1     'h0       
  apb_state        apb_state_e        2     IDLE      
------------------------------------------------------

UVM_INFO apb_score_board.sv(58) @ 2320: uvm_test_top.env_h.sb_h [[SB]] [PASSIVE] paddr=0x71 pwrite=1 pwdata=0xf2cbaf8d prdata=0x0 pslverr=0
UVM_INFO apb_score_board.sv(125) @ 2320: uvm_test_top.env_h.sb_h [[SB]] [2320]WRITE PASS:mem[0x71]=0xf2cbaf8d
UVM_INFO apb_con_psel_seq.sv(42) @ 2325: uvm_test_top.env_h.act_agent_h.seqr_h@@con_psel_h [con_psel_seq] Dispalying From apb_con_psel_seq=--------------------------------------------------------------------------------------------------------
Name                           Type               Size  Value                                           
--------------------------------------------------------------------------------------------------------
seq_h                          apb_sequence_item  -     @6722                                           
  psel                         integral           1     'h0                                             
  continuous_psel              integral           1     'h1                                             
  penable                      integral           1     'h0                                             
  pready                       integral           1     'h0                                             
  paddr                        integral           32    'hb                                             
  pwrite                       integral           1     'h1                                             
  prdata                       integral           32    'h0                                             
  pwdata                       integral           32    'h94b1fedc                                      
  pslverr                      integral           1     'h0                                             
  apb_state                    apb_state_e        2     ""                                              
  begin_time                   time               64    2325                                            
  depth                        int                32    'd2                                             
  parent sequence (name)       string             10    con_psel_h                                      
  parent sequence (full name)  string             48    uvm_test_top.env_h.act_agent_h.seqr_h.con_psel_h
  sequencer                    string             37    uvm_test_top.env_h.act_agent_h.seqr_h           
--------------------------------------------------------------------------------------------------------

UVM_INFO apb_driver.sv(48) @ 2325: uvm_test_top.env_h.act_agent_h.drv_h [DRIVER] Displaying from apb_driver=--------------------------------------------------------------------------------------------------------
Name                           Type               Size  Value                                           
--------------------------------------------------------------------------------------------------------
seq_h                          apb_sequence_item  -     @6722                                           
  psel                         integral           1     'h0                                             
  continuous_psel              integral           1     'h1                                             
  penable                      integral           1     'h0                                             
  pready                       integral           1     'h0                                             
  paddr                        integral           32    'hb                                             
  pwrite                       integral           1     'h1                                             
  prdata                       integral           32    'h0                                             
  pwdata                       integral           32    'h94b1fedc                                      
  pslverr                      integral           1     'h0                                             
  apb_state                    apb_state_e        2     ""                                              
  begin_time                   time               64    2325                                            
  depth                        int                32    'd2                                             
  parent sequence (name)       string             10    con_psel_h                                      
  parent sequence (full name)  string             48    uvm_test_top.env_h.act_agent_h.seqr_h.con_psel_h
  sequencer                    string             37    uvm_test_top.env_h.act_agent_h.seqr_h           
--------------------------------------------------------------------------------------------------------

UVM_INFO apb_driver.sv(61) @ 2325: uvm_test_top.env_h.act_agent_h.drv_h [[DRV]] Entered SETUP State
UVM_ERROR apb_active_monitor.sv(53) @ 2330: uvm_test_top.env_h.act_agent_h.act_mon_h [[ACTIVE_MON]] 2330 :penable is not asserted after SETUP
UVM_ERROR apb_passive_monitor.sv(53) @ 2330: uvm_test_top.env_h.pas_agent_h.pas_mon_h [[PASSIVE_MON]] 2330 :penable is not asserted after SETUP
inside dut 11 2494693084
UVM_INFO apb_driver.sv(80) @ 2335: uvm_test_top.env_h.act_agent_h.drv_h [[DRV]] Entered ACCESS State
UVM_INFO apb_driver.sv(108) @ 2345: uvm_test_top.env_h.act_agent_h.drv_h [[DRV]] Pready occured at wait_count=0 11 2494693084
UVM_INFO apb_driver.sv(112) @ 2355: uvm_test_top.env_h.act_agent_h.drv_h [[DRV]] Transaction completed
UVM_INFO apb_driver.sv(115) @ 2355: uvm_test_top.env_h.act_agent_h.drv_h [[abc]] Transaction completed
UVM_INFO apb_con_psel_seq.sv(37) @ 2355: uvm_test_top.env_h.act_agent_h.seqr_h@@con_psel_h [w_seq] Before Start item
UVM_INFO apb_score_board.sv(48) @ 2360: uvm_test_top.env_h.sb_h [[SB]] [ACTIVE] paddr=0x0 pwrite=0 pwdata=0x0 prdata=0x0 pslverr=0
UVM_INFO apb_active_monitor.sv(44) @ 2360: uvm_test_top.env_h.act_agent_h.act_mon_h [[ACTIVE_MON]] setup detected:::::- ------------------------------------------------------
Name               Type               Size  Value     
------------------------------------------------------
seq_h              apb_sequence_item  -     @6816     
  psel             integral           1     'h1       
  continuous_psel  integral           1     'h0       
  penable          integral           1     'h0       
  pready           integral           1     'h1       
  paddr            integral           32    'hb       
  pwrite           integral           1     'h1       
  prdata           integral           32    'h0       
  pwdata           integral           32    'h94b1fedc
  pslverr          integral           1     'h0       
  apb_state        apb_state_e        2     IDLE      
------------------------------------------------------

UVM_INFO apb_score_board.sv(48) @ 2360: uvm_test_top.env_h.sb_h [[SB]] [ACTIVE] paddr=0xb pwrite=1 pwdata=0x94b1fedc prdata=0x0 pslverr=0
UVM_INFO apb_score_board.sv(58) @ 2360: uvm_test_top.env_h.sb_h [[SB]] [PASSIVE] paddr=0x0 pwrite=0 pwdata=0x0 prdata=0x0 pslverr=0
UVM_WARNING apb_score_board.sv(147) @ 2360: uvm_test_top.env_h.sb_h [[SB]] [2360] READ from uninitialised addr 0x0 --- no ref
UVM_INFO apb_passive_monitor.sv(44) @ 2360: uvm_test_top.env_h.pas_agent_h.pas_mon_h [[PASSIVE_MON]] setup detected:::::- ------------------------------------------------------
Name               Type               Size  Value     
------------------------------------------------------
seq_h              apb_sequence_item  -     @6842     
  psel             integral           1     'h1       
  continuous_psel  integral           1     'h0       
  penable          integral           1     'h0       
  pready           integral           1     'h1       
  paddr            integral           32    'hb       
  pwrite           integral           1     'h1       
  prdata           integral           32    'h0       
  pwdata           integral           32    'h94b1fedc
  pslverr          integral           1     'h0       
  apb_state        apb_state_e        2     IDLE      
------------------------------------------------------

UVM_INFO apb_score_board.sv(58) @ 2360: uvm_test_top.env_h.sb_h [[SB]] [PASSIVE] paddr=0xb pwrite=1 pwdata=0x94b1fedc prdata=0x0 pslverr=0
UVM_INFO apb_score_board.sv(125) @ 2360: uvm_test_top.env_h.sb_h [[SB]] [2360]WRITE PASS:mem[0xb]=0x94b1fedc
UVM_INFO apb_con_psel_seq.sv(42) @ 2365: uvm_test_top.env_h.act_agent_h.seqr_h@@con_psel_h [con_psel_seq] Dispalying From apb_con_psel_seq=--------------------------------------------------------------------------------------------------------
Name                           Type               Size  Value                                           
--------------------------------------------------------------------------------------------------------
seq_h                          apb_sequence_item  -     @6806                                           
  psel                         integral           1     'h0                                             
  continuous_psel              integral           1     'h1                                             
  penable                      integral           1     'h0                                             
  pready                       integral           1     'h0                                             
  paddr                        integral           32    'h91                                            
  pwrite                       integral           1     'h1                                             
  prdata                       integral           32    'h0                                             
  pwdata                       integral           32    'hdbd2beaa                                      
  pslverr                      integral           1     'h0                                             
  apb_state                    apb_state_e        2     ""                                              
  begin_time                   time               64    2365                                            
  depth                        int                32    'd2                                             
  parent sequence (name)       string             10    con_psel_h                                      
  parent sequence (full name)  string             48    uvm_test_top.env_h.act_agent_h.seqr_h.con_psel_h
  sequencer                    string             37    uvm_test_top.env_h.act_agent_h.seqr_h           
--------------------------------------------------------------------------------------------------------

UVM_INFO apb_driver.sv(48) @ 2365: uvm_test_top.env_h.act_agent_h.drv_h [DRIVER] Displaying from apb_driver=--------------------------------------------------------------------------------------------------------
Name                           Type               Size  Value                                           
--------------------------------------------------------------------------------------------------------
seq_h                          apb_sequence_item  -     @6806                                           
  psel                         integral           1     'h0                                             
  continuous_psel              integral           1     'h1                                             
  penable                      integral           1     'h0                                             
  pready                       integral           1     'h0                                             
  paddr                        integral           32    'h91                                            
  pwrite                       integral           1     'h1                                             
  prdata                       integral           32    'h0                                             
  pwdata                       integral           32    'hdbd2beaa                                      
  pslverr                      integral           1     'h0                                             
  apb_state                    apb_state_e        2     ""                                              
  begin_time                   time               64    2365                                            
  depth                        int                32    'd2                                             
  parent sequence (name)       string             10    con_psel_h                                      
  parent sequence (full name)  string             48    uvm_test_top.env_h.act_agent_h.seqr_h.con_psel_h
  sequencer                    string             37    uvm_test_top.env_h.act_agent_h.seqr_h           
--------------------------------------------------------------------------------------------------------

UVM_INFO apb_driver.sv(61) @ 2365: uvm_test_top.env_h.act_agent_h.drv_h [[DRV]] Entered SETUP State
UVM_ERROR apb_active_monitor.sv(53) @ 2370: uvm_test_top.env_h.act_agent_h.act_mon_h [[ACTIVE_MON]] 2370 :penable is not asserted after SETUP
UVM_ERROR apb_passive_monitor.sv(53) @ 2370: uvm_test_top.env_h.pas_agent_h.pas_mon_h [[PASSIVE_MON]] 2370 :penable is not asserted after SETUP
inside dut 145 3688021674
UVM_INFO apb_driver.sv(80) @ 2375: uvm_test_top.env_h.act_agent_h.drv_h [[DRV]] Entered ACCESS State
inside dut 145 3688021674
inside dut 145 3688021674
UVM_INFO apb_driver.sv(108) @ 2395: uvm_test_top.env_h.act_agent_h.drv_h [[DRV]] Pready occured at wait_count=1 145 3688021674
UVM_INFO apb_driver.sv(112) @ 2405: uvm_test_top.env_h.act_agent_h.drv_h [[DRV]] Transaction completed
UVM_INFO apb_driver.sv(115) @ 2405: uvm_test_top.env_h.act_agent_h.drv_h [[abc]] Transaction completed
UVM_ERROR @ 2405: uvm_test_top.env_h.act_agent_h.seqr_h@@con_psel_h [uvm_test_top.env_h.act_agent_h.seqr_h.con_psel_h] Response queue overflow, response was dropped
UVM_INFO apb_con_psel_seq.sv(37) @ 2405: uvm_test_top.env_h.act_agent_h.seqr_h@@con_psel_h [w_seq] Before Start item
UVM_INFO apb_score_board.sv(48) @ 2410: uvm_test_top.env_h.sb_h [[SB]] [ACTIVE] paddr=0x0 pwrite=0 pwdata=0x0 prdata=0x0 pslverr=0
UVM_INFO apb_active_monitor.sv(44) @ 2410: uvm_test_top.env_h.act_agent_h.act_mon_h [[ACTIVE_MON]] setup detected:::::- ------------------------------------------------------
Name               Type               Size  Value     
------------------------------------------------------
seq_h              apb_sequence_item  -     @6902     
  psel             integral           1     'h1       
  continuous_psel  integral           1     'h0       
  penable          integral           1     'h0       
  pready           integral           1     'h1       
  paddr            integral           32    'h91      
  pwrite           integral           1     'h1       
  prdata           integral           32    'h0       
  pwdata           integral           32    'hdbd2beaa
  pslverr          integral           1     'h0       
  apb_state        apb_state_e        2     IDLE      
------------------------------------------------------

UVM_INFO apb_score_board.sv(48) @ 2410: uvm_test_top.env_h.sb_h [[SB]] [ACTIVE] paddr=0x91 pwrite=1 pwdata=0xdbd2beaa prdata=0x0 pslverr=0
UVM_INFO apb_score_board.sv(58) @ 2410: uvm_test_top.env_h.sb_h [[SB]] [PASSIVE] paddr=0x0 pwrite=0 pwdata=0x0 prdata=0x0 pslverr=0
UVM_WARNING apb_score_board.sv(147) @ 2410: uvm_test_top.env_h.sb_h [[SB]] [2410] READ from uninitialised addr 0x0 --- no ref
UVM_INFO apb_passive_monitor.sv(44) @ 2410: uvm_test_top.env_h.pas_agent_h.pas_mon_h [[PASSIVE_MON]] setup detected:::::- ------------------------------------------------------
Name               Type               Size  Value     
------------------------------------------------------
seq_h              apb_sequence_item  -     @6928     
  psel             integral           1     'h1       
  continuous_psel  integral           1     'h0       
  penable          integral           1     'h0       
  pready           integral           1     'h1       
  paddr            integral           32    'h91      
  pwrite           integral           1     'h1       
  prdata           integral           32    'h0       
  pwdata           integral           32    'hdbd2beaa
  pslverr          integral           1     'h0       
  apb_state        apb_state_e        2     IDLE      
------------------------------------------------------

UVM_INFO apb_score_board.sv(58) @ 2410: uvm_test_top.env_h.sb_h [[SB]] [PASSIVE] paddr=0x91 pwrite=1 pwdata=0xdbd2beaa prdata=0x0 pslverr=0
UVM_INFO apb_score_board.sv(125) @ 2410: uvm_test_top.env_h.sb_h [[SB]] [2410]WRITE PASS:mem[0x91]=0xdbd2beaa
UVM_INFO apb_con_psel_seq.sv(42) @ 2415: uvm_test_top.env_h.act_agent_h.seqr_h@@con_psel_h [con_psel_seq] Dispalying From apb_con_psel_seq=--------------------------------------------------------------------------------------------------------
Name                           Type               Size  Value                                           
--------------------------------------------------------------------------------------------------------
seq_h                          apb_sequence_item  -     @6892                                           
  psel                         integral           1     'h0                                             
  continuous_psel              integral           1     'h1                                             
  penable                      integral           1     'h0                                             
  pready                       integral           1     'h0                                             
  paddr                        integral           32    'hc6                                            
  pwrite                       integral           1     'h0                                             
  prdata                       integral           32    'h0                                             
  pwdata                       integral           32    'hc3b27823                                      
  pslverr                      integral           1     'h0                                             
  apb_state                    apb_state_e        2     ""                                              
  begin_time                   time               64    2415                                            
  depth                        int                32    'd2                                             
  parent sequence (name)       string             10    con_psel_h                                      
  parent sequence (full name)  string             48    uvm_test_top.env_h.act_agent_h.seqr_h.con_psel_h
  sequencer                    string             37    uvm_test_top.env_h.act_agent_h.seqr_h           
--------------------------------------------------------------------------------------------------------

UVM_INFO apb_driver.sv(48) @ 2415: uvm_test_top.env_h.act_agent_h.drv_h [DRIVER] Displaying from apb_driver=--------------------------------------------------------------------------------------------------------
Name                           Type               Size  Value                                           
--------------------------------------------------------------------------------------------------------
seq_h                          apb_sequence_item  -     @6892                                           
  psel                         integral           1     'h0                                             
  continuous_psel              integral           1     'h1                                             
  penable                      integral           1     'h0                                             
  pready                       integral           1     'h0                                             
  paddr                        integral           32    'hc6                                            
  pwrite                       integral           1     'h0                                             
  prdata                       integral           32    'h0                                             
  pwdata                       integral           32    'hc3b27823                                      
  pslverr                      integral           1     'h0                                             
  apb_state                    apb_state_e        2     ""                                              
  begin_time                   time               64    2415                                            
  depth                        int                32    'd2                                             
  parent sequence (name)       string             10    con_psel_h                                      
  parent sequence (full name)  string             48    uvm_test_top.env_h.act_agent_h.seqr_h.con_psel_h
  sequencer                    string             37    uvm_test_top.env_h.act_agent_h.seqr_h           
--------------------------------------------------------------------------------------------------------

UVM_INFO apb_driver.sv(61) @ 2415: uvm_test_top.env_h.act_agent_h.drv_h [[DRV]] Entered SETUP State
UVM_ERROR apb_active_monitor.sv(53) @ 2420: uvm_test_top.env_h.act_agent_h.act_mon_h [[ACTIVE_MON]] 2420 :penable is not asserted after SETUP
UVM_ERROR apb_passive_monitor.sv(53) @ 2420: uvm_test_top.env_h.pas_agent_h.pas_mon_h [[PASSIVE_MON]] 2420 :penable is not asserted after SETUP
inside dut 198 3283253283
UVM_INFO apb_driver.sv(80) @ 2425: uvm_test_top.env_h.act_agent_h.drv_h [[DRV]] Entered ACCESS State
inside dut 198 3283253283
UVM_INFO apb_driver.sv(108) @ 2435: uvm_test_top.env_h.act_agent_h.drv_h [[DRV]] Pready occured at wait_count=0 198 3283253283
UVM_INFO apb_driver.sv(112) @ 2445: uvm_test_top.env_h.act_agent_h.drv_h [[DRV]] Transaction completed
UVM_INFO apb_driver.sv(115) @ 2445: uvm_test_top.env_h.act_agent_h.drv_h [[abc]] Transaction completed
UVM_ERROR @ 2445: uvm_test_top.env_h.act_agent_h.seqr_h@@con_psel_h [uvm_test_top.env_h.act_agent_h.seqr_h.con_psel_h] Response queue overflow, response was dropped
UVM_INFO apb_score_board.sv(48) @ 2450: uvm_test_top.env_h.sb_h [[SB]] [ACTIVE] paddr=0x0 pwrite=0 pwdata=0x0 prdata=0x0 pslverr=0
UVM_INFO apb_active_monitor.sv(44) @ 2450: uvm_test_top.env_h.act_agent_h.act_mon_h [[ACTIVE_MON]] setup detected:::::- ------------------------------------------------------
Name               Type               Size  Value     
------------------------------------------------------
seq_h              apb_sequence_item  -     @6980     
  psel             integral           1     'h1       
  continuous_psel  integral           1     'h0       
  penable          integral           1     'h0       
  pready           integral           1     'h1       
  paddr            integral           32    'hc6      
  pwrite           integral           1     'h0       
  prdata           integral           32    'h0       
  pwdata           integral           32    'hc3b27823
  pslverr          integral           1     'h0       
  apb_state        apb_state_e        2     IDLE      
------------------------------------------------------

UVM_INFO apb_score_board.sv(48) @ 2450: uvm_test_top.env_h.sb_h [[SB]] [ACTIVE] paddr=0xc6 pwrite=0 pwdata=0xc3b27823 prdata=0x0 pslverr=0
UVM_INFO apb_score_board.sv(58) @ 2450: uvm_test_top.env_h.sb_h [[SB]] [PASSIVE] paddr=0x0 pwrite=0 pwdata=0x0 prdata=0x0 pslverr=0
UVM_WARNING apb_score_board.sv(147) @ 2450: uvm_test_top.env_h.sb_h [[SB]] [2450] READ from uninitialised addr 0x0 --- no ref
UVM_INFO apb_passive_monitor.sv(44) @ 2450: uvm_test_top.env_h.pas_agent_h.pas_mon_h [[PASSIVE_MON]] setup detected:::::- ------------------------------------------------------
Name               Type               Size  Value     
------------------------------------------------------
seq_h              apb_sequence_item  -     @7006     
  psel             integral           1     'h1       
  continuous_psel  integral           1     'h0       
  penable          integral           1     'h0       
  pready           integral           1     'h1       
  paddr            integral           32    'hc6      
  pwrite           integral           1     'h0       
  prdata           integral           32    'h0       
  pwdata           integral           32    'hc3b27823
  pslverr          integral           1     'h0       
  apb_state        apb_state_e        2     IDLE      
------------------------------------------------------

UVM_INFO apb_score_board.sv(58) @ 2450: uvm_test_top.env_h.sb_h [[SB]] [PASSIVE] paddr=0xc6 pwrite=0 pwdata=0xc3b27823 prdata=0x0 pslverr=0
UVM_WARNING apb_score_board.sv(147) @ 2450: uvm_test_top.env_h.sb_h [[SB]] [2450] READ from uninitialised addr 0xc6 --- no ref
UVM_INFO apb_read_seq.sv(29) @ 2455: uvm_test_top.env_h.act_agent_h.seqr_h@@read_h [apb_read_seq] Dispalying From apb_read_seq=----------------------------------------------------------------------------------------------------
Name                           Type               Size  Value                                       
----------------------------------------------------------------------------------------------------
seq_h                          apb_sequence_item  -     @7038                                       
  psel                         integral           1     'h0                                         
  continuous_psel              integral           1     'h0                                         
  penable                      integral           1     'h0                                         
  pready                       integral           1     'h0                                         
  paddr                        integral           32    'hb4                                        
  pwrite                       integral           1     'h0                                         
  prdata                       integral           32    'h0                                         
  pwdata                       integral           32    'h8c6c5eb7                                  
  pslverr                      integral           1     'h0                                         
  apb_state                    apb_state_e        2     ""                                          
  begin_time                   time               64    2455                                        
  depth                        int                32    'd2                                         
  parent sequence (name)       string             6     read_h                                      
  parent sequence (full name)  string             44    uvm_test_top.env_h.act_agent_h.seqr_h.read_h
  sequencer                    string             37    uvm_test_top.env_h.act_agent_h.seqr_h       
----------------------------------------------------------------------------------------------------

UVM_INFO apb_driver.sv(48) @ 2455: uvm_test_top.env_h.act_agent_h.drv_h [DRIVER] Displaying from apb_driver=----------------------------------------------------------------------------------------------------
Name                           Type               Size  Value                                       
----------------------------------------------------------------------------------------------------
seq_h                          apb_sequence_item  -     @7038                                       
  psel                         integral           1     'h0                                         
  continuous_psel              integral           1     'h0                                         
  penable                      integral           1     'h0                                         
  pready                       integral           1     'h0                                         
  paddr                        integral           32    'hb4                                        
  pwrite                       integral           1     'h0                                         
  prdata                       integral           32    'h0                                         
  pwdata                       integral           32    'h8c6c5eb7                                  
  pslverr                      integral           1     'h0                                         
  apb_state                    apb_state_e        2     ""                                          
  begin_time                   time               64    2455                                        
  depth                        int                32    'd2                                         
  parent sequence (name)       string             6     read_h                                      
  parent sequence (full name)  string             44    uvm_test_top.env_h.act_agent_h.seqr_h.read_h
  sequencer                    string             37    uvm_test_top.env_h.act_agent_h.seqr_h       
----------------------------------------------------------------------------------------------------

UVM_INFO apb_driver.sv(61) @ 2455: uvm_test_top.env_h.act_agent_h.drv_h [[DRV]] Entered SETUP State
UVM_ERROR apb_active_monitor.sv(53) @ 2460: uvm_test_top.env_h.act_agent_h.act_mon_h [[ACTIVE_MON]] 2460 :penable is not asserted after SETUP
UVM_ERROR apb_passive_monitor.sv(53) @ 2460: uvm_test_top.env_h.pas_agent_h.pas_mon_h [[PASSIVE_MON]] 2460 :penable is not asserted after SETUP
UVM_INFO apb_driver.sv(80) @ 2465: uvm_test_top.env_h.act_agent_h.drv_h [[DRV]] Entered ACCESS State
UVM_INFO apb_driver.sv(108) @ 2475: uvm_test_top.env_h.act_agent_h.drv_h [[DRV]] Pready occured at wait_count=0 180 2355912375
UVM_INFO apb_driver.sv(112) @ 2485: uvm_test_top.env_h.act_agent_h.drv_h [[DRV]] Transaction completed
UVM_INFO apb_driver.sv(121) @ 2485: uvm_test_top.env_h.act_agent_h.drv_h [[abc1]] Transaction completed
UVM_INFO apb_driver.sv(122) @ 2485: uvm_test_top.env_h.act_agent_h.drv_h [[abc1]]  0
UVM_INFO apb_read_seq.sv(29) @ 2495: uvm_test_top.env_h.act_agent_h.seqr_h@@read_h [apb_read_seq] Dispalying From apb_read_seq=----------------------------------------------------------------------------------------------------
Name                           Type               Size  Value                                       
----------------------------------------------------------------------------------------------------
seq_h                          apb_sequence_item  -     @7066                                       
  psel                         integral           1     'h0                                         
  continuous_psel              integral           1     'h0                                         
  penable                      integral           1     'h0                                         
  pready                       integral           1     'h0                                         
  paddr                        integral           32    'hc2                                        
  pwrite                       integral           1     'h0                                         
  prdata                       integral           32    'h0                                         
  pwdata                       integral           32    'h4b17e738                                  
  pslverr                      integral           1     'h0                                         
  apb_state                    apb_state_e        2     ""                                          
  begin_time                   time               64    2495                                        
  depth                        int                32    'd2                                         
  parent sequence (name)       string             6     read_h                                      
  parent sequence (full name)  string             44    uvm_test_top.env_h.act_agent_h.seqr_h.read_h
  sequencer                    string             37    uvm_test_top.env_h.act_agent_h.seqr_h       
----------------------------------------------------------------------------------------------------

UVM_INFO apb_driver.sv(48) @ 2495: uvm_test_top.env_h.act_agent_h.drv_h [DRIVER] Displaying from apb_driver=----------------------------------------------------------------------------------------------------
Name                           Type               Size  Value                                       
----------------------------------------------------------------------------------------------------
seq_h                          apb_sequence_item  -     @7066                                       
  psel                         integral           1     'h0                                         
  continuous_psel              integral           1     'h0                                         
  penable                      integral           1     'h0                                         
  pready                       integral           1     'h0                                         
  paddr                        integral           32    'hc2                                        
  pwrite                       integral           1     'h0                                         
  prdata                       integral           32    'h0                                         
  pwdata                       integral           32    'h4b17e738                                  
  pslverr                      integral           1     'h0                                         
  apb_state                    apb_state_e        2     ""                                          
  begin_time                   time               64    2495                                        
  depth                        int                32    'd2                                         
  parent sequence (name)       string             6     read_h                                      
  parent sequence (full name)  string             44    uvm_test_top.env_h.act_agent_h.seqr_h.read_h
  sequencer                    string             37    uvm_test_top.env_h.act_agent_h.seqr_h       
----------------------------------------------------------------------------------------------------

UVM_INFO apb_driver.sv(61) @ 2495: uvm_test_top.env_h.act_agent_h.drv_h [[DRV]] Entered SETUP State
UVM_INFO apb_score_board.sv(48) @ 2500: uvm_test_top.env_h.sb_h [[SB]] [ACTIVE] paddr=0x0 pwrite=0 pwdata=0x0 prdata=0x0 pslverr=0
UVM_INFO apb_active_monitor.sv(44) @ 2500: uvm_test_top.env_h.act_agent_h.act_mon_h [[ACTIVE_MON]] setup detected:::::- ------------------------------------------------------
Name               Type               Size  Value     
------------------------------------------------------
seq_h              apb_sequence_item  -     @7080     
  psel             integral           1     'h1       
  continuous_psel  integral           1     'h0       
  penable          integral           1     'h0       
  pready           integral           1     'h0       
  paddr            integral           32    'hc2      
  pwrite           integral           1     'h0       
  prdata           integral           32    'h0       
  pwdata           integral           32    'h4b17e738
  pslverr          integral           1     'h0       
  apb_state        apb_state_e        2     IDLE      
------------------------------------------------------

UVM_INFO apb_score_board.sv(48) @ 2500: uvm_test_top.env_h.sb_h [[SB]] [ACTIVE] paddr=0xc2 pwrite=0 pwdata=0x4b17e738 prdata=0x0 pslverr=0
UVM_INFO apb_score_board.sv(58) @ 2500: uvm_test_top.env_h.sb_h [[SB]] [PASSIVE] paddr=0x0 pwrite=0 pwdata=0x0 prdata=0x0 pslverr=0
UVM_WARNING apb_score_board.sv(147) @ 2500: uvm_test_top.env_h.sb_h [[SB]] [2500] READ from uninitialised addr 0x0 --- no ref
UVM_INFO apb_passive_monitor.sv(44) @ 2500: uvm_test_top.env_h.pas_agent_h.pas_mon_h [[PASSIVE_MON]] setup detected:::::- ------------------------------------------------------
Name               Type               Size  Value     
------------------------------------------------------
seq_h              apb_sequence_item  -     @7106     
  psel             integral           1     'h1       
  continuous_psel  integral           1     'h0       
  penable          integral           1     'h0       
  pready           integral           1     'h0       
  paddr            integral           32    'hc2      
  pwrite           integral           1     'h0       
  prdata           integral           32    'h0       
  pwdata           integral           32    'h4b17e738
  pslverr          integral           1     'h0       
  apb_state        apb_state_e        2     IDLE      
------------------------------------------------------

UVM_INFO apb_score_board.sv(58) @ 2500: uvm_test_top.env_h.sb_h [[SB]] [PASSIVE] paddr=0xc2 pwrite=0 pwdata=0x4b17e738 prdata=0x0 pslverr=0
UVM_INFO apb_driver.sv(80) @ 2505: uvm_test_top.env_h.act_agent_h.drv_h [[DRV]] Entered ACCESS State
UVM_INFO apb_score_board.sv(48) @ 2510: uvm_test_top.env_h.sb_h [[SB]] [ACTIVE] paddr=0xc2 pwrite=0 pwdata=0x4b17e738 prdata=0x0 pslverr=0
UVM_INFO apb_score_board.sv(48) @ 2510: uvm_test_top.env_h.sb_h [[SB]] [ACTIVE] paddr=0xc2 pwrite=0 pwdata=0x4b17e738 prdata=0x0 pslverr=0
UVM_INFO apb_active_monitor.sv(69) @ 2510: uvm_test_top.env_h.act_agent_h.act_mon_h [[ACTIVE_MON]]  Transaction sent to scoreboard
UVM_INFO apb_score_board.sv(58) @ 2510: uvm_test_top.env_h.sb_h [[SB]] [PASSIVE] paddr=0xc2 pwrite=0 pwdata=0x4b17e738 prdata=0x0 pslverr=0
UVM_INFO apb_score_board.sv(58) @ 2510: uvm_test_top.env_h.sb_h [[SB]] [PASSIVE] paddr=0xc2 pwrite=0 pwdata=0x4b17e738 prdata=0x0 pslverr=0
UVM_INFO apb_passive_monitor.sv(69) @ 2510: uvm_test_top.env_h.pas_agent_h.pas_mon_h [[PASSIVE_MON]]  Transaction sent to scoreboard
UVM_INFO apb_driver.sv(108) @ 2515: uvm_test_top.env_h.act_agent_h.drv_h [[DRV]] Pready occured at wait_count=0 194 1259857720
UVM_INFO apb_driver.sv(112) @ 2525: uvm_test_top.env_h.act_agent_h.drv_h [[DRV]] Transaction completed
UVM_INFO apb_driver.sv(121) @ 2525: uvm_test_top.env_h.act_agent_h.drv_h [[abc1]] Transaction completed
UVM_INFO apb_driver.sv(122) @ 2525: uvm_test_top.env_h.act_agent_h.drv_h [[abc1]]  0
UVM_INFO apb_read_seq.sv(29) @ 2535: uvm_test_top.env_h.act_agent_h.seqr_h@@read_h [apb_read_seq] Dispalying From apb_read_seq=----------------------------------------------------------------------------------------------------
Name                           Type               Size  Value                                       
----------------------------------------------------------------------------------------------------
seq_h                          apb_sequence_item  -     @7188                                       
  psel                         integral           1     'h0                                         
  continuous_psel              integral           1     'h0                                         
  penable                      integral           1     'h0                                         
  pready                       integral           1     'h0                                         
  paddr                        integral           32    'h5f                                        
  pwrite                       integral           1     'h0                                         
  prdata                       integral           32    'h0                                         
  pwdata                       integral           32    'hd11eed41                                  
  pslverr                      integral           1     'h0                                         
  apb_state                    apb_state_e        2     ""                                          
  begin_time                   time               64    2535                                        
  depth                        int                32    'd2                                         
  parent sequence (name)       string             6     read_h                                      
  parent sequence (full name)  string             44    uvm_test_top.env_h.act_agent_h.seqr_h.read_h
  sequencer                    string             37    uvm_test_top.env_h.act_agent_h.seqr_h       
----------------------------------------------------------------------------------------------------

UVM_INFO apb_driver.sv(48) @ 2535: uvm_test_top.env_h.act_agent_h.drv_h [DRIVER] Displaying from apb_driver=----------------------------------------------------------------------------------------------------
Name                           Type               Size  Value                                       
----------------------------------------------------------------------------------------------------
seq_h                          apb_sequence_item  -     @7188                                       
  psel                         integral           1     'h0                                         
  continuous_psel              integral           1     'h0                                         
  penable                      integral           1     'h0                                         
  pready                       integral           1     'h0                                         
  paddr                        integral           32    'h5f                                        
  pwrite                       integral           1     'h0                                         
  prdata                       integral           32    'h0                                         
  pwdata                       integral           32    'hd11eed41                                  
  pslverr                      integral           1     'h0                                         
  apb_state                    apb_state_e        2     ""                                          
  begin_time                   time               64    2535                                        
  depth                        int                32    'd2                                         
  parent sequence (name)       string             6     read_h                                      
  parent sequence (full name)  string             44    uvm_test_top.env_h.act_agent_h.seqr_h.read_h
  sequencer                    string             37    uvm_test_top.env_h.act_agent_h.seqr_h       
----------------------------------------------------------------------------------------------------

UVM_INFO apb_driver.sv(61) @ 2535: uvm_test_top.env_h.act_agent_h.drv_h [[DRV]] Entered SETUP State
UVM_INFO apb_score_board.sv(48) @ 2540: uvm_test_top.env_h.sb_h [[SB]] [ACTIVE] paddr=0x0 pwrite=0 pwdata=0x0 prdata=0x0 pslverr=0
UVM_INFO apb_active_monitor.sv(44) @ 2540: uvm_test_top.env_h.act_agent_h.act_mon_h [[ACTIVE_MON]] setup detected:::::- ------------------------------------------------------
Name               Type               Size  Value     
------------------------------------------------------
seq_h              apb_sequence_item  -     @7202     
  psel             integral           1     'h1       
  continuous_psel  integral           1     'h0       
  penable          integral           1     'h0       
  pready           integral           1     'h1       
  paddr            integral           32    'h5f      
  pwrite           integral           1     'h0       
  prdata           integral           32    'h0       
  pwdata           integral           32    'hd11eed41
  pslverr          integral           1     'h0       
  apb_state        apb_state_e        2     IDLE      
------------------------------------------------------

UVM_INFO apb_score_board.sv(48) @ 2540: uvm_test_top.env_h.sb_h [[SB]] [ACTIVE] paddr=0x5f pwrite=0 pwdata=0xd11eed41 prdata=0x0 pslverr=0
UVM_INFO apb_score_board.sv(58) @ 2540: uvm_test_top.env_h.sb_h [[SB]] [PASSIVE] paddr=0x0 pwrite=0 pwdata=0x0 prdata=0x0 pslverr=0
UVM_WARNING apb_score_board.sv(147) @ 2540: uvm_test_top.env_h.sb_h [[SB]] [2540] READ from uninitialised addr 0x0 --- no ref
UVM_INFO apb_passive_monitor.sv(44) @ 2540: uvm_test_top.env_h.pas_agent_h.pas_mon_h [[PASSIVE_MON]] setup detected:::::- ------------------------------------------------------
Name               Type               Size  Value     
------------------------------------------------------
seq_h              apb_sequence_item  -     @7228     
  psel             integral           1     'h1       
  continuous_psel  integral           1     'h0       
  penable          integral           1     'h0       
  pready           integral           1     'h1       
  paddr            integral           32    'h5f      
  pwrite           integral           1     'h0       
  prdata           integral           32    'h0       
  pwdata           integral           32    'hd11eed41
  pslverr          integral           1     'h0       
  apb_state        apb_state_e        2     IDLE      
------------------------------------------------------

UVM_INFO apb_score_board.sv(58) @ 2540: uvm_test_top.env_h.sb_h [[SB]] [PASSIVE] paddr=0x5f pwrite=0 pwdata=0xd11eed41 prdata=0x0 pslverr=0
UVM_WARNING apb_score_board.sv(147) @ 2540: uvm_test_top.env_h.sb_h [[SB]] [2540] READ from uninitialised addr 0x5f --- no ref
UVM_INFO apb_driver.sv(80) @ 2545: uvm_test_top.env_h.act_agent_h.drv_h [[DRV]] Entered ACCESS State
UVM_INFO apb_score_board.sv(48) @ 2550: uvm_test_top.env_h.sb_h [[SB]] [ACTIVE] paddr=0x5f pwrite=0 pwdata=0xd11eed41 prdata=0x0 pslverr=0
UVM_INFO apb_score_board.sv(48) @ 2550: uvm_test_top.env_h.sb_h [[SB]] [ACTIVE] paddr=0x5f pwrite=0 pwdata=0xd11eed41 prdata=0x0 pslverr=0
UVM_INFO apb_active_monitor.sv(69) @ 2550: uvm_test_top.env_h.act_agent_h.act_mon_h [[ACTIVE_MON]]  Transaction sent to scoreboard
UVM_INFO apb_score_board.sv(58) @ 2550: uvm_test_top.env_h.sb_h [[SB]] [PASSIVE] paddr=0x5f pwrite=0 pwdata=0xd11eed41 prdata=0x0 pslverr=0
UVM_WARNING apb_score_board.sv(147) @ 2550: uvm_test_top.env_h.sb_h [[SB]] [2550] READ from uninitialised addr 0x5f --- no ref
UVM_INFO apb_score_board.sv(58) @ 2550: uvm_test_top.env_h.sb_h [[SB]] [PASSIVE] paddr=0x5f pwrite=0 pwdata=0xd11eed41 prdata=0x0 pslverr=0
UVM_WARNING apb_score_board.sv(147) @ 2550: uvm_test_top.env_h.sb_h [[SB]] [2550] READ from uninitialised addr 0x5f --- no ref
UVM_INFO apb_passive_monitor.sv(69) @ 2550: uvm_test_top.env_h.pas_agent_h.pas_mon_h [[PASSIVE_MON]]  Transaction sent to scoreboard
UVM_INFO apb_driver.sv(108) @ 2565: uvm_test_top.env_h.act_agent_h.drv_h [[DRV]] Pready occured at wait_count=1 95 3508464961
UVM_INFO apb_driver.sv(112) @ 2575: uvm_test_top.env_h.act_agent_h.drv_h [[DRV]] Transaction completed
UVM_INFO apb_driver.sv(121) @ 2575: uvm_test_top.env_h.act_agent_h.drv_h [[abc1]] Transaction completed
UVM_INFO apb_driver.sv(122) @ 2575: uvm_test_top.env_h.act_agent_h.drv_h [[abc1]]  0
UVM_INFO apb_read_seq.sv(29) @ 2585: uvm_test_top.env_h.act_agent_h.seqr_h@@read_h [apb_read_seq] Dispalying From apb_read_seq=----------------------------------------------------------------------------------------------------
Name                           Type               Size  Value                                       
----------------------------------------------------------------------------------------------------
seq_h                          apb_sequence_item  -     @7316                                       
  psel                         integral           1     'h0                                         
  continuous_psel              integral           1     'h0                                         
  penable                      integral           1     'h0                                         
  pready                       integral           1     'h0                                         
  paddr                        integral           32    'hfa                                        
  pwrite                       integral           1     'h0                                         
  prdata                       integral           32    'h0                                         
  pwdata                       integral           32    'he204cf2b                                  
  pslverr                      integral           1     'h0                                         
  apb_state                    apb_state_e        2     ""                                          
  begin_time                   time               64    2585                                        
  depth                        int                32    'd2                                         
  parent sequence (name)       string             6     read_h                                      
  parent sequence (full name)  string             44    uvm_test_top.env_h.act_agent_h.seqr_h.read_h
  sequencer                    string             37    uvm_test_top.env_h.act_agent_h.seqr_h       
----------------------------------------------------------------------------------------------------

UVM_INFO apb_driver.sv(48) @ 2585: uvm_test_top.env_h.act_agent_h.drv_h [DRIVER] Displaying from apb_driver=----------------------------------------------------------------------------------------------------
Name                           Type               Size  Value                                       
----------------------------------------------------------------------------------------------------
seq_h                          apb_sequence_item  -     @7316                                       
  psel                         integral           1     'h0                                         
  continuous_psel              integral           1     'h0                                         
  penable                      integral           1     'h0                                         
  pready                       integral           1     'h0                                         
  paddr                        integral           32    'hfa                                        
  pwrite                       integral           1     'h0                                         
  prdata                       integral           32    'h0                                         
  pwdata                       integral           32    'he204cf2b                                  
  pslverr                      integral           1     'h0                                         
  apb_state                    apb_state_e        2     ""                                          
  begin_time                   time               64    2585                                        
  depth                        int                32    'd2                                         
  parent sequence (name)       string             6     read_h                                      
  parent sequence (full name)  string             44    uvm_test_top.env_h.act_agent_h.seqr_h.read_h
  sequencer                    string             37    uvm_test_top.env_h.act_agent_h.seqr_h       
----------------------------------------------------------------------------------------------------

UVM_INFO apb_driver.sv(61) @ 2585: uvm_test_top.env_h.act_agent_h.drv_h [[DRV]] Entered SETUP State
UVM_INFO apb_score_board.sv(48) @ 2590: uvm_test_top.env_h.sb_h [[SB]] [ACTIVE] paddr=0x0 pwrite=0 pwdata=0x0 prdata=0x0 pslverr=0
UVM_INFO apb_active_monitor.sv(44) @ 2590: uvm_test_top.env_h.act_agent_h.act_mon_h [[ACTIVE_MON]] setup detected:::::- ------------------------------------------------------
Name               Type               Size  Value     
------------------------------------------------------
seq_h              apb_sequence_item  -     @7330     
  psel             integral           1     'h1       
  continuous_psel  integral           1     'h0       
  penable          integral           1     'h0       
  pready           integral           1     'h1       
  paddr            integral           32    'hfa      
  pwrite           integral           1     'h0       
  prdata           integral           32    'h0       
  pwdata           integral           32    'he204cf2b
  pslverr          integral           1     'h0       
  apb_state        apb_state_e        2     IDLE      
------------------------------------------------------

UVM_INFO apb_score_board.sv(48) @ 2590: uvm_test_top.env_h.sb_h [[SB]] [ACTIVE] paddr=0xfa pwrite=0 pwdata=0xe204cf2b prdata=0x0 pslverr=0
UVM_INFO apb_score_board.sv(58) @ 2590: uvm_test_top.env_h.sb_h [[SB]] [PASSIVE] paddr=0x0 pwrite=0 pwdata=0x0 prdata=0x0 pslverr=0
UVM_WARNING apb_score_board.sv(147) @ 2590: uvm_test_top.env_h.sb_h [[SB]] [2590] READ from uninitialised addr 0x0 --- no ref
UVM_INFO apb_passive_monitor.sv(44) @ 2590: uvm_test_top.env_h.pas_agent_h.pas_mon_h [[PASSIVE_MON]] setup detected:::::- ------------------------------------------------------
Name               Type               Size  Value     
------------------------------------------------------
seq_h              apb_sequence_item  -     @7356     
  psel             integral           1     'h1       
  continuous_psel  integral           1     'h0       
  penable          integral           1     'h0       
  pready           integral           1     'h1       
  paddr            integral           32    'hfa      
  pwrite           integral           1     'h0       
  prdata           integral           32    'h0       
  pwdata           integral           32    'he204cf2b
  pslverr          integral           1     'h0       
  apb_state        apb_state_e        2     IDLE      
------------------------------------------------------

UVM_INFO apb_score_board.sv(58) @ 2590: uvm_test_top.env_h.sb_h [[SB]] [PASSIVE] paddr=0xfa pwrite=0 pwdata=0xe204cf2b prdata=0x0 pslverr=0
UVM_WARNING apb_score_board.sv(147) @ 2590: uvm_test_top.env_h.sb_h [[SB]] [2590] READ from uninitialised addr 0xfa --- no ref
UVM_INFO apb_driver.sv(80) @ 2595: uvm_test_top.env_h.act_agent_h.drv_h [[DRV]] Entered ACCESS State
UVM_INFO apb_score_board.sv(48) @ 2600: uvm_test_top.env_h.sb_h [[SB]] [ACTIVE] paddr=0xfa pwrite=0 pwdata=0xe204cf2b prdata=0x0 pslverr=0
UVM_INFO apb_score_board.sv(58) @ 2600: uvm_test_top.env_h.sb_h [[SB]] [PASSIVE] paddr=0xfa pwrite=0 pwdata=0xe204cf2b prdata=0x0 pslverr=0
UVM_WARNING apb_score_board.sv(147) @ 2600: uvm_test_top.env_h.sb_h [[SB]] [2600] READ from uninitialised addr 0xfa --- no ref
UVM_INFO apb_driver.sv(108) @ 2635: uvm_test_top.env_h.act_agent_h.drv_h [[DRV]] Pready occured at wait_count=3 250 3791965995
UVM_INFO apb_score_board.sv(48) @ 2640: uvm_test_top.env_h.sb_h [[SB]] [ACTIVE] paddr=0xfa pwrite=0 pwdata=0xe204cf2b prdata=0xfa pslverr=0
UVM_INFO apb_active_monitor.sv(69) @ 2640: uvm_test_top.env_h.act_agent_h.act_mon_h [[ACTIVE_MON]]  Transaction sent to scoreboard
UVM_INFO apb_score_board.sv(58) @ 2640: uvm_test_top.env_h.sb_h [[SB]] [PASSIVE] paddr=0xfa pwrite=0 pwdata=0xe204cf2b prdata=0xfa pslverr=0
UVM_WARNING apb_score_board.sv(147) @ 2640: uvm_test_top.env_h.sb_h [[SB]] [2640] READ from uninitialised addr 0xfa --- no ref
UVM_INFO apb_passive_monitor.sv(69) @ 2640: uvm_test_top.env_h.pas_agent_h.pas_mon_h [[PASSIVE_MON]]  Transaction sent to scoreboard
UVM_INFO apb_driver.sv(112) @ 2645: uvm_test_top.env_h.act_agent_h.drv_h [[DRV]] Transaction completed
UVM_INFO apb_driver.sv(121) @ 2645: uvm_test_top.env_h.act_agent_h.drv_h [[abc1]] Transaction completed
UVM_INFO apb_driver.sv(122) @ 2645: uvm_test_top.env_h.act_agent_h.drv_h [[abc1]]  0
UVM_INFO apb_read_seq.sv(29) @ 2655: uvm_test_top.env_h.act_agent_h.seqr_h@@read_h [apb_read_seq] Dispalying From apb_read_seq=----------------------------------------------------------------------------------------------------
Name                           Type               Size  Value                                       
----------------------------------------------------------------------------------------------------
seq_h                          apb_sequence_item  -     @7444                                       
  psel                         integral           1     'h0                                         
  continuous_psel              integral           1     'h0                                         
  penable                      integral           1     'h0                                         
  pready                       integral           1     'h0                                         
  paddr                        integral           32    'h55                                        
  pwrite                       integral           1     'h0                                         
  prdata                       integral           32    'h0                                         
  pwdata                       integral           32    'hc9576f2d                                  
  pslverr                      integral           1     'h0                                         
  apb_state                    apb_state_e        2     ""                                          
  begin_time                   time               64    2655                                        
  depth                        int                32    'd2                                         
  parent sequence (name)       string             6     read_h                                      
  parent sequence (full name)  string             44    uvm_test_top.env_h.act_agent_h.seqr_h.read_h
  sequencer                    string             37    uvm_test_top.env_h.act_agent_h.seqr_h       
----------------------------------------------------------------------------------------------------

UVM_INFO apb_driver.sv(48) @ 2655: uvm_test_top.env_h.act_agent_h.drv_h [DRIVER] Displaying from apb_driver=----------------------------------------------------------------------------------------------------
Name                           Type               Size  Value                                       
----------------------------------------------------------------------------------------------------
seq_h                          apb_sequence_item  -     @7444                                       
  psel                         integral           1     'h0                                         
  continuous_psel              integral           1     'h0                                         
  penable                      integral           1     'h0                                         
  pready                       integral           1     'h0                                         
  paddr                        integral           32    'h55                                        
  pwrite                       integral           1     'h0                                         
  prdata                       integral           32    'h0                                         
  pwdata                       integral           32    'hc9576f2d                                  
  pslverr                      integral           1     'h0                                         
  apb_state                    apb_state_e        2     ""                                          
  begin_time                   time               64    2655                                        
  depth                        int                32    'd2                                         
  parent sequence (name)       string             6     read_h                                      
  parent sequence (full name)  string             44    uvm_test_top.env_h.act_agent_h.seqr_h.read_h
  sequencer                    string             37    uvm_test_top.env_h.act_agent_h.seqr_h       
----------------------------------------------------------------------------------------------------

UVM_INFO apb_driver.sv(61) @ 2655: uvm_test_top.env_h.act_agent_h.drv_h [[DRV]] Entered SETUP State
UVM_INFO apb_score_board.sv(48) @ 2660: uvm_test_top.env_h.sb_h [[SB]] [ACTIVE] paddr=0x0 pwrite=0 pwdata=0x0 prdata=0x0 pslverr=0
UVM_INFO apb_active_monitor.sv(44) @ 2660: uvm_test_top.env_h.act_agent_h.act_mon_h [[ACTIVE_MON]] setup detected:::::- ------------------------------------------------------
Name               Type               Size  Value     
------------------------------------------------------
seq_h              apb_sequence_item  -     @7458     
  psel             integral           1     'h1       
  continuous_psel  integral           1     'h0       
  penable          integral           1     'h0       
  pready           integral           1     'h1       
  paddr            integral           32    'h55      
  pwrite           integral           1     'h0       
  prdata           integral           32    'h0       
  pwdata           integral           32    'hc9576f2d
  pslverr          integral           1     'h0       
  apb_state        apb_state_e        2     IDLE      
------------------------------------------------------

UVM_INFO apb_score_board.sv(48) @ 2660: uvm_test_top.env_h.sb_h [[SB]] [ACTIVE] paddr=0x55 pwrite=0 pwdata=0xc9576f2d prdata=0x0 pslverr=0
UVM_INFO apb_score_board.sv(58) @ 2660: uvm_test_top.env_h.sb_h [[SB]] [PASSIVE] paddr=0x0 pwrite=0 pwdata=0x0 prdata=0x0 pslverr=0
UVM_WARNING apb_score_board.sv(147) @ 2660: uvm_test_top.env_h.sb_h [[SB]] [2660] READ from uninitialised addr 0x0 --- no ref
UVM_INFO apb_passive_monitor.sv(44) @ 2660: uvm_test_top.env_h.pas_agent_h.pas_mon_h [[PASSIVE_MON]] setup detected:::::- ------------------------------------------------------
Name               Type               Size  Value     
------------------------------------------------------
seq_h              apb_sequence_item  -     @7484     
  psel             integral           1     'h1       
  continuous_psel  integral           1     'h0       
  penable          integral           1     'h0       
  pready           integral           1     'h1       
  paddr            integral           32    'h55      
  pwrite           integral           1     'h0       
  prdata           integral           32    'h0       
  pwdata           integral           32    'hc9576f2d
  pslverr          integral           1     'h0       
  apb_state        apb_state_e        2     IDLE      
------------------------------------------------------

UVM_INFO apb_score_board.sv(58) @ 2660: uvm_test_top.env_h.sb_h [[SB]] [PASSIVE] paddr=0x55 pwrite=0 pwdata=0xc9576f2d prdata=0x0 pslverr=0
UVM_WARNING apb_score_board.sv(147) @ 2660: uvm_test_top.env_h.sb_h [[SB]] [2660] READ from uninitialised addr 0x55 --- no ref
UVM_INFO apb_driver.sv(80) @ 2665: uvm_test_top.env_h.act_agent_h.drv_h [[DRV]] Entered ACCESS State
UVM_INFO apb_score_board.sv(48) @ 2670: uvm_test_top.env_h.sb_h [[SB]] [ACTIVE] paddr=0x55 pwrite=0 pwdata=0xc9576f2d prdata=0x0 pslverr=0
UVM_INFO apb_score_board.sv(58) @ 2670: uvm_test_top.env_h.sb_h [[SB]] [PASSIVE] paddr=0x55 pwrite=0 pwdata=0xc9576f2d prdata=0x0 pslverr=0
UVM_WARNING apb_score_board.sv(147) @ 2670: uvm_test_top.env_h.sb_h [[SB]] [2670] READ from uninitialised addr 0x55 --- no ref
UVM_INFO apb_driver.sv(108) @ 2675: uvm_test_top.env_h.act_agent_h.drv_h [[DRV]] Pready occured at wait_count=0 85 3377950509
UVM_INFO apb_score_board.sv(48) @ 2680: uvm_test_top.env_h.sb_h [[SB]] [ACTIVE] paddr=0x55 pwrite=0 pwdata=0xc9576f2d prdata=0x55 pslverr=0
UVM_INFO apb_active_monitor.sv(69) @ 2680: uvm_test_top.env_h.act_agent_h.act_mon_h [[ACTIVE_MON]]  Transaction sent to scoreboard
UVM_INFO apb_score_board.sv(58) @ 2680: uvm_test_top.env_h.sb_h [[SB]] [PASSIVE] paddr=0x55 pwrite=0 pwdata=0xc9576f2d prdata=0x55 pslverr=0
UVM_WARNING apb_score_board.sv(147) @ 2680: uvm_test_top.env_h.sb_h [[SB]] [2680] READ from uninitialised addr 0x55 --- no ref
UVM_INFO apb_passive_monitor.sv(69) @ 2680: uvm_test_top.env_h.pas_agent_h.pas_mon_h [[PASSIVE_MON]]  Transaction sent to scoreboard
UVM_INFO apb_driver.sv(112) @ 2685: uvm_test_top.env_h.act_agent_h.drv_h [[DRV]] Transaction completed
UVM_INFO apb_driver.sv(121) @ 2685: uvm_test_top.env_h.act_agent_h.drv_h [[abc1]] Transaction completed
UVM_INFO apb_driver.sv(122) @ 2685: uvm_test_top.env_h.act_agent_h.drv_h [[abc1]]  0
UVM_INFO apb_read_seq.sv(29) @ 2695: uvm_test_top.env_h.act_agent_h.seqr_h@@read_h [apb_read_seq] Dispalying From apb_read_seq=----------------------------------------------------------------------------------------------------
Name                           Type               Size  Value                                       
----------------------------------------------------------------------------------------------------
seq_h                          apb_sequence_item  -     @7572                                       
  psel                         integral           1     'h0                                         
  continuous_psel              integral           1     'h0                                         
  penable                      integral           1     'h0                                         
  pready                       integral           1     'h0                                         
  paddr                        integral           32    'hdf                                        
  pwrite                       integral           1     'h0                                         
  prdata                       integral           32    'h0                                         
  pwdata                       integral           32    'hb5b52e09                                  
  pslverr                      integral           1     'h0                                         
  apb_state                    apb_state_e        2     ""                                          
  begin_time                   time               64    2695                                        
  depth                        int                32    'd2                                         
  parent sequence (name)       string             6     read_h                                      
  parent sequence (full name)  string             44    uvm_test_top.env_h.act_agent_h.seqr_h.read_h
  sequencer                    string             37    uvm_test_top.env_h.act_agent_h.seqr_h       
----------------------------------------------------------------------------------------------------

UVM_INFO apb_driver.sv(48) @ 2695: uvm_test_top.env_h.act_agent_h.drv_h [DRIVER] Displaying from apb_driver=----------------------------------------------------------------------------------------------------
Name                           Type               Size  Value                                       
----------------------------------------------------------------------------------------------------
seq_h                          apb_sequence_item  -     @7572                                       
  psel                         integral           1     'h0                                         
  continuous_psel              integral           1     'h0                                         
  penable                      integral           1     'h0                                         
  pready                       integral           1     'h0                                         
  paddr                        integral           32    'hdf                                        
  pwrite                       integral           1     'h0                                         
  prdata                       integral           32    'h0                                         
  pwdata                       integral           32    'hb5b52e09                                  
  pslverr                      integral           1     'h0                                         
  apb_state                    apb_state_e        2     ""                                          
  begin_time                   time               64    2695                                        
  depth                        int                32    'd2                                         
  parent sequence (name)       string             6     read_h                                      
  parent sequence (full name)  string             44    uvm_test_top.env_h.act_agent_h.seqr_h.read_h
  sequencer                    string             37    uvm_test_top.env_h.act_agent_h.seqr_h       
----------------------------------------------------------------------------------------------------

UVM_INFO apb_driver.sv(61) @ 2695: uvm_test_top.env_h.act_agent_h.drv_h [[DRV]] Entered SETUP State
UVM_INFO apb_score_board.sv(48) @ 2700: uvm_test_top.env_h.sb_h [[SB]] [ACTIVE] paddr=0x0 pwrite=0 pwdata=0x0 prdata=0x0 pslverr=0
UVM_INFO apb_active_monitor.sv(44) @ 2700: uvm_test_top.env_h.act_agent_h.act_mon_h [[ACTIVE_MON]] setup detected:::::- ------------------------------------------------------
Name               Type               Size  Value     
------------------------------------------------------
seq_h              apb_sequence_item  -     @7586     
  psel             integral           1     'h1       
  continuous_psel  integral           1     'h0       
  penable          integral           1     'h0       
  pready           integral           1     'h1       
  paddr            integral           32    'hdf      
  pwrite           integral           1     'h0       
  prdata           integral           32    'h0       
  pwdata           integral           32    'hb5b52e09
  pslverr          integral           1     'h0       
  apb_state        apb_state_e        2     IDLE      
------------------------------------------------------

UVM_INFO apb_score_board.sv(48) @ 2700: uvm_test_top.env_h.sb_h [[SB]] [ACTIVE] paddr=0xdf pwrite=0 pwdata=0xb5b52e09 prdata=0x0 pslverr=0
UVM_INFO apb_score_board.sv(58) @ 2700: uvm_test_top.env_h.sb_h [[SB]] [PASSIVE] paddr=0x0 pwrite=0 pwdata=0x0 prdata=0x0 pslverr=0
UVM_WARNING apb_score_board.sv(147) @ 2700: uvm_test_top.env_h.sb_h [[SB]] [2700] READ from uninitialised addr 0x0 --- no ref
UVM_INFO apb_passive_monitor.sv(44) @ 2700: uvm_test_top.env_h.pas_agent_h.pas_mon_h [[PASSIVE_MON]] setup detected:::::- ------------------------------------------------------
Name               Type               Size  Value     
------------------------------------------------------
seq_h              apb_sequence_item  -     @7612     
  psel             integral           1     'h1       
  continuous_psel  integral           1     'h0       
  penable          integral           1     'h0       
  pready           integral           1     'h1       
  paddr            integral           32    'hdf      
  pwrite           integral           1     'h0       
  prdata           integral           32    'h0       
  pwdata           integral           32    'hb5b52e09
  pslverr          integral           1     'h0       
  apb_state        apb_state_e        2     IDLE      
------------------------------------------------------

UVM_INFO apb_score_board.sv(58) @ 2700: uvm_test_top.env_h.sb_h [[SB]] [PASSIVE] paddr=0xdf pwrite=0 pwdata=0xb5b52e09 prdata=0x0 pslverr=0
UVM_WARNING apb_score_board.sv(147) @ 2700: uvm_test_top.env_h.sb_h [[SB]] [2700] READ from uninitialised addr 0xdf --- no ref
UVM_INFO apb_driver.sv(80) @ 2705: uvm_test_top.env_h.act_agent_h.drv_h [[DRV]] Entered ACCESS State
UVM_INFO apb_score_board.sv(48) @ 2710: uvm_test_top.env_h.sb_h [[SB]] [ACTIVE] paddr=0xdf pwrite=0 pwdata=0xb5b52e09 prdata=0x0 pslverr=0
UVM_INFO apb_score_board.sv(58) @ 2710: uvm_test_top.env_h.sb_h [[SB]] [PASSIVE] paddr=0xdf pwrite=0 pwdata=0xb5b52e09 prdata=0x0 pslverr=0
UVM_WARNING apb_score_board.sv(147) @ 2710: uvm_test_top.env_h.sb_h [[SB]] [2710] READ from uninitialised addr 0xdf --- no ref
UVM_INFO apb_driver.sv(108) @ 2725: uvm_test_top.env_h.act_agent_h.drv_h [[DRV]] Pready occured at wait_count=1 223 3048549897
UVM_INFO apb_score_board.sv(48) @ 2730: uvm_test_top.env_h.sb_h [[SB]] [ACTIVE] paddr=0xdf pwrite=0 pwdata=0xb5b52e09 prdata=0xdf pslverr=0
UVM_INFO apb_active_monitor.sv(69) @ 2730: uvm_test_top.env_h.act_agent_h.act_mon_h [[ACTIVE_MON]]  Transaction sent to scoreboard
UVM_INFO apb_score_board.sv(58) @ 2730: uvm_test_top.env_h.sb_h [[SB]] [PASSIVE] paddr=0xdf pwrite=0 pwdata=0xb5b52e09 prdata=0xdf pslverr=0
UVM_WARNING apb_score_board.sv(147) @ 2730: uvm_test_top.env_h.sb_h [[SB]] [2730] READ from uninitialised addr 0xdf --- no ref
UVM_INFO apb_passive_monitor.sv(69) @ 2730: uvm_test_top.env_h.pas_agent_h.pas_mon_h [[PASSIVE_MON]]  Transaction sent to scoreboard
UVM_INFO apb_driver.sv(112) @ 2735: uvm_test_top.env_h.act_agent_h.drv_h [[DRV]] Transaction completed
UVM_INFO apb_driver.sv(121) @ 2735: uvm_test_top.env_h.act_agent_h.drv_h [[abc1]] Transaction completed
UVM_INFO apb_driver.sv(122) @ 2735: uvm_test_top.env_h.act_agent_h.drv_h [[abc1]]  0
UVM_INFO apb_read_seq.sv(29) @ 2745: uvm_test_top.env_h.act_agent_h.seqr_h@@read_h [apb_read_seq] Dispalying From apb_read_seq=----------------------------------------------------------------------------------------------------
Name                           Type               Size  Value                                       
----------------------------------------------------------------------------------------------------
seq_h                          apb_sequence_item  -     @7700                                       
  psel                         integral           1     'h0                                         
  continuous_psel              integral           1     'h0                                         
  penable                      integral           1     'h0                                         
  pready                       integral           1     'h0                                         
  paddr                        integral           32    'ha8                                        
  pwrite                       integral           1     'h0                                         
  prdata                       integral           32    'h0                                         
  pwdata                       integral           32    'hf20e1df9                                  
  pslverr                      integral           1     'h0                                         
  apb_state                    apb_state_e        2     ""                                          
  begin_time                   time               64    2745                                        
  depth                        int                32    'd2                                         
  parent sequence (name)       string             6     read_h                                      
  parent sequence (full name)  string             44    uvm_test_top.env_h.act_agent_h.seqr_h.read_h
  sequencer                    string             37    uvm_test_top.env_h.act_agent_h.seqr_h       
----------------------------------------------------------------------------------------------------

UVM_INFO apb_driver.sv(48) @ 2745: uvm_test_top.env_h.act_agent_h.drv_h [DRIVER] Displaying from apb_driver=----------------------------------------------------------------------------------------------------
Name                           Type               Size  Value                                       
----------------------------------------------------------------------------------------------------
seq_h                          apb_sequence_item  -     @7700                                       
  psel                         integral           1     'h0                                         
  continuous_psel              integral           1     'h0                                         
  penable                      integral           1     'h0                                         
  pready                       integral           1     'h0                                         
  paddr                        integral           32    'ha8                                        
  pwrite                       integral           1     'h0                                         
  prdata                       integral           32    'h0                                         
  pwdata                       integral           32    'hf20e1df9                                  
  pslverr                      integral           1     'h0                                         
  apb_state                    apb_state_e        2     ""                                          
  begin_time                   time               64    2745                                        
  depth                        int                32    'd2                                         
  parent sequence (name)       string             6     read_h                                      
  parent sequence (full name)  string             44    uvm_test_top.env_h.act_agent_h.seqr_h.read_h
  sequencer                    string             37    uvm_test_top.env_h.act_agent_h.seqr_h       
----------------------------------------------------------------------------------------------------

UVM_INFO apb_driver.sv(61) @ 2745: uvm_test_top.env_h.act_agent_h.drv_h [[DRV]] Entered SETUP State
UVM_INFO apb_score_board.sv(48) @ 2750: uvm_test_top.env_h.sb_h [[SB]] [ACTIVE] paddr=0x0 pwrite=0 pwdata=0x0 prdata=0x0 pslverr=0
UVM_INFO apb_active_monitor.sv(44) @ 2750: uvm_test_top.env_h.act_agent_h.act_mon_h [[ACTIVE_MON]] setup detected:::::- ------------------------------------------------------
Name               Type               Size  Value     
------------------------------------------------------
seq_h              apb_sequence_item  -     @7714     
  psel             integral           1     'h1       
  continuous_psel  integral           1     'h0       
  penable          integral           1     'h0       
  pready           integral           1     'h1       
  paddr            integral           32    'ha8      
  pwrite           integral           1     'h0       
  prdata           integral           32    'h0       
  pwdata           integral           32    'hf20e1df9
  pslverr          integral           1     'h0       
  apb_state        apb_state_e        2     IDLE      
------------------------------------------------------

UVM_INFO apb_score_board.sv(48) @ 2750: uvm_test_top.env_h.sb_h [[SB]] [ACTIVE] paddr=0xa8 pwrite=0 pwdata=0xf20e1df9 prdata=0x0 pslverr=0
UVM_INFO apb_score_board.sv(58) @ 2750: uvm_test_top.env_h.sb_h [[SB]] [PASSIVE] paddr=0x0 pwrite=0 pwdata=0x0 prdata=0x0 pslverr=0
UVM_WARNING apb_score_board.sv(147) @ 2750: uvm_test_top.env_h.sb_h [[SB]] [2750] READ from uninitialised addr 0x0 --- no ref
UVM_INFO apb_passive_monitor.sv(44) @ 2750: uvm_test_top.env_h.pas_agent_h.pas_mon_h [[PASSIVE_MON]] setup detected:::::- ------------------------------------------------------
Name               Type               Size  Value     
------------------------------------------------------
seq_h              apb_sequence_item  -     @7740     
  psel             integral           1     'h1       
  continuous_psel  integral           1     'h0       
  penable          integral           1     'h0       
  pready           integral           1     'h1       
  paddr            integral           32    'ha8      
  pwrite           integral           1     'h0       
  prdata           integral           32    'h0       
  pwdata           integral           32    'hf20e1df9
  pslverr          integral           1     'h0       
  apb_state        apb_state_e        2     IDLE      
------------------------------------------------------

UVM_INFO apb_score_board.sv(58) @ 2750: uvm_test_top.env_h.sb_h [[SB]] [PASSIVE] paddr=0xa8 pwrite=0 pwdata=0xf20e1df9 prdata=0x0 pslverr=0
UVM_INFO apb_driver.sv(80) @ 2755: uvm_test_top.env_h.act_agent_h.drv_h [[DRV]] Entered ACCESS State
UVM_INFO apb_score_board.sv(48) @ 2760: uvm_test_top.env_h.sb_h [[SB]] [ACTIVE] paddr=0xa8 pwrite=0 pwdata=0xf20e1df9 prdata=0x0 pslverr=0
UVM_INFO apb_score_board.sv(48) @ 2760: uvm_test_top.env_h.sb_h [[SB]] [ACTIVE] paddr=0xa8 pwrite=0 pwdata=0xf20e1df9 prdata=0x0 pslverr=0
UVM_INFO apb_active_monitor.sv(69) @ 2760: uvm_test_top.env_h.act_agent_h.act_mon_h [[ACTIVE_MON]]  Transaction sent to scoreboard
UVM_INFO apb_score_board.sv(58) @ 2760: uvm_test_top.env_h.sb_h [[SB]] [PASSIVE] paddr=0xa8 pwrite=0 pwdata=0xf20e1df9 prdata=0x0 pslverr=0
UVM_INFO apb_score_board.sv(58) @ 2760: uvm_test_top.env_h.sb_h [[SB]] [PASSIVE] paddr=0xa8 pwrite=0 pwdata=0xf20e1df9 prdata=0x0 pslverr=0
UVM_INFO apb_passive_monitor.sv(69) @ 2760: uvm_test_top.env_h.pas_agent_h.pas_mon_h [[PASSIVE_MON]]  Transaction sent to scoreboard
UVM_INFO apb_driver.sv(108) @ 2765: uvm_test_top.env_h.act_agent_h.drv_h [[DRV]] Pready occured at wait_count=0 168 4061011449
UVM_INFO apb_driver.sv(112) @ 2775: uvm_test_top.env_h.act_agent_h.drv_h [[DRV]] Transaction completed
UVM_INFO apb_driver.sv(121) @ 2775: uvm_test_top.env_h.act_agent_h.drv_h [[abc1]] Transaction completed
UVM_INFO apb_driver.sv(122) @ 2775: uvm_test_top.env_h.act_agent_h.drv_h [[abc1]]  0
UVM_INFO apb_read_seq.sv(29) @ 2785: uvm_test_top.env_h.act_agent_h.seqr_h@@read_h [apb_read_seq] Dispalying From apb_read_seq=----------------------------------------------------------------------------------------------------
Name                           Type               Size  Value                                       
----------------------------------------------------------------------------------------------------
seq_h                          apb_sequence_item  -     @7822                                       
  psel                         integral           1     'h0                                         
  continuous_psel              integral           1     'h0                                         
  penable                      integral           1     'h0                                         
  pready                       integral           1     'h0                                         
  paddr                        integral           32    'hac                                        
  pwrite                       integral           1     'h0                                         
  prdata                       integral           32    'h0                                         
  pwdata                       integral           32    'hd3990396                                  
  pslverr                      integral           1     'h0                                         
  apb_state                    apb_state_e        2     ""                                          
  begin_time                   time               64    2785                                        
  depth                        int                32    'd2                                         
  parent sequence (name)       string             6     read_h                                      
  parent sequence (full name)  string             44    uvm_test_top.env_h.act_agent_h.seqr_h.read_h
  sequencer                    string             37    uvm_test_top.env_h.act_agent_h.seqr_h       
----------------------------------------------------------------------------------------------------

UVM_INFO apb_driver.sv(48) @ 2785: uvm_test_top.env_h.act_agent_h.drv_h [DRIVER] Displaying from apb_driver=----------------------------------------------------------------------------------------------------
Name                           Type               Size  Value                                       
----------------------------------------------------------------------------------------------------
seq_h                          apb_sequence_item  -     @7822                                       
  psel                         integral           1     'h0                                         
  continuous_psel              integral           1     'h0                                         
  penable                      integral           1     'h0                                         
  pready                       integral           1     'h0                                         
  paddr                        integral           32    'hac                                        
  pwrite                       integral           1     'h0                                         
  prdata                       integral           32    'h0                                         
  pwdata                       integral           32    'hd3990396                                  
  pslverr                      integral           1     'h0                                         
  apb_state                    apb_state_e        2     ""                                          
  begin_time                   time               64    2785                                        
  depth                        int                32    'd2                                         
  parent sequence (name)       string             6     read_h                                      
  parent sequence (full name)  string             44    uvm_test_top.env_h.act_agent_h.seqr_h.read_h
  sequencer                    string             37    uvm_test_top.env_h.act_agent_h.seqr_h       
----------------------------------------------------------------------------------------------------

UVM_INFO apb_driver.sv(61) @ 2785: uvm_test_top.env_h.act_agent_h.drv_h [[DRV]] Entered SETUP State
UVM_INFO apb_score_board.sv(48) @ 2790: uvm_test_top.env_h.sb_h [[SB]] [ACTIVE] paddr=0x0 pwrite=0 pwdata=0x0 prdata=0x0 pslverr=0
UVM_INFO apb_active_monitor.sv(44) @ 2790: uvm_test_top.env_h.act_agent_h.act_mon_h [[ACTIVE_MON]] setup detected:::::- ------------------------------------------------------
Name               Type               Size  Value     
------------------------------------------------------
seq_h              apb_sequence_item  -     @7836     
  psel             integral           1     'h1       
  continuous_psel  integral           1     'h0       
  penable          integral           1     'h0       
  pready           integral           1     'h1       
  paddr            integral           32    'hac      
  pwrite           integral           1     'h0       
  prdata           integral           32    'h0       
  pwdata           integral           32    'hd3990396
  pslverr          integral           1     'h0       
  apb_state        apb_state_e        2     IDLE      
------------------------------------------------------

UVM_INFO apb_score_board.sv(48) @ 2790: uvm_test_top.env_h.sb_h [[SB]] [ACTIVE] paddr=0xac pwrite=0 pwdata=0xd3990396 prdata=0x0 pslverr=0
UVM_INFO apb_score_board.sv(58) @ 2790: uvm_test_top.env_h.sb_h [[SB]] [PASSIVE] paddr=0x0 pwrite=0 pwdata=0x0 prdata=0x0 pslverr=0
UVM_WARNING apb_score_board.sv(147) @ 2790: uvm_test_top.env_h.sb_h [[SB]] [2790] READ from uninitialised addr 0x0 --- no ref
UVM_INFO apb_passive_monitor.sv(44) @ 2790: uvm_test_top.env_h.pas_agent_h.pas_mon_h [[PASSIVE_MON]] setup detected:::::- ------------------------------------------------------
Name               Type               Size  Value     
------------------------------------------------------
seq_h              apb_sequence_item  -     @7862     
  psel             integral           1     'h1       
  continuous_psel  integral           1     'h0       
  penable          integral           1     'h0       
  pready           integral           1     'h1       
  paddr            integral           32    'hac      
  pwrite           integral           1     'h0       
  prdata           integral           32    'h0       
  pwdata           integral           32    'hd3990396
  pslverr          integral           1     'h0       
  apb_state        apb_state_e        2     IDLE      
------------------------------------------------------

UVM_INFO apb_score_board.sv(58) @ 2790: uvm_test_top.env_h.sb_h [[SB]] [PASSIVE] paddr=0xac pwrite=0 pwdata=0xd3990396 prdata=0x0 pslverr=0
UVM_WARNING apb_score_board.sv(147) @ 2790: uvm_test_top.env_h.sb_h [[SB]] [2790] READ from uninitialised addr 0xac --- no ref
UVM_INFO apb_driver.sv(80) @ 2795: uvm_test_top.env_h.act_agent_h.drv_h [[DRV]] Entered ACCESS State
UVM_INFO apb_score_board.sv(48) @ 2800: uvm_test_top.env_h.sb_h [[SB]] [ACTIVE] paddr=0xac pwrite=0 pwdata=0xd3990396 prdata=0x0 pslverr=0
UVM_INFO apb_score_board.sv(58) @ 2800: uvm_test_top.env_h.sb_h [[SB]] [PASSIVE] paddr=0xac pwrite=0 pwdata=0xd3990396 prdata=0x0 pslverr=0
UVM_WARNING apb_score_board.sv(147) @ 2800: uvm_test_top.env_h.sb_h [[SB]] [2800] READ from uninitialised addr 0xac --- no ref
UVM_INFO apb_driver.sv(108) @ 2825: uvm_test_top.env_h.act_agent_h.drv_h [[DRV]] Pready occured at wait_count=2 172 3550020502
UVM_INFO apb_score_board.sv(48) @ 2830: uvm_test_top.env_h.sb_h [[SB]] [ACTIVE] paddr=0xac pwrite=0 pwdata=0xd3990396 prdata=0xac pslverr=0
UVM_INFO apb_active_monitor.sv(69) @ 2830: uvm_test_top.env_h.act_agent_h.act_mon_h [[ACTIVE_MON]]  Transaction sent to scoreboard
UVM_INFO apb_score_board.sv(58) @ 2830: uvm_test_top.env_h.sb_h [[SB]] [PASSIVE] paddr=0xac pwrite=0 pwdata=0xd3990396 prdata=0xac pslverr=0
UVM_WARNING apb_score_board.sv(147) @ 2830: uvm_test_top.env_h.sb_h [[SB]] [2830] READ from uninitialised addr 0xac --- no ref
UVM_INFO apb_passive_monitor.sv(69) @ 2830: uvm_test_top.env_h.pas_agent_h.pas_mon_h [[PASSIVE_MON]]  Transaction sent to scoreboard
UVM_INFO apb_driver.sv(112) @ 2835: uvm_test_top.env_h.act_agent_h.drv_h [[DRV]] Transaction completed
UVM_INFO apb_driver.sv(121) @ 2835: uvm_test_top.env_h.act_agent_h.drv_h [[abc1]] Transaction completed
UVM_INFO apb_driver.sv(122) @ 2835: uvm_test_top.env_h.act_agent_h.drv_h [[abc1]]  0
UVM_INFO apb_read_seq.sv(29) @ 2845: uvm_test_top.env_h.act_agent_h.seqr_h@@read_h [apb_read_seq] Dispalying From apb_read_seq=----------------------------------------------------------------------------------------------------
Name                           Type               Size  Value                                       
----------------------------------------------------------------------------------------------------
seq_h                          apb_sequence_item  -     @7950                                       
  psel                         integral           1     'h0                                         
  continuous_psel              integral           1     'h0                                         
  penable                      integral           1     'h0                                         
  pready                       integral           1     'h0                                         
  paddr                        integral           32    'h27                                        
  pwrite                       integral           1     'h0                                         
  prdata                       integral           32    'h0                                         
  pwdata                       integral           32    'hba8d4e98                                  
  pslverr                      integral           1     'h0                                         
  apb_state                    apb_state_e        2     ""                                          
  begin_time                   time               64    2845                                        
  depth                        int                32    'd2                                         
  parent sequence (name)       string             6     read_h                                      
  parent sequence (full name)  string             44    uvm_test_top.env_h.act_agent_h.seqr_h.read_h
  sequencer                    string             37    uvm_test_top.env_h.act_agent_h.seqr_h       
----------------------------------------------------------------------------------------------------

UVM_INFO apb_driver.sv(48) @ 2845: uvm_test_top.env_h.act_agent_h.drv_h [DRIVER] Displaying from apb_driver=----------------------------------------------------------------------------------------------------
Name                           Type               Size  Value                                       
----------------------------------------------------------------------------------------------------
seq_h                          apb_sequence_item  -     @7950                                       
  psel                         integral           1     'h0                                         
  continuous_psel              integral           1     'h0                                         
  penable                      integral           1     'h0                                         
  pready                       integral           1     'h0                                         
  paddr                        integral           32    'h27                                        
  pwrite                       integral           1     'h0                                         
  prdata                       integral           32    'h0                                         
  pwdata                       integral           32    'hba8d4e98                                  
  pslverr                      integral           1     'h0                                         
  apb_state                    apb_state_e        2     ""                                          
  begin_time                   time               64    2845                                        
  depth                        int                32    'd2                                         
  parent sequence (name)       string             6     read_h                                      
  parent sequence (full name)  string             44    uvm_test_top.env_h.act_agent_h.seqr_h.read_h
  sequencer                    string             37    uvm_test_top.env_h.act_agent_h.seqr_h       
----------------------------------------------------------------------------------------------------

UVM_INFO apb_driver.sv(61) @ 2845: uvm_test_top.env_h.act_agent_h.drv_h [[DRV]] Entered SETUP State
UVM_INFO apb_score_board.sv(48) @ 2850: uvm_test_top.env_h.sb_h [[SB]] [ACTIVE] paddr=0x0 pwrite=0 pwdata=0x0 prdata=0x0 pslverr=0
UVM_INFO apb_active_monitor.sv(44) @ 2850: uvm_test_top.env_h.act_agent_h.act_mon_h [[ACTIVE_MON]] setup detected:::::- ------------------------------------------------------
Name               Type               Size  Value     
------------------------------------------------------
seq_h              apb_sequence_item  -     @7964     
  psel             integral           1     'h1       
  continuous_psel  integral           1     'h0       
  penable          integral           1     'h0       
  pready           integral           1     'h1       
  paddr            integral           32    'h27      
  pwrite           integral           1     'h0       
  prdata           integral           32    'h0       
  pwdata           integral           32    'hba8d4e98
  pslverr          integral           1     'h0       
  apb_state        apb_state_e        2     IDLE      
------------------------------------------------------

UVM_INFO apb_score_board.sv(48) @ 2850: uvm_test_top.env_h.sb_h [[SB]] [ACTIVE] paddr=0x27 pwrite=0 pwdata=0xba8d4e98 prdata=0x0 pslverr=0
UVM_INFO apb_score_board.sv(58) @ 2850: uvm_test_top.env_h.sb_h [[SB]] [PASSIVE] paddr=0x0 pwrite=0 pwdata=0x0 prdata=0x0 pslverr=0
UVM_WARNING apb_score_board.sv(147) @ 2850: uvm_test_top.env_h.sb_h [[SB]] [2850] READ from uninitialised addr 0x0 --- no ref
UVM_INFO apb_passive_monitor.sv(44) @ 2850: uvm_test_top.env_h.pas_agent_h.pas_mon_h [[PASSIVE_MON]] setup detected:::::- ------------------------------------------------------
Name               Type               Size  Value     
------------------------------------------------------
seq_h              apb_sequence_item  -     @7990     
  psel             integral           1     'h1       
  continuous_psel  integral           1     'h0       
  penable          integral           1     'h0       
  pready           integral           1     'h1       
  paddr            integral           32    'h27      
  pwrite           integral           1     'h0       
  prdata           integral           32    'h0       
  pwdata           integral           32    'hba8d4e98
  pslverr          integral           1     'h0       
  apb_state        apb_state_e        2     IDLE      
------------------------------------------------------

UVM_INFO apb_score_board.sv(58) @ 2850: uvm_test_top.env_h.sb_h [[SB]] [PASSIVE] paddr=0x27 pwrite=0 pwdata=0xba8d4e98 prdata=0x0 pslverr=0
UVM_WARNING apb_score_board.sv(147) @ 2850: uvm_test_top.env_h.sb_h [[SB]] [2850] READ from uninitialised addr 0x27 --- no ref
UVM_INFO apb_driver.sv(80) @ 2855: uvm_test_top.env_h.act_agent_h.drv_h [[DRV]] Entered ACCESS State
UVM_INFO apb_score_board.sv(48) @ 2860: uvm_test_top.env_h.sb_h [[SB]] [ACTIVE] paddr=0x27 pwrite=0 pwdata=0xba8d4e98 prdata=0x0 pslverr=0
UVM_INFO apb_score_board.sv(58) @ 2860: uvm_test_top.env_h.sb_h [[SB]] [PASSIVE] paddr=0x27 pwrite=0 pwdata=0xba8d4e98 prdata=0x0 pslverr=0
UVM_WARNING apb_score_board.sv(147) @ 2860: uvm_test_top.env_h.sb_h [[SB]] [2860] READ from uninitialised addr 0x27 --- no ref
UVM_INFO apb_driver.sv(108) @ 2895: uvm_test_top.env_h.act_agent_h.drv_h [[DRV]] Pready occured at wait_count=3 39 3129822872
UVM_INFO apb_score_board.sv(48) @ 2900: uvm_test_top.env_h.sb_h [[SB]] [ACTIVE] paddr=0x27 pwrite=0 pwdata=0xba8d4e98 prdata=0x27 pslverr=0
UVM_INFO apb_active_monitor.sv(69) @ 2900: uvm_test_top.env_h.act_agent_h.act_mon_h [[ACTIVE_MON]]  Transaction sent to scoreboard
UVM_INFO apb_score_board.sv(58) @ 2900: uvm_test_top.env_h.sb_h [[SB]] [PASSIVE] paddr=0x27 pwrite=0 pwdata=0xba8d4e98 prdata=0x27 pslverr=0
UVM_WARNING apb_score_board.sv(147) @ 2900: uvm_test_top.env_h.sb_h [[SB]] [2900] READ from uninitialised addr 0x27 --- no ref
UVM_INFO apb_passive_monitor.sv(69) @ 2900: uvm_test_top.env_h.pas_agent_h.pas_mon_h [[PASSIVE_MON]]  Transaction sent to scoreboard
UVM_INFO apb_driver.sv(112) @ 2905: uvm_test_top.env_h.act_agent_h.drv_h [[DRV]] Transaction completed
UVM_INFO apb_driver.sv(121) @ 2905: uvm_test_top.env_h.act_agent_h.drv_h [[abc1]] Transaction completed
UVM_INFO apb_driver.sv(122) @ 2905: uvm_test_top.env_h.act_agent_h.drv_h [[abc1]]  0
UVM_ERROR @ 2905: uvm_test_top.env_h.act_agent_h.seqr_h@@read_h [uvm_test_top.env_h.act_agent_h.seqr_h.read_h] Response queue overflow, response was dropped
UVM_INFO apb_read_seq.sv(29) @ 2915: uvm_test_top.env_h.act_agent_h.seqr_h@@read_h [apb_read_seq] Dispalying From apb_read_seq=----------------------------------------------------------------------------------------------------
Name                           Type               Size  Value                                       
----------------------------------------------------------------------------------------------------
seq_h                          apb_sequence_item  -     @8080                                       
  psel                         integral           1     'h0                                         
  continuous_psel              integral           1     'h0                                         
  penable                      integral           1     'h0                                         
  pready                       integral           1     'h0                                         
  paddr                        integral           32    'h5f                                        
  pwrite                       integral           1     'h0                                         
  prdata                       integral           32    'h0                                         
  pwdata                       integral           32    'hb1162856                                  
  pslverr                      integral           1     'h0                                         
  apb_state                    apb_state_e        2     ""                                          
  begin_time                   time               64    2915                                        
  depth                        int                32    'd2                                         
  parent sequence (name)       string             6     read_h                                      
  parent sequence (full name)  string             44    uvm_test_top.env_h.act_agent_h.seqr_h.read_h
  sequencer                    string             37    uvm_test_top.env_h.act_agent_h.seqr_h       
----------------------------------------------------------------------------------------------------

UVM_INFO apb_driver.sv(48) @ 2915: uvm_test_top.env_h.act_agent_h.drv_h [DRIVER] Displaying from apb_driver=----------------------------------------------------------------------------------------------------
Name                           Type               Size  Value                                       
----------------------------------------------------------------------------------------------------
seq_h                          apb_sequence_item  -     @8080                                       
  psel                         integral           1     'h0                                         
  continuous_psel              integral           1     'h0                                         
  penable                      integral           1     'h0                                         
  pready                       integral           1     'h0                                         
  paddr                        integral           32    'h5f                                        
  pwrite                       integral           1     'h0                                         
  prdata                       integral           32    'h0                                         
  pwdata                       integral           32    'hb1162856                                  
  pslverr                      integral           1     'h0                                         
  apb_state                    apb_state_e        2     ""                                          
  begin_time                   time               64    2915                                        
  depth                        int                32    'd2                                         
  parent sequence (name)       string             6     read_h                                      
  parent sequence (full name)  string             44    uvm_test_top.env_h.act_agent_h.seqr_h.read_h
  sequencer                    string             37    uvm_test_top.env_h.act_agent_h.seqr_h       
----------------------------------------------------------------------------------------------------

UVM_INFO apb_driver.sv(61) @ 2915: uvm_test_top.env_h.act_agent_h.drv_h [[DRV]] Entered SETUP State
UVM_INFO apb_score_board.sv(48) @ 2920: uvm_test_top.env_h.sb_h [[SB]] [ACTIVE] paddr=0x0 pwrite=0 pwdata=0x0 prdata=0x0 pslverr=0
UVM_INFO apb_active_monitor.sv(44) @ 2920: uvm_test_top.env_h.act_agent_h.act_mon_h [[ACTIVE_MON]] setup detected:::::- ------------------------------------------------------
Name               Type               Size  Value     
------------------------------------------------------
seq_h              apb_sequence_item  -     @8094     
  psel             integral           1     'h1       
  continuous_psel  integral           1     'h0       
  penable          integral           1     'h0       
  pready           integral           1     'h1       
  paddr            integral           32    'h5f      
  pwrite           integral           1     'h0       
  prdata           integral           32    'h0       
  pwdata           integral           32    'hb1162856
  pslverr          integral           1     'h0       
  apb_state        apb_state_e        2     IDLE      
------------------------------------------------------

UVM_INFO apb_score_board.sv(48) @ 2920: uvm_test_top.env_h.sb_h [[SB]] [ACTIVE] paddr=0x5f pwrite=0 pwdata=0xb1162856 prdata=0x0 pslverr=0
UVM_INFO apb_score_board.sv(58) @ 2920: uvm_test_top.env_h.sb_h [[SB]] [PASSIVE] paddr=0x0 pwrite=0 pwdata=0x0 prdata=0x0 pslverr=0
UVM_WARNING apb_score_board.sv(147) @ 2920: uvm_test_top.env_h.sb_h [[SB]] [2920] READ from uninitialised addr 0x0 --- no ref
UVM_INFO apb_passive_monitor.sv(44) @ 2920: uvm_test_top.env_h.pas_agent_h.pas_mon_h [[PASSIVE_MON]] setup detected:::::- ------------------------------------------------------
Name               Type               Size  Value     
------------------------------------------------------
seq_h              apb_sequence_item  -     @8120     
  psel             integral           1     'h1       
  continuous_psel  integral           1     'h0       
  penable          integral           1     'h0       
  pready           integral           1     'h1       
  paddr            integral           32    'h5f      
  pwrite           integral           1     'h0       
  prdata           integral           32    'h0       
  pwdata           integral           32    'hb1162856
  pslverr          integral           1     'h0       
  apb_state        apb_state_e        2     IDLE      
------------------------------------------------------

UVM_INFO apb_score_board.sv(58) @ 2920: uvm_test_top.env_h.sb_h [[SB]] [PASSIVE] paddr=0x5f pwrite=0 pwdata=0xb1162856 prdata=0x0 pslverr=0
UVM_WARNING apb_score_board.sv(147) @ 2920: uvm_test_top.env_h.sb_h [[SB]] [2920] READ from uninitialised addr 0x5f --- no ref
UVM_INFO apb_driver.sv(80) @ 2925: uvm_test_top.env_h.act_agent_h.drv_h [[DRV]] Entered ACCESS State
UVM_INFO apb_score_board.sv(48) @ 2930: uvm_test_top.env_h.sb_h [[SB]] [ACTIVE] paddr=0x5f pwrite=0 pwdata=0xb1162856 prdata=0x0 pslverr=0
UVM_INFO apb_score_board.sv(58) @ 2930: uvm_test_top.env_h.sb_h [[SB]] [PASSIVE] paddr=0x5f pwrite=0 pwdata=0xb1162856 prdata=0x0 pslverr=0
UVM_WARNING apb_score_board.sv(147) @ 2930: uvm_test_top.env_h.sb_h [[SB]] [2930] READ from uninitialised addr 0x5f --- no ref
UVM_INFO apb_driver.sv(108) @ 2945: uvm_test_top.env_h.act_agent_h.drv_h [[DRV]] Pready occured at wait_count=1 95 2971019350
UVM_INFO apb_score_board.sv(48) @ 2950: uvm_test_top.env_h.sb_h [[SB]] [ACTIVE] paddr=0x5f pwrite=0 pwdata=0xb1162856 prdata=0x5f pslverr=0
UVM_INFO apb_active_monitor.sv(69) @ 2950: uvm_test_top.env_h.act_agent_h.act_mon_h [[ACTIVE_MON]]  Transaction sent to scoreboard
UVM_INFO apb_score_board.sv(58) @ 2950: uvm_test_top.env_h.sb_h [[SB]] [PASSIVE] paddr=0x5f pwrite=0 pwdata=0xb1162856 prdata=0x5f pslverr=0
UVM_WARNING apb_score_board.sv(147) @ 2950: uvm_test_top.env_h.sb_h [[SB]] [2950] READ from uninitialised addr 0x5f --- no ref
UVM_INFO apb_passive_monitor.sv(69) @ 2950: uvm_test_top.env_h.pas_agent_h.pas_mon_h [[PASSIVE_MON]]  Transaction sent to scoreboard
UVM_INFO apb_driver.sv(112) @ 2955: uvm_test_top.env_h.act_agent_h.drv_h [[DRV]] Transaction completed
UVM_INFO apb_driver.sv(121) @ 2955: uvm_test_top.env_h.act_agent_h.drv_h [[abc1]] Transaction completed
UVM_INFO apb_driver.sv(122) @ 2955: uvm_test_top.env_h.act_agent_h.drv_h [[abc1]]  0
UVM_ERROR @ 2955: uvm_test_top.env_h.act_agent_h.seqr_h@@read_h [uvm_test_top.env_h.act_agent_h.seqr_h.read_h] Response queue overflow, response was dropped
UVM_INFO /app/synopsys/installers/vcs/W-2024.09//etc/uvm-1.2/base/uvm_objection.svh(1276) @ 2955: reporter [TEST_DONE] 'run' phase is ready to proceed to the 'extract' phase
UVM_INFO apb_score_board.sv(184) @ 2955: uvm_test_top.env_h.sb_h [SB] ------------------------------
UVM_INFO apb_score_board.sv(185) @ 2955: uvm_test_top.env_h.sb_h [SB]      SCOREBOARD SUMMARY      
UVM_INFO apb_score_board.sv(186) @ 2955: uvm_test_top.env_h.sb_h [SB] ------------------------------
UVM_INFO apb_score_board.sv(187) @ 2955: uvm_test_top.env_h.sb_h [SB]  TOTAL :230
UVM_INFO apb_score_board.sv(188) @ 2955: uvm_test_top.env_h.sb_h [SB]  PASS :80
UVM_INFO apb_score_board.sv(189) @ 2955: uvm_test_top.env_h.sb_h [SB]  FAIL :118
UVM_INFO apb_score_board.sv(190) @ 2955: uvm_test_top.env_h.sb_h [SB] ------------------------------
UVM_ERROR apb_score_board.sv(195) @ 2955: uvm_test_top.env_h.sb_h [[SB]]  RESULT:** TEST FAILED **
UVM_INFO apb_score_board.sv(196) @ 2955: uvm_test_top.env_h.sb_h [SB] ------------------------------
UVM_INFO /app/synopsys/installers/vcs/W-2024.09//etc/uvm-1.2/base/uvm_report_catcher.svh(705) @ 2955: reporter [UVM/REPORT/CATCHER] 
--- UVM Report catcher Summary ---


Number of demoted UVM_FATAL reports  :    0
Number of demoted UVM_ERROR reports  :    0
Number of demoted UVM_WARNING reports:    0
Number of caught UVM_FATAL reports   :    0
Number of caught UVM_ERROR reports   :    0
Number of caught UVM_WARNING reports :    0

UVM_INFO /app/synopsys/installers/vcs/W-2024.09//etc/uvm-1.2/base/uvm_report_server.svh(904) @ 2955: reporter [UVM/REPORT/SERVER] 
--- UVM Report Summary ---

** Report counts by severity
UVM_INFO : 1270
UVM_WARNING :  108
UVM_ERROR :   41
UVM_FATAL :    0
** Report counts by id
[DRIVER]    60
[DRV]     2
[RNTST]     1
[SB]     8
[TEST_DONE]     1
[UVM/RELNOTES]     1
[UVM/REPORT/CATCHER]     1
[[ACTIVE_MON]]   120
[[DRV]]   240
[[PASSIVE_AGNET]]     1
[[PASSIVE_MON]]   120
[[SB]]   659
[[abc1]]   110
[[abc]]     5
[apb_error_seq]    10
[apb_read_seq]    10
[apb_rw_seq]    20
[con_psel_seq]    10
[uvm_test_top.env_h.act_agent_h.seqr_h.con_psel_h]     2
[uvm_test_top.env_h.act_agent_h.seqr_h.error_h]     2
[uvm_test_top.env_h.act_agent_h.seqr_h.read_h]     2
[uvm_test_top.env_h.act_agent_h.seqr_h.rw_h]    12
[uvm_test_top.env_h.act_agent_h.seqr_h.write_h]     2
[w_seq]    20

$finish called from file "/app/synopsys/installers/vcs/W-2024.09//etc/uvm-1.2/base/uvm_root.svh", line 527.
$finish at simulation time                 2955

---------------------------------------------------------------------------
VCS Coverage Metrics: during simulation line, cond, FSM, tgl was monitored
---------------------------------------------------------------------------
           V C S   S i m u l a t i o n   R e p o r t 
Time: 2955
CPU Time:      0.430 seconds;       Data structure size:   0.6Mb
Wed May 13 15:36:08 2026
CPU time: 7.459 seconds to compile + .306 seconds to elab + .585 seconds to link + .467 seconds in simulation
